image,mask,dataset,class,split
BUSI/Dataset_BUSI_with_GT/malignant/malignant (36).png,BUSI/Dataset_BUSI_with_GT/malignant/malignant (36)_mask.png,BUSI,malignant,train
BUSI/Dataset_BUSI_with_GT/benign/benign (29).png,BUSI/Dataset_BUSI_with_GT/benign/benign (29)_mask.png,BUSI,benign,train
BUSI/Dataset_BUSI_with_GT/benign/benign (107).png,BUSI/Dataset_BUSI_with_GT/benign/benign (107)_mask.png,BUSI,benign,train
BUSI/Dataset_BUSI_with_GT/malignant/malignant (66).png,BUSI/Dataset_BUSI_with_GT/malignant/malignant (66)_mask.png,BUSI,malignant,train
BUSI/Dataset_BUSI_with_GT/benign/benign (369).png,BUSI/Dataset_BUSI_with_GT/benign/benign (369)_mask.png,BUSI,benign,train
BUSI/Dataset_BUSI_with_GT/benign/benign (419).png,BUSI/Dataset_BUSI_with_GT/benign/benign (419)_mask.png,BUSI,benign,train
BUSI/Dataset_BUSI_with_GT/malignant/malignant (86).png,BUSI/Dataset_BUSI_with_GT/malignant/malignant (86)_mask.png,BUSI,malignant,train
BUSI/Dataset_BUSI_with_GT/malignant/malignant (30).png,BUSI/Dataset_BUSI_with_GT/malignant/malignant (30)_mask.png,BUSI,malignant,train
BUSI/Dataset_BUSI_with_GT/benign/benign (175).png,BUSI/Dataset_BUSI_with_GT/benign/benign (175)_mask.png,BUSI,benign,train
BUSI/Dataset_BUSI_with_GT/benign/benign (366).png,BUSI/Dataset_BUSI_with_GT/benign/benign (366)_mask.png,BUSI,benign,train
BUSI/Dataset_BUSI_with_GT/malignant/malignant (137).png,BUSI/Dataset_BUSI_with_GT/malignant/malignant (137)_mask.png,BUSI,malignant,train
BUSI/Dataset_BUSI_with_GT/benign/benign (282).png,BUSI/Dataset_BUSI_with_GT/benign/benign (282)_mask.png,BUSI,benign,train
BUSI/Dataset_BUSI_with_GT/benign/benign (276).png,BUSI/Dataset_BUSI_with_GT/benign/benign (276)_mask.png,BUSI,benign,train
BUSI/Dataset_BUSI_with_GT/benign/benign (35).png,BUSI/Dataset_BUSI_with_GT/benign/benign (35)_mask.png,BUSI,benign,train
BUSI/Dataset_BUSI_with_GT/benign/benign (183).png,BUSI/Dataset_BUSI_with_GT/benign/benign (183)_mask.png,BUSI,benign,train
BUSI/Dataset_BUSI_with_GT/malignant/malignant (18).png,BUSI/Dataset_BUSI_with_GT/malignant/malignant (18)_mask.png,BUSI,malignant,train
BUSI/Dataset_BUSI_with_GT/malignant/malignant (190).png,BUSI/Dataset_BUSI_with_GT/malignant/malignant (190)_mask.png,BUSI,malignant,train
BUSI/Dataset_BUSI_with_GT/malignant/malignant (47).png,BUSI/Dataset_BUSI_with_GT/malignant/malignant (47)_mask.png,BUSI,malignant,train
BUSI/Dataset_BUSI_with_GT/benign/benign (124).png,BUSI/Dataset_BUSI_with_GT/benign/benign (124)_mask.png,BUSI,benign,train
BUSI/Dataset_BUSI_with_GT/benign/benign (265).png,BUSI/Dataset_BUSI_with_GT/benign/benign (265)_mask.png,BUSI,benign,train
BUSI/Dataset_BUSI_with_GT/malignant/malignant (73).png,BUSI/Dataset_BUSI_with_GT/malignant/malignant (73)_mask.png,BUSI,malignant,train
BUSI/Dataset_BUSI_with_GT/benign/benign (26).png,BUSI/Dataset_BUSI_with_GT/benign/benign (26)_mask.png,BUSI,benign,train
BUSI/Dataset_BUSI_with_GT/benign/benign (333).png,BUSI/Dataset_BUSI_with_GT/benign/benign (333)_mask.png,BUSI,benign,train
BUSI/Dataset_BUSI_with_GT/benign/benign (237).png,BUSI/Dataset_BUSI_with_GT/benign/benign (237)_mask.png,BUSI,benign,train
BUSI/Dataset_BUSI_with_GT/benign/benign (167).png,BUSI/Dataset_BUSI_with_GT/benign/benign (167)_mask.png,BUSI,benign,train
BUSI/Dataset_BUSI_with_GT/benign/benign (420).png,BUSI/Dataset_BUSI_with_GT/benign/benign (420)_mask.png,BUSI,benign,train
BUSI/Dataset_BUSI_with_GT/benign/benign (182).png,BUSI/Dataset_BUSI_with_GT/benign/benign (182)_mask.png,BUSI,benign,train
BUSI/Dataset_BUSI_with_GT/benign/benign (417).png,BUSI/Dataset_BUSI_with_GT/benign/benign (417)_mask.png,BUSI,benign,train
BUSI/Dataset_BUSI_with_GT/benign/benign (160).png,BUSI/Dataset_BUSI_with_GT/benign/benign (160)_mask.png,BUSI,benign,train
BUSI/Dataset_BUSI_with_GT/benign/benign (45).png,BUSI/Dataset_BUSI_with_GT/benign/benign (45)_mask.png,BUSI,benign,train
BUSI/Dataset_BUSI_with_GT/benign/benign (40).png,BUSI/Dataset_BUSI_with_GT/benign/benign (40)_mask.png,BUSI,benign,train
BUSI/Dataset_BUSI_with_GT/benign/benign (269).png,BUSI/Dataset_BUSI_with_GT/benign/benign (269)_mask.png,BUSI,benign,train
BUSI/Dataset_BUSI_with_GT/benign/benign (112).png,BUSI/Dataset_BUSI_with_GT/benign/benign (112)_mask.png,BUSI,benign,train
BUSI/Dataset_BUSI_with_GT/benign/benign (97).png,BUSI/Dataset_BUSI_with_GT/benign/benign (97)_mask.png,BUSI,benign,train
BUSI/Dataset_BUSI_with_GT/benign/benign (73).png,BUSI/Dataset_BUSI_with_GT/benign/benign (73)_mask.png,BUSI,benign,train
BUSI/Dataset_BUSI_with_GT/benign/benign (179).png,BUSI/Dataset_BUSI_with_GT/benign/benign (179)_mask.png,BUSI,benign,train
BUSI/Dataset_BUSI_with_GT/malignant/malignant (194).png,BUSI/Dataset_BUSI_with_GT/malignant/malignant (194)_mask.png,BUSI,malignant,train
BUSI/Dataset_BUSI_with_GT/benign/benign (204).png,BUSI/Dataset_BUSI_with_GT/benign/benign (204)_mask.png,BUSI,benign,train
BUSI/Dataset_BUSI_with_GT/malignant/malignant (117).png,BUSI/Dataset_BUSI_with_GT/malignant/malignant (117)_mask.png,BUSI,malignant,train
BUSI/Dataset_BUSI_with_GT/malignant/malignant (142).png,BUSI/Dataset_BUSI_with_GT/malignant/malignant (142)_mask.png,BUSI,malignant,train
BUSI/Dataset_BUSI_with_GT/benign/benign (129).png,BUSI/Dataset_BUSI_with_GT/benign/benign (129)_mask.png,BUSI,benign,train
BUSI/Dataset_BUSI_with_GT/benign/benign (1).png,BUSI/Dataset_BUSI_with_GT/benign/benign (1)_mask.png,BUSI,benign,train
BUSI/Dataset_BUSI_with_GT/malignant/malignant (92).png,BUSI/Dataset_BUSI_with_GT/malignant/malignant (92)_mask.png,BUSI,malignant,train
BUSI/Dataset_BUSI_with_GT/benign/benign (324).png,BUSI/Dataset_BUSI_with_GT/benign/benign (324)_mask.png,BUSI,benign,train
BUSI/Dataset_BUSI_with_GT/benign/benign (76).png,BUSI/Dataset_BUSI_with_GT/benign/benign (76)_mask.png,BUSI,benign,train
BUSI/Dataset_BUSI_with_GT/benign/benign (61).png,BUSI/Dataset_BUSI_with_GT/benign/benign (61)_mask.png,BUSI,benign,train
BUSI/Dataset_BUSI_with_GT/malignant/malignant (153).png,BUSI/Dataset_BUSI_with_GT/malignant/malignant (153)_mask.png,BUSI,malignant,train
BUSI/Dataset_BUSI_with_GT/benign/benign (39).png,BUSI/Dataset_BUSI_with_GT/benign/benign (39)_mask.png,BUSI,benign,train
BUSI/Dataset_BUSI_with_GT/benign/benign (119).png,BUSI/Dataset_BUSI_with_GT/benign/benign (119)_mask.png,BUSI,benign,train
BUSI/Dataset_BUSI_with_GT/benign/benign (154).png,BUSI/Dataset_BUSI_with_GT/benign/benign (154)_mask.png,BUSI,benign,train
BUSI/Dataset_BUSI_with_GT/benign/benign (203).png,BUSI/Dataset_BUSI_with_GT/benign/benign (203)_mask.png,BUSI,benign,train
BUSI/Dataset_BUSI_with_GT/malignant/malignant (113).png,BUSI/Dataset_BUSI_with_GT/malignant/malignant (113)_mask.png,BUSI,malignant,train
BUSI/Dataset_BUSI_with_GT/benign/benign (304).png,BUSI/Dataset_BUSI_with_GT/benign/benign (304)_mask.png,BUSI,benign,train
BUSI/Dataset_BUSI_with_GT/benign/benign (18).png,BUSI/Dataset_BUSI_with_GT/benign/benign (18)_mask.png,BUSI,benign,train
BUSI/Dataset_BUSI_with_GT/benign/benign (263).png,BUSI/Dataset_BUSI_with_GT/benign/benign (263)_mask.png,BUSI,benign,train
BUSI/Dataset_BUSI_with_GT/benign/benign (347).png,BUSI/Dataset_BUSI_with_GT/benign/benign (347)_mask.png,BUSI,benign,train
BUSI/Dataset_BUSI_with_GT/benign/benign (355).png,BUSI/Dataset_BUSI_with_GT/benign/benign (355)_mask.png,BUSI,benign,train
BUSI/Dataset_BUSI_with_GT/benign/benign (115).png,BUSI/Dataset_BUSI_with_GT/benign/benign (115)_mask.png,BUSI,benign,train
BUSI/Dataset_BUSI_with_GT/benign/benign (374).png,BUSI/Dataset_BUSI_with_GT/benign/benign (374)_mask.png,BUSI,benign,train
BUSI/Dataset_BUSI_with_GT/benign/benign (50).png,BUSI/Dataset_BUSI_with_GT/benign/benign (50)_mask.png,BUSI,benign,train
BUSI/Dataset_BUSI_with_GT/benign/benign (229).png,BUSI/Dataset_BUSI_with_GT/benign/benign (229)_mask.png,BUSI,benign,train
BUSI/Dataset_BUSI_with_GT/benign/benign (431).png,BUSI/Dataset_BUSI_with_GT/benign/benign (431)_mask.png,BUSI,benign,train
BUSI/Dataset_BUSI_with_GT/benign/benign (396).png,BUSI/Dataset_BUSI_with_GT/benign/benign (396)_mask.png,BUSI,benign,train
BUSI/Dataset_BUSI_with_GT/malignant/malignant (40).png,BUSI/Dataset_BUSI_with_GT/malignant/malignant (40)_mask.png,BUSI,malignant,train
BUSI/Dataset_BUSI_with_GT/benign/benign (93).png,BUSI/Dataset_BUSI_with_GT/benign/benign (93)_mask.png,BUSI,benign,train
BUSI/Dataset_BUSI_with_GT/benign/benign (7).png,BUSI/Dataset_BUSI_with_GT/benign/benign (7)_mask.png,BUSI,benign,train
BUSI/Dataset_BUSI_with_GT/benign/benign (140).png,BUSI/Dataset_BUSI_with_GT/benign/benign (140)_mask.png,BUSI,benign,train
BUSI/Dataset_BUSI_with_GT/benign/benign (334).png,BUSI/Dataset_BUSI_with_GT/benign/benign (334)_mask.png,BUSI,benign,train
BUSI/Dataset_BUSI_with_GT/benign/benign (275).png,BUSI/Dataset_BUSI_with_GT/benign/benign (275)_mask.png,BUSI,benign,train
BUSI/Dataset_BUSI_with_GT/malignant/malignant (99).png,BUSI/Dataset_BUSI_with_GT/malignant/malignant (99)_mask.png,BUSI,malignant,train
BUSI/Dataset_BUSI_with_GT/malignant/malignant (19).png,BUSI/Dataset_BUSI_with_GT/malignant/malignant (19)_mask.png,BUSI,malignant,train
BUSI/Dataset_BUSI_with_GT/benign/benign (196).png,BUSI/Dataset_BUSI_with_GT/benign/benign (196)_mask.png,BUSI,benign,train
BUSI/Dataset_BUSI_with_GT/malignant/malignant (39).png,BUSI/Dataset_BUSI_with_GT/malignant/malignant (39)_mask.png,BUSI,malignant,train
BUSI/Dataset_BUSI_with_GT/malignant/malignant (155).png,BUSI/Dataset_BUSI_with_GT/malignant/malignant (155)_mask.png,BUSI,malignant,train
BUSI/Dataset_BUSI_with_GT/benign/benign (403).png,BUSI/Dataset_BUSI_with_GT/benign/benign (403)_mask.png,BUSI,benign,train
BUSI/Dataset_BUSI_with_GT/malignant/malignant (169).png,BUSI/Dataset_BUSI_with_GT/malignant/malignant (169)_mask.png,BUSI,malignant,train
BUSI/Dataset_BUSI_with_GT/malignant/malignant (84).png,BUSI/Dataset_BUSI_with_GT/malignant/malignant (84)_mask.png,BUSI,malignant,train
BUSI/Dataset_BUSI_with_GT/malignant/malignant (34).png,BUSI/Dataset_BUSI_with_GT/malignant/malignant (34)_mask.png,BUSI,malignant,train
BUSI/Dataset_BUSI_with_GT/malignant/malignant (4).png,BUSI/Dataset_BUSI_with_GT/malignant/malignant (4)_mask.png,BUSI,malignant,train
BUSI/Dataset_BUSI_with_GT/malignant/malignant (14).png,BUSI/Dataset_BUSI_with_GT/malignant/malignant (14)_mask.png,BUSI,malignant,train
BUSI/Dataset_BUSI_with_GT/benign/benign (80).png,BUSI/Dataset_BUSI_with_GT/benign/benign (80)_mask.png,BUSI,benign,train
BUSI/Dataset_BUSI_with_GT/benign/benign (233).png,BUSI/Dataset_BUSI_with_GT/benign/benign (233)_mask.png,BUSI,benign,train
BUSI/Dataset_BUSI_with_GT/benign/benign (210).png,BUSI/Dataset_BUSI_with_GT/benign/benign (210)_mask.png,BUSI,benign,train
BUSI/Dataset_BUSI_with_GT/malignant/malignant (167).png,BUSI/Dataset_BUSI_with_GT/malignant/malignant (167)_mask.png,BUSI,malignant,train
BUSI/Dataset_BUSI_with_GT/malignant/malignant (206).png,BUSI/Dataset_BUSI_with_GT/malignant/malignant (206)_mask.png,BUSI,malignant,train
BUSI/Dataset_BUSI_with_GT/benign/benign (266).png,BUSI/Dataset_BUSI_with_GT/benign/benign (266)_mask.png,BUSI,benign,train
BUSI/Dataset_BUSI_with_GT/malignant/malignant (87).png,BUSI/Dataset_BUSI_with_GT/malignant/malignant (87)_mask.png,BUSI,malignant,train
BUSI/Dataset_BUSI_with_GT/malignant/malignant (108).png,BUSI/Dataset_BUSI_with_GT/malignant/malignant (108)_mask.png,BUSI,malignant,train
BUSI/Dataset_BUSI_with_GT/malignant/malignant (90).png,BUSI/Dataset_BUSI_with_GT/malignant/malignant (90)_mask.png,BUSI,malignant,train
BUSI/Dataset_BUSI_with_GT/malignant/malignant (52).png,BUSI/Dataset_BUSI_with_GT/malignant/malignant (52)_mask.png,BUSI,malignant,train
BUSI/Dataset_BUSI_with_GT/benign/benign (227).png,BUSI/Dataset_BUSI_with_GT/benign/benign (227)_mask.png,BUSI,benign,train
BUSI/Dataset_BUSI_with_GT/benign/benign (226).png,BUSI/Dataset_BUSI_with_GT/benign/benign (226)_mask.png,BUSI,benign,train
BUSI/Dataset_BUSI_with_GT/malignant/malignant (17).png,BUSI/Dataset_BUSI_with_GT/malignant/malignant (17)_mask.png,BUSI,malignant,train
BUSI/Dataset_BUSI_with_GT/benign/benign (116).png,BUSI/Dataset_BUSI_with_GT/benign/benign (116)_mask.png,BUSI,benign,train
BUSI/Dataset_BUSI_with_GT/benign/benign (254).png,BUSI/Dataset_BUSI_with_GT/benign/benign (254)_mask.png,BUSI,benign,train
BUSI/Dataset_BUSI_with_GT/malignant/malignant (177).png,BUSI/Dataset_BUSI_with_GT/malignant/malignant (177)_mask.png,BUSI,malignant,train
BUSI/Dataset_BUSI_with_GT/benign/benign (11).png,BUSI/Dataset_BUSI_with_GT/benign/benign (11)_mask.png,BUSI,benign,train
BUSI/Dataset_BUSI_with_GT/benign/benign (121).png,BUSI/Dataset_BUSI_with_GT/benign/benign (121)_mask.png,BUSI,benign,train
BUSI/Dataset_BUSI_with_GT/malignant/malignant (11).png,BUSI/Dataset_BUSI_with_GT/malignant/malignant (11)_mask.png,BUSI,malignant,train
BUSI/Dataset_BUSI_with_GT/benign/benign (251).png,BUSI/Dataset_BUSI_with_GT/benign/benign (251)_mask.png,BUSI,benign,train
BUSI/Dataset_BUSI_with_GT/benign/benign (79).png,BUSI/Dataset_BUSI_with_GT/benign/benign (79)_mask.png,BUSI,benign,train
BUSI/Dataset_BUSI_with_GT/benign/benign (418).png,BUSI/Dataset_BUSI_with_GT/benign/benign (418)_mask.png,BUSI,benign,train
BUSI/Dataset_BUSI_with_GT/benign/benign (32).png,BUSI/Dataset_BUSI_with_GT/benign/benign (32)_mask.png,BUSI,benign,train
BUSI/Dataset_BUSI_with_GT/malignant/malignant (200).png,BUSI/Dataset_BUSI_with_GT/malignant/malignant (200)_mask.png,BUSI,malignant,train
BUSI/Dataset_BUSI_with_GT/benign/benign (344).png,BUSI/Dataset_BUSI_with_GT/benign/benign (344)_mask.png,BUSI,benign,train
BUSI/Dataset_BUSI_with_GT/benign/benign (238).png,BUSI/Dataset_BUSI_with_GT/benign/benign (238)_mask.png,BUSI,benign,train
BUSI/Dataset_BUSI_with_GT/benign/benign (212).png,BUSI/Dataset_BUSI_with_GT/benign/benign (212)_mask.png,BUSI,benign,train
BUSI/Dataset_BUSI_with_GT/benign/benign (74).png,BUSI/Dataset_BUSI_with_GT/benign/benign (74)_mask.png,BUSI,benign,train
BUSI/Dataset_BUSI_with_GT/benign/benign (358).png,BUSI/Dataset_BUSI_with_GT/benign/benign (358)_mask.png,BUSI,benign,train
BUSI/Dataset_BUSI_with_GT/benign/benign (200).png,BUSI/Dataset_BUSI_with_GT/benign/benign (200)_mask.png,BUSI,benign,train
BUSI/Dataset_BUSI_with_GT/malignant/malignant (109).png,BUSI/Dataset_BUSI_with_GT/malignant/malignant (109)_mask.png,BUSI,malignant,train
BUSI/Dataset_BUSI_with_GT/benign/benign (255).png,BUSI/Dataset_BUSI_with_GT/benign/benign (255)_mask.png,BUSI,benign,train
BUSI/Dataset_BUSI_with_GT/benign/benign (150).png,BUSI/Dataset_BUSI_with_GT/benign/benign (150)_mask.png,BUSI,benign,train
BUSI/Dataset_BUSI_with_GT/benign/benign (64).png,BUSI/Dataset_BUSI_with_GT/benign/benign (64)_mask.png,BUSI,benign,train
BUSI/Dataset_BUSI_with_GT/benign/benign (3).png,BUSI/Dataset_BUSI_with_GT/benign/benign (3)_mask.png,BUSI,benign,train
BUSI/Dataset_BUSI_with_GT/benign/benign (351).png,BUSI/Dataset_BUSI_with_GT/benign/benign (351)_mask.png,BUSI,benign,train
BUSI/Dataset_BUSI_with_GT/benign/benign (114).png,BUSI/Dataset_BUSI_with_GT/benign/benign (114)_mask.png,BUSI,benign,train
BUSI/Dataset_BUSI_with_GT/benign/benign (42).png,BUSI/Dataset_BUSI_with_GT/benign/benign (42)_mask.png,BUSI,benign,train
BUSI/Dataset_BUSI_with_GT/benign/benign (329).png,BUSI/Dataset_BUSI_with_GT/benign/benign (329)_mask.png,BUSI,benign,train
BUSI/Dataset_BUSI_with_GT/benign/benign (426).png,BUSI/Dataset_BUSI_with_GT/benign/benign (426)_mask.png,BUSI,benign,train
BUSI/Dataset_BUSI_with_GT/malignant/malignant (74).png,BUSI/Dataset_BUSI_with_GT/malignant/malignant (74)_mask.png,BUSI,malignant,train
BUSI/Dataset_BUSI_with_GT/benign/benign (270).png,BUSI/Dataset_BUSI_with_GT/benign/benign (270)_mask.png,BUSI,benign,train
BUSI/Dataset_BUSI_with_GT/benign/benign (49).png,BUSI/Dataset_BUSI_with_GT/benign/benign (49)_mask.png,BUSI,benign,train
BUSI/Dataset_BUSI_with_GT/malignant/malignant (27).png,BUSI/Dataset_BUSI_with_GT/malignant/malignant (27)_mask.png,BUSI,malignant,train
BUSI/Dataset_BUSI_with_GT/benign/benign (393).png,BUSI/Dataset_BUSI_with_GT/benign/benign (393)_mask.png,BUSI,benign,train
BUSI/Dataset_BUSI_with_GT/benign/benign (184).png,BUSI/Dataset_BUSI_with_GT/benign/benign (184)_mask.png,BUSI,benign,train
BUSI/Dataset_BUSI_with_GT/benign/benign (261).png,BUSI/Dataset_BUSI_with_GT/benign/benign (261)_mask.png,BUSI,benign,train
BUSI/Dataset_BUSI_with_GT/benign/benign (370).png,BUSI/Dataset_BUSI_with_GT/benign/benign (370)_mask.png,BUSI,benign,train
BUSI/Dataset_BUSI_with_GT/malignant/malignant (101).png,BUSI/Dataset_BUSI_with_GT/malignant/malignant (101)_mask.png,BUSI,malignant,train
BUSI/Dataset_BUSI_with_GT/malignant/malignant (98).png,BUSI/Dataset_BUSI_with_GT/malignant/malignant (98)_mask.png,BUSI,malignant,train
BUSI/Dataset_BUSI_with_GT/malignant/malignant (203).png,BUSI/Dataset_BUSI_with_GT/malignant/malignant (203)_mask.png,BUSI,malignant,train
BUSI/Dataset_BUSI_with_GT/malignant/malignant (144).png,BUSI/Dataset_BUSI_with_GT/malignant/malignant (144)_mask.png,BUSI,malignant,train
BUSI/Dataset_BUSI_with_GT/benign/benign (103).png,BUSI/Dataset_BUSI_with_GT/benign/benign (103)_mask.png,BUSI,benign,train
BUSI/Dataset_BUSI_with_GT/benign/benign (14).png,BUSI/Dataset_BUSI_with_GT/benign/benign (14)_mask.png,BUSI,benign,train
BUSI/Dataset_BUSI_with_GT/malignant/malignant (202).png,BUSI/Dataset_BUSI_with_GT/malignant/malignant (202)_mask.png,BUSI,malignant,train
BUSI/Dataset_BUSI_with_GT/malignant/malignant (123).png,BUSI/Dataset_BUSI_with_GT/malignant/malignant (123)_mask.png,BUSI,malignant,train
BUSI/Dataset_BUSI_with_GT/malignant/malignant (50).png,BUSI/Dataset_BUSI_with_GT/malignant/malignant (50)_mask.png,BUSI,malignant,train
BUSI/Dataset_BUSI_with_GT/benign/benign (113).png,BUSI/Dataset_BUSI_with_GT/benign/benign (113)_mask.png,BUSI,benign,train
BUSI/Dataset_BUSI_with_GT/benign/benign (142).png,BUSI/Dataset_BUSI_with_GT/benign/benign (142)_mask.png,BUSI,benign,train
BUSI/Dataset_BUSI_with_GT/malignant/malignant (8).png,BUSI/Dataset_BUSI_with_GT/malignant/malignant (8)_mask.png,BUSI,malignant,train
BUSI/Dataset_BUSI_with_GT/malignant/malignant (48).png,BUSI/Dataset_BUSI_with_GT/malignant/malignant (48)_mask.png,BUSI,malignant,train
BUSI/Dataset_BUSI_with_GT/benign/benign (101).png,BUSI/Dataset_BUSI_with_GT/benign/benign (101)_mask.png,BUSI,benign,train
BUSI/Dataset_BUSI_with_GT/malignant/malignant (42).png,BUSI/Dataset_BUSI_with_GT/malignant/malignant (42)_mask.png,BUSI,malignant,train
BUSI/Dataset_BUSI_with_GT/benign/benign (77).png,BUSI/Dataset_BUSI_with_GT/benign/benign (77)_mask.png,BUSI,benign,train
BUSI/Dataset_BUSI_with_GT/benign/benign (384).png,BUSI/Dataset_BUSI_with_GT/benign/benign (384)_mask.png,BUSI,benign,train
BUSI/Dataset_BUSI_with_GT/benign/benign (354).png,BUSI/Dataset_BUSI_with_GT/benign/benign (354)_mask.png,BUSI,benign,train
BUSI/Dataset_BUSI_with_GT/benign/benign (95).png,BUSI/Dataset_BUSI_with_GT/benign/benign (95)_mask.png,BUSI,benign,train
BUSI/Dataset_BUSI_with_GT/benign/benign (356).png,BUSI/Dataset_BUSI_with_GT/benign/benign (356)_mask.png,BUSI,benign,train
BUSI/Dataset_BUSI_with_GT/benign/benign (423).png,BUSI/Dataset_BUSI_with_GT/benign/benign (423)_mask.png,BUSI,benign,train
BUSI/Dataset_BUSI_with_GT/benign/benign (301).png,BUSI/Dataset_BUSI_with_GT/benign/benign (301)_mask.png,BUSI,benign,train
BUSI/Dataset_BUSI_with_GT/benign/benign (122).png,BUSI/Dataset_BUSI_with_GT/benign/benign (122)_mask.png,BUSI,benign,train
BUSI/Dataset_BUSI_with_GT/malignant/malignant (49).png,BUSI/Dataset_BUSI_with_GT/malignant/malignant (49)_mask.png,BUSI,malignant,train
BUSI/Dataset_BUSI_with_GT/benign/benign (336).png,BUSI/Dataset_BUSI_with_GT/benign/benign (336)_mask.png,BUSI,benign,train
BUSI/Dataset_BUSI_with_GT/benign/benign (144).png,BUSI/Dataset_BUSI_with_GT/benign/benign (144)_mask.png,BUSI,benign,train
BUSI/Dataset_BUSI_with_GT/benign/benign (305).png,BUSI/Dataset_BUSI_with_GT/benign/benign (305)_mask.png,BUSI,benign,train
BUSI/Dataset_BUSI_with_GT/benign/benign (132).png,BUSI/Dataset_BUSI_with_GT/benign/benign (132)_mask.png,BUSI,benign,train
BUSI/Dataset_BUSI_with_GT/benign/benign (240).png,BUSI/Dataset_BUSI_with_GT/benign/benign (240)_mask.png,BUSI,benign,train
BUSI/Dataset_BUSI_with_GT/benign/benign (312).png,BUSI/Dataset_BUSI_with_GT/benign/benign (312)_mask.png,BUSI,benign,train
BUSI/Dataset_BUSI_with_GT/malignant/malignant (75).png,BUSI/Dataset_BUSI_with_GT/malignant/malignant (75)_mask.png,BUSI,malignant,train
BUSI/Dataset_BUSI_with_GT/benign/benign (257).png,BUSI/Dataset_BUSI_with_GT/benign/benign (257)_mask.png,BUSI,benign,train
BUSI/Dataset_BUSI_with_GT/malignant/malignant (195).png,BUSI/Dataset_BUSI_with_GT/malignant/malignant (195)_mask.png,BUSI,malignant,train
BUSI/Dataset_BUSI_with_GT/malignant/malignant (110).png,BUSI/Dataset_BUSI_with_GT/malignant/malignant (110)_mask.png,BUSI,malignant,train
BUSI/Dataset_BUSI_with_GT/benign/benign (274).png,BUSI/Dataset_BUSI_with_GT/benign/benign (274)_mask.png,BUSI,benign,train
BUSI/Dataset_BUSI_with_GT/malignant/malignant (197).png,BUSI/Dataset_BUSI_with_GT/malignant/malignant (197)_mask.png,BUSI,malignant,train
BUSI/Dataset_BUSI_with_GT/benign/benign (55).png,BUSI/Dataset_BUSI_with_GT/benign/benign (55)_mask.png,BUSI,benign,train
BUSI/Dataset_BUSI_with_GT/malignant/malignant (79).png,BUSI/Dataset_BUSI_with_GT/malignant/malignant (79)_mask.png,BUSI,malignant,train
BUSI/Dataset_BUSI_with_GT/malignant/malignant (201).png,BUSI/Dataset_BUSI_with_GT/malignant/malignant (201)_mask.png,BUSI,malignant,train
BUSI/Dataset_BUSI_with_GT/benign/benign (16).png,BUSI/Dataset_BUSI_with_GT/benign/benign (16)_mask.png,BUSI,benign,train
BUSI/Dataset_BUSI_with_GT/benign/benign (5).png,BUSI/Dataset_BUSI_with_GT/benign/benign (5)_mask.png,BUSI,benign,train
BUSI/Dataset_BUSI_with_GT/benign/benign (250).png,BUSI/Dataset_BUSI_with_GT/benign/benign (250)_mask.png,BUSI,benign,train
BUSI/Dataset_BUSI_with_GT/malignant/malignant (44).png,BUSI/Dataset_BUSI_with_GT/malignant/malignant (44)_mask.png,BUSI,malignant,train
BUSI/Dataset_BUSI_with_GT/benign/benign (245).png,BUSI/Dataset_BUSI_with_GT/benign/benign (245)_mask.png,BUSI,benign,train
BUSI/Dataset_BUSI_with_GT/benign/benign (378).png,BUSI/Dataset_BUSI_with_GT/benign/benign (378)_mask.png,BUSI,benign,train
BUSI/Dataset_BUSI_with_GT/benign/benign (273).png,BUSI/Dataset_BUSI_with_GT/benign/benign (273)_mask.png,BUSI,benign,train
BUSI/Dataset_BUSI_with_GT/malignant/malignant (81).png,BUSI/Dataset_BUSI_with_GT/malignant/malignant (81)_mask.png,BUSI,malignant,train
BUSI/Dataset_BUSI_with_GT/benign/benign (428).png,BUSI/Dataset_BUSI_with_GT/benign/benign (428)_mask.png,BUSI,benign,train
BUSI/Dataset_BUSI_with_GT/malignant/malignant (5).png,BUSI/Dataset_BUSI_with_GT/malignant/malignant (5)_mask.png,BUSI,malignant,train
BUSI/Dataset_BUSI_with_GT/benign/benign (236).png,BUSI/Dataset_BUSI_with_GT/benign/benign (236)_mask.png,BUSI,benign,train
BUSI/Dataset_BUSI_with_GT/benign/benign (57).png,BUSI/Dataset_BUSI_with_GT/benign/benign (57)_mask.png,BUSI,benign,train
BUSI/Dataset_BUSI_with_GT/benign/benign (86).png,BUSI/Dataset_BUSI_with_GT/benign/benign (86)_mask.png,BUSI,benign,train
BUSI/Dataset_BUSI_with_GT/benign/benign (302).png,BUSI/Dataset_BUSI_with_GT/benign/benign (302)_mask.png,BUSI,benign,train
BUSI/Dataset_BUSI_with_GT/benign/benign (62).png,BUSI/Dataset_BUSI_with_GT/benign/benign (62)_mask.png,BUSI,benign,train
BUSI/Dataset_BUSI_with_GT/malignant/malignant (172).png,BUSI/Dataset_BUSI_with_GT/malignant/malignant (172)_mask.png,BUSI,malignant,train
BUSI/Dataset_BUSI_with_GT/benign/benign (192).png,BUSI/Dataset_BUSI_with_GT/benign/benign (192)_mask.png,BUSI,benign,train
BUSI/Dataset_BUSI_with_GT/malignant/malignant (126).png,BUSI/Dataset_BUSI_with_GT/malignant/malignant (126)_mask.png,BUSI,malignant,train
BUSI/Dataset_BUSI_with_GT/benign/benign (166).png,BUSI/Dataset_BUSI_with_GT/benign/benign (166)_mask.png,BUSI,benign,train
BUSI/Dataset_BUSI_with_GT/malignant/malignant (170).png,BUSI/Dataset_BUSI_with_GT/malignant/malignant (170)_mask.png,BUSI,malignant,train
BUSI/Dataset_BUSI_with_GT/malignant/malignant (78).png,BUSI/Dataset_BUSI_with_GT/malignant/malignant (78)_mask.png,BUSI,malignant,train
BUSI/Dataset_BUSI_with_GT/benign/benign (206).png,BUSI/Dataset_BUSI_with_GT/benign/benign (206)_mask.png,BUSI,benign,train
BUSI/Dataset_BUSI_with_GT/malignant/malignant (122).png,BUSI/Dataset_BUSI_with_GT/malignant/malignant (122)_mask.png,BUSI,malignant,train
BUSI/Dataset_BUSI_with_GT/malignant/malignant (147).png,BUSI/Dataset_BUSI_with_GT/malignant/malignant (147)_mask.png,BUSI,malignant,train
BUSI/Dataset_BUSI_with_GT/malignant/malignant (64).png,BUSI/Dataset_BUSI_with_GT/malignant/malignant (64)_mask.png,BUSI,malignant,train
BUSI/Dataset_BUSI_with_GT/benign/benign (286).png,BUSI/Dataset_BUSI_with_GT/benign/benign (286)_mask.png,BUSI,benign,train
BUSI/Dataset_BUSI_with_GT/malignant/malignant (187).png,BUSI/Dataset_BUSI_with_GT/malignant/malignant (187)_mask.png,BUSI,malignant,train
BUSI/Dataset_BUSI_with_GT/benign/benign (84).png,BUSI/Dataset_BUSI_with_GT/benign/benign (84)_mask.png,BUSI,benign,train
BUSI/Dataset_BUSI_with_GT/benign/benign (72).png,BUSI/Dataset_BUSI_with_GT/benign/benign (72)_mask.png,BUSI,benign,train
BUSI/Dataset_BUSI_with_GT/malignant/malignant (140).png,BUSI/Dataset_BUSI_with_GT/malignant/malignant (140)_mask.png,BUSI,malignant,train
BUSI/Dataset_BUSI_with_GT/benign/benign (106).png,BUSI/Dataset_BUSI_with_GT/benign/benign (106)_mask.png,BUSI,benign,train
BUSI/Dataset_BUSI_with_GT/malignant/malignant (112).png,BUSI/Dataset_BUSI_with_GT/malignant/malignant (112)_mask.png,BUSI,malignant,train
BUSI/Dataset_BUSI_with_GT/benign/benign (131).png,BUSI/Dataset_BUSI_with_GT/benign/benign (131)_mask.png,BUSI,benign,train
BUSI/Dataset_BUSI_with_GT/benign/benign (224).png,BUSI/Dataset_BUSI_with_GT/benign/benign (224)_mask.png,BUSI,benign,train
BUSI/Dataset_BUSI_with_GT/benign/benign (327).png,BUSI/Dataset_BUSI_with_GT/benign/benign (327)_mask.png,BUSI,benign,train
BUSI/Dataset_BUSI_with_GT/benign/benign (372).png,BUSI/Dataset_BUSI_with_GT/benign/benign (372)_mask.png,BUSI,benign,train
BUSI/Dataset_BUSI_with_GT/malignant/malignant (77).png,BUSI/Dataset_BUSI_with_GT/malignant/malignant (77)_mask.png,BUSI,malignant,train
BUSI/Dataset_BUSI_with_GT/malignant/malignant (91).png,BUSI/Dataset_BUSI_with_GT/malignant/malignant (91)_mask.png,BUSI,malignant,train
BUSI/Dataset_BUSI_with_GT/benign/benign (430).png,BUSI/Dataset_BUSI_with_GT/benign/benign (430)_mask.png,BUSI,benign,train
BUSI/Dataset_BUSI_with_GT/benign/benign (152).png,BUSI/Dataset_BUSI_with_GT/benign/benign (152)_mask.png,BUSI,benign,train
BUSI/Dataset_BUSI_with_GT/benign/benign (2).png,BUSI/Dataset_BUSI_with_GT/benign/benign (2)_mask.png,BUSI,benign,train
BUSI/Dataset_BUSI_with_GT/benign/benign (85).png,BUSI/Dataset_BUSI_with_GT/benign/benign (85)_mask.png,BUSI,benign,train
BUSI/Dataset_BUSI_with_GT/benign/benign (96).png,BUSI/Dataset_BUSI_with_GT/benign/benign (96)_mask.png,BUSI,benign,train
BUSI/Dataset_BUSI_with_GT/benign/benign (88).png,BUSI/Dataset_BUSI_with_GT/benign/benign (88)_mask.png,BUSI,benign,train
BUSI/Dataset_BUSI_with_GT/benign/benign (335).png,BUSI/Dataset_BUSI_with_GT/benign/benign (335)_mask.png,BUSI,benign,train
BUSI/Dataset_BUSI_with_GT/malignant/malignant (191).png,BUSI/Dataset_BUSI_with_GT/malignant/malignant (191)_mask.png,BUSI,malignant,train
BUSI/Dataset_BUSI_with_GT/benign/benign (367).png,BUSI/Dataset_BUSI_with_GT/benign/benign (367)_mask.png,BUSI,benign,train
BUSI/Dataset_BUSI_with_GT/benign/benign (234).png,BUSI/Dataset_BUSI_with_GT/benign/benign (234)_mask.png,BUSI,benign,train
BUSI/Dataset_BUSI_with_GT/benign/benign (339).png,BUSI/Dataset_BUSI_with_GT/benign/benign (339)_mask.png,BUSI,benign,train
BUSI/Dataset_BUSI_with_GT/malignant/malignant (208).png,BUSI/Dataset_BUSI_with_GT/malignant/malignant (208)_mask.png,BUSI,malignant,train
BUSI/Dataset_BUSI_with_GT/benign/benign (422).png,BUSI/Dataset_BUSI_with_GT/benign/benign (422)_mask.png,BUSI,benign,train
BUSI/Dataset_BUSI_with_GT/malignant/malignant (3).png,BUSI/Dataset_BUSI_with_GT/malignant/malignant (3)_mask.png,BUSI,malignant,train
BUSI/Dataset_BUSI_with_GT/benign/benign (133).png,BUSI/Dataset_BUSI_with_GT/benign/benign (133)_mask.png,BUSI,benign,train
BUSI/Dataset_BUSI_with_GT/benign/benign (213).png,BUSI/Dataset_BUSI_with_GT/benign/benign (213)_mask.png,BUSI,benign,train
BUSI/Dataset_BUSI_with_GT/benign/benign (376).png,BUSI/Dataset_BUSI_with_GT/benign/benign (376)_mask.png,BUSI,benign,train
BUSI/Dataset_BUSI_with_GT/benign/benign (278).png,BUSI/Dataset_BUSI_with_GT/benign/benign (278)_mask.png,BUSI,benign,train
BUSI/Dataset_BUSI_with_GT/benign/benign (415).png,BUSI/Dataset_BUSI_with_GT/benign/benign (415)_mask.png,BUSI,benign,train
BUSI/Dataset_BUSI_with_GT/benign/benign (89).png,BUSI/Dataset_BUSI_with_GT/benign/benign (89)_mask.png,BUSI,benign,train
BUSI/Dataset_BUSI_with_GT/benign/benign (230).png,BUSI/Dataset_BUSI_with_GT/benign/benign (230)_mask.png,BUSI,benign,train
BUSI/Dataset_BUSI_with_GT/malignant/malignant (55).png,BUSI/Dataset_BUSI_with_GT/malignant/malignant (55)_mask.png,BUSI,malignant,train
BUSI/Dataset_BUSI_with_GT/malignant/malignant (89).png,BUSI/Dataset_BUSI_with_GT/malignant/malignant (89)_mask.png,BUSI,malignant,train
BUSI/Dataset_BUSI_with_GT/benign/benign (83).png,BUSI/Dataset_BUSI_with_GT/benign/benign (83)_mask.png,BUSI,benign,train
BUSI/Dataset_BUSI_with_GT/malignant/malignant (31).png,BUSI/Dataset_BUSI_with_GT/malignant/malignant (31)_mask.png,BUSI,malignant,train
BUSI/Dataset_BUSI_with_GT/benign/benign (231).png,BUSI/Dataset_BUSI_with_GT/benign/benign (231)_mask.png,BUSI,benign,train
BUSI/Dataset_BUSI_with_GT/malignant/malignant (188).png,BUSI/Dataset_BUSI_with_GT/malignant/malignant (188)_mask.png,BUSI,malignant,train
BUSI/Dataset_BUSI_with_GT/benign/benign (412).png,BUSI/Dataset_BUSI_with_GT/benign/benign (412)_mask.png,BUSI,benign,train
BUSI/Dataset_BUSI_with_GT/benign/benign (392).png,BUSI/Dataset_BUSI_with_GT/benign/benign (392)_mask.png,BUSI,benign,train
BUSI/Dataset_BUSI_with_GT/malignant/malignant (127).png,BUSI/Dataset_BUSI_with_GT/malignant/malignant (127)_mask.png,BUSI,malignant,train
BUSI/Dataset_BUSI_with_GT/benign/benign (21).png,BUSI/Dataset_BUSI_with_GT/benign/benign (21)_mask.png,BUSI,benign,train
BUSI/Dataset_BUSI_with_GT/malignant/malignant (196).png,BUSI/Dataset_BUSI_with_GT/malignant/malignant (196)_mask.png,BUSI,malignant,train
BUSI/Dataset_BUSI_with_GT/benign/benign (186).png,BUSI/Dataset_BUSI_with_GT/benign/benign (186)_mask.png,BUSI,benign,train
BUSI/Dataset_BUSI_with_GT/benign/benign (228).png,BUSI/Dataset_BUSI_with_GT/benign/benign (228)_mask.png,BUSI,benign,train
BUSI/Dataset_BUSI_with_GT/benign/benign (314).png,BUSI/Dataset_BUSI_with_GT/benign/benign (314)_mask.png,BUSI,benign,train
BUSI/Dataset_BUSI_with_GT/benign/benign (60).png,BUSI/Dataset_BUSI_with_GT/benign/benign (60)_mask.png,BUSI,benign,train
BUSI/Dataset_BUSI_with_GT/malignant/malignant (111).png,BUSI/Dataset_BUSI_with_GT/malignant/malignant (111)_mask.png,BUSI,malignant,train
BUSI/Dataset_BUSI_with_GT/benign/benign (187).png,BUSI/Dataset_BUSI_with_GT/benign/benign (187)_mask.png,BUSI,benign,train
BUSI/Dataset_BUSI_with_GT/benign/benign (433).png,BUSI/Dataset_BUSI_with_GT/benign/benign (433)_mask.png,BUSI,benign,train
BUSI/Dataset_BUSI_with_GT/benign/benign (391).png,BUSI/Dataset_BUSI_with_GT/benign/benign (391)_mask.png,BUSI,benign,train
BUSI/Dataset_BUSI_with_GT/benign/benign (350).png,BUSI/Dataset_BUSI_with_GT/benign/benign (350)_mask.png,BUSI,benign,train
BUSI/Dataset_BUSI_with_GT/benign/benign (363).png,BUSI/Dataset_BUSI_with_GT/benign/benign (363)_mask.png,BUSI,benign,train
BUSI/Dataset_BUSI_with_GT/benign/benign (328).png,BUSI/Dataset_BUSI_with_GT/benign/benign (328)_mask.png,BUSI,benign,train
BUSI/Dataset_BUSI_with_GT/benign/benign (66).png,BUSI/Dataset_BUSI_with_GT/benign/benign (66)_mask.png,BUSI,benign,train
BUSI/Dataset_BUSI_with_GT/benign/benign (209).png,BUSI/Dataset_BUSI_with_GT/benign/benign (209)_mask.png,BUSI,benign,train
BUSI/Dataset_BUSI_with_GT/benign/benign (264).png,BUSI/Dataset_BUSI_with_GT/benign/benign (264)_mask.png,BUSI,benign,train
BUSI/Dataset_BUSI_with_GT/benign/benign (281).png,BUSI/Dataset_BUSI_with_GT/benign/benign (281)_mask.png,BUSI,benign,train
BUSI/Dataset_BUSI_with_GT/malignant/malignant (10).png,BUSI/Dataset_BUSI_with_GT/malignant/malignant (10)_mask.png,BUSI,malignant,train
BUSI/Dataset_BUSI_with_GT/benign/benign (390).png,BUSI/Dataset_BUSI_with_GT/benign/benign (390)_mask.png,BUSI,benign,train
BUSI/Dataset_BUSI_with_GT/benign/benign (320).png,BUSI/Dataset_BUSI_with_GT/benign/benign (320)_mask.png,BUSI,benign,train
BUSI/Dataset_BUSI_with_GT/benign/benign (8).png,BUSI/Dataset_BUSI_with_GT/benign/benign (8)_mask.png,BUSI,benign,train
BUSI/Dataset_BUSI_with_GT/malignant/malignant (156).png,BUSI/Dataset_BUSI_with_GT/malignant/malignant (156)_mask.png,BUSI,malignant,train
BUSI/Dataset_BUSI_with_GT/malignant/malignant (143).png,BUSI/Dataset_BUSI_with_GT/malignant/malignant (143)_mask.png,BUSI,malignant,train
BUSI/Dataset_BUSI_with_GT/malignant/malignant (189).png,BUSI/Dataset_BUSI_with_GT/malignant/malignant (189)_mask.png,BUSI,malignant,train
BUSI/Dataset_BUSI_with_GT/malignant/malignant (82).png,BUSI/Dataset_BUSI_with_GT/malignant/malignant (82)_mask.png,BUSI,malignant,train
BUSI/Dataset_BUSI_with_GT/malignant/malignant (29).png,BUSI/Dataset_BUSI_with_GT/malignant/malignant (29)_mask.png,BUSI,malignant,train
BUSI/Dataset_BUSI_with_GT/malignant/malignant (124).png,BUSI/Dataset_BUSI_with_GT/malignant/malignant (124)_mask.png,BUSI,malignant,train
BUSI/Dataset_BUSI_with_GT/benign/benign (211).png,BUSI/Dataset_BUSI_with_GT/benign/benign (211)_mask.png,BUSI,benign,train
BUSI/Dataset_BUSI_with_GT/benign/benign (68).png,BUSI/Dataset_BUSI_with_GT/benign/benign (68)_mask.png,BUSI,benign,train
BUSI/Dataset_BUSI_with_GT/malignant/malignant (70).png,BUSI/Dataset_BUSI_with_GT/malignant/malignant (70)_mask.png,BUSI,malignant,train
BUSI/Dataset_BUSI_with_GT/malignant/malignant (150).png,BUSI/Dataset_BUSI_with_GT/malignant/malignant (150)_mask.png,BUSI,malignant,train
BUSI/Dataset_BUSI_with_GT/benign/benign (30).png,BUSI/Dataset_BUSI_with_GT/benign/benign (30)_mask.png,BUSI,benign,train
BUSI/Dataset_BUSI_with_GT/benign/benign (407).png,BUSI/Dataset_BUSI_with_GT/benign/benign (407)_mask.png,BUSI,benign,train
BUSI/Dataset_BUSI_with_GT/benign/benign (147).png,BUSI/Dataset_BUSI_with_GT/benign/benign (147)_mask.png,BUSI,benign,train
BUSI/Dataset_BUSI_with_GT/benign/benign (297).png,BUSI/Dataset_BUSI_with_GT/benign/benign (297)_mask.png,BUSI,benign,train
BUSI/Dataset_BUSI_with_GT/benign/benign (215).png,BUSI/Dataset_BUSI_with_GT/benign/benign (215)_mask.png,BUSI,benign,train
BUSI/Dataset_BUSI_with_GT/malignant/malignant (43).png,BUSI/Dataset_BUSI_with_GT/malignant/malignant (43)_mask.png,BUSI,malignant,train
BUSI/Dataset_BUSI_with_GT/malignant/malignant (180).png,BUSI/Dataset_BUSI_with_GT/malignant/malignant (180)_mask.png,BUSI,malignant,train
BUSI/Dataset_BUSI_with_GT/benign/benign (267).png,BUSI/Dataset_BUSI_with_GT/benign/benign (267)_mask.png,BUSI,benign,train
BUSI/Dataset_BUSI_with_GT/malignant/malignant (46).png,BUSI/Dataset_BUSI_with_GT/malignant/malignant (46)_mask.png,BUSI,malignant,train
BUSI/Dataset_BUSI_with_GT/malignant/malignant (100).png,BUSI/Dataset_BUSI_with_GT/malignant/malignant (100)_mask.png,BUSI,malignant,train
BUSI/Dataset_BUSI_with_GT/malignant/malignant (131).png,BUSI/Dataset_BUSI_with_GT/malignant/malignant (131)_mask.png,BUSI,malignant,train
BUSI/Dataset_BUSI_with_GT/benign/benign (19).png,BUSI/Dataset_BUSI_with_GT/benign/benign (19)_mask.png,BUSI,benign,train
BUSI/Dataset_BUSI_with_GT/malignant/malignant (139).png,BUSI/Dataset_BUSI_with_GT/malignant/malignant (139)_mask.png,BUSI,malignant,train
BUSI/Dataset_BUSI_with_GT/benign/benign (53).png,BUSI/Dataset_BUSI_with_GT/benign/benign (53)_mask.png,BUSI,benign,train
BUSI/Dataset_BUSI_with_GT/malignant/malignant (80).png,BUSI/Dataset_BUSI_with_GT/malignant/malignant (80)_mask.png,BUSI,malignant,train
BUSI/Dataset_BUSI_with_GT/benign/benign (364).png,BUSI/Dataset_BUSI_with_GT/benign/benign (364)_mask.png,BUSI,benign,train
BUSI/Dataset_BUSI_with_GT/benign/benign (34).png,BUSI/Dataset_BUSI_with_GT/benign/benign (34)_mask.png,BUSI,benign,train
BUSI/Dataset_BUSI_with_GT/benign/benign (145).png,BUSI/Dataset_BUSI_with_GT/benign/benign (145)_mask.png,BUSI,benign,train
BUSI/Dataset_BUSI_with_GT/malignant/malignant (102).png,BUSI/Dataset_BUSI_with_GT/malignant/malignant (102)_mask.png,BUSI,malignant,train
BUSI/Dataset_BUSI_with_GT/malignant/malignant (152).png,BUSI/Dataset_BUSI_with_GT/malignant/malignant (152)_mask.png,BUSI,malignant,train
BUSI/Dataset_BUSI_with_GT/benign/benign (20).png,BUSI/Dataset_BUSI_with_GT/benign/benign (20)_mask.png,BUSI,benign,train
BUSI/Dataset_BUSI_with_GT/benign/benign (260).png,BUSI/Dataset_BUSI_with_GT/benign/benign (260)_mask.png,BUSI,benign,train
BUSI/Dataset_BUSI_with_GT/malignant/malignant (159).png,BUSI/Dataset_BUSI_with_GT/malignant/malignant (159)_mask.png,BUSI,malignant,train
BUSI/Dataset_BUSI_with_GT/malignant/malignant (207).png,BUSI/Dataset_BUSI_with_GT/malignant/malignant (207)_mask.png,BUSI,malignant,train
BUSI/Dataset_BUSI_with_GT/malignant/malignant (181).png,BUSI/Dataset_BUSI_with_GT/malignant/malignant (181)_mask.png,BUSI,malignant,train
BUSI/Dataset_BUSI_with_GT/malignant/malignant (176).png,BUSI/Dataset_BUSI_with_GT/malignant/malignant (176)_mask.png,BUSI,malignant,train
BUSI/Dataset_BUSI_with_GT/benign/benign (435).png,BUSI/Dataset_BUSI_with_GT/benign/benign (435)_mask.png,BUSI,benign,train
BUSI/Dataset_BUSI_with_GT/benign/benign (382).png,BUSI/Dataset_BUSI_with_GT/benign/benign (382)_mask.png,BUSI,benign,train
BUSI/Dataset_BUSI_with_GT/malignant/malignant (121).png,BUSI/Dataset_BUSI_with_GT/malignant/malignant (121)_mask.png,BUSI,malignant,train
BUSI/Dataset_BUSI_with_GT/benign/benign (235).png,BUSI/Dataset_BUSI_with_GT/benign/benign (235)_mask.png,BUSI,benign,train
BUSI/Dataset_BUSI_with_GT/benign/benign (253).png,BUSI/Dataset_BUSI_with_GT/benign/benign (253)_mask.png,BUSI,benign,train
BUSI/Dataset_BUSI_with_GT/benign/benign (309).png,BUSI/Dataset_BUSI_with_GT/benign/benign (309)_mask.png,BUSI,benign,train
BUSI/Dataset_BUSI_with_GT/benign/benign (375).png,BUSI/Dataset_BUSI_with_GT/benign/benign (375)_mask.png,BUSI,benign,train
BUSI/Dataset_BUSI_with_GT/malignant/malignant (166).png,BUSI/Dataset_BUSI_with_GT/malignant/malignant (166)_mask.png,BUSI,malignant,train
BUSI/Dataset_BUSI_with_GT/benign/benign (247).png,BUSI/Dataset_BUSI_with_GT/benign/benign (247)_mask.png,BUSI,benign,train
BUSI/Dataset_BUSI_with_GT/benign/benign (385).png,BUSI/Dataset_BUSI_with_GT/benign/benign (385)_mask.png,BUSI,benign,train
BUSI/Dataset_BUSI_with_GT/benign/benign (221).png,BUSI/Dataset_BUSI_with_GT/benign/benign (221)_mask.png,BUSI,benign,train
BUSI/Dataset_BUSI_with_GT/benign/benign (75).png,BUSI/Dataset_BUSI_with_GT/benign/benign (75)_mask.png,BUSI,benign,train
BUSI/Dataset_BUSI_with_GT/malignant/malignant (33).png,BUSI/Dataset_BUSI_with_GT/malignant/malignant (33)_mask.png,BUSI,malignant,train
BUSI/Dataset_BUSI_with_GT/benign/benign (277).png,BUSI/Dataset_BUSI_with_GT/benign/benign (277)_mask.png,BUSI,benign,train
BUSI/Dataset_BUSI_with_GT/benign/benign (421).png,BUSI/Dataset_BUSI_with_GT/benign/benign (421)_mask.png,BUSI,benign,train
BUSI/Dataset_BUSI_with_GT/benign/benign (331).png,BUSI/Dataset_BUSI_with_GT/benign/benign (331)_mask.png,BUSI,benign,train
BUSI/Dataset_BUSI_with_GT/benign/benign (308).png,BUSI/Dataset_BUSI_with_GT/benign/benign (308)_mask.png,BUSI,benign,train
BUSI/Dataset_BUSI_with_GT/malignant/malignant (183).png,BUSI/Dataset_BUSI_with_GT/malignant/malignant (183)_mask.png,BUSI,malignant,train
BUSI/Dataset_BUSI_with_GT/benign/benign (202).png,BUSI/Dataset_BUSI_with_GT/benign/benign (202)_mask.png,BUSI,benign,train
BUSI/Dataset_BUSI_with_GT/benign/benign (207).png,BUSI/Dataset_BUSI_with_GT/benign/benign (207)_mask.png,BUSI,benign,train
BUSI/Dataset_BUSI_with_GT/malignant/malignant (106).png,BUSI/Dataset_BUSI_with_GT/malignant/malignant (106)_mask.png,BUSI,malignant,train
BUSI/Dataset_BUSI_with_GT/benign/benign (353).png,BUSI/Dataset_BUSI_with_GT/benign/benign (353)_mask.png,BUSI,benign,train
BUSI/Dataset_BUSI_with_GT/benign/benign (44).png,BUSI/Dataset_BUSI_with_GT/benign/benign (44)_mask.png,BUSI,benign,train
BUSI/Dataset_BUSI_with_GT/benign/benign (51).png,BUSI/Dataset_BUSI_with_GT/benign/benign (51)_mask.png,BUSI,benign,train
BUSI/Dataset_BUSI_with_GT/benign/benign (300).png,BUSI/Dataset_BUSI_with_GT/benign/benign (300)_mask.png,BUSI,benign,train
BUSI/Dataset_BUSI_with_GT/malignant/malignant (69).png,BUSI/Dataset_BUSI_with_GT/malignant/malignant (69)_mask.png,BUSI,malignant,train
BUSI/Dataset_BUSI_with_GT/malignant/malignant (179).png,BUSI/Dataset_BUSI_with_GT/malignant/malignant (179)_mask.png,BUSI,malignant,train
BUSI/Dataset_BUSI_with_GT/malignant/malignant (130).png,BUSI/Dataset_BUSI_with_GT/malignant/malignant (130)_mask.png,BUSI,malignant,train
BUSI/Dataset_BUSI_with_GT/benign/benign (411).png,BUSI/Dataset_BUSI_with_GT/benign/benign (411)_mask.png,BUSI,benign,train
BUSI/Dataset_BUSI_with_GT/malignant/malignant (160).png,BUSI/Dataset_BUSI_with_GT/malignant/malignant (160)_mask.png,BUSI,malignant,train
BUSI/Dataset_BUSI_with_GT/malignant/malignant (9).png,BUSI/Dataset_BUSI_with_GT/malignant/malignant (9)_mask.png,BUSI,malignant,train
BUSI/Dataset_BUSI_with_GT/malignant/malignant (53).png,BUSI/Dataset_BUSI_with_GT/malignant/malignant (53)_mask.png,BUSI,malignant,train
BUSI/Dataset_BUSI_with_GT/malignant/malignant (198).png,BUSI/Dataset_BUSI_with_GT/malignant/malignant (198)_mask.png,BUSI,malignant,train
BUSI/Dataset_BUSI_with_GT/benign/benign (176).png,BUSI/Dataset_BUSI_with_GT/benign/benign (176)_mask.png,BUSI,benign,train
BUSI/Dataset_BUSI_with_GT/benign/benign (317).png,BUSI/Dataset_BUSI_with_GT/benign/benign (317)_mask.png,BUSI,benign,train
BUSI/Dataset_BUSI_with_GT/benign/benign (242).png,BUSI/Dataset_BUSI_with_GT/benign/benign (242)_mask.png,BUSI,benign,train
BUSI/Dataset_BUSI_with_GT/benign/benign (130).png,BUSI/Dataset_BUSI_with_GT/benign/benign (130)_mask.png,BUSI,benign,train
BUSI/Dataset_BUSI_with_GT/benign/benign (252).png,BUSI/Dataset_BUSI_with_GT/benign/benign (252)_mask.png,BUSI,benign,train
BUSI/Dataset_BUSI_with_GT/malignant/malignant (2).png,BUSI/Dataset_BUSI_with_GT/malignant/malignant (2)_mask.png,BUSI,malignant,train
BUSI/Dataset_BUSI_with_GT/malignant/malignant (192).png,BUSI/Dataset_BUSI_with_GT/malignant/malignant (192)_mask.png,BUSI,malignant,train
BUSI/Dataset_BUSI_with_GT/malignant/malignant (63).png,BUSI/Dataset_BUSI_with_GT/malignant/malignant (63)_mask.png,BUSI,malignant,train
BUSI/Dataset_BUSI_with_GT/benign/benign (185).png,BUSI/Dataset_BUSI_with_GT/benign/benign (185)_mask.png,BUSI,benign,train
BUSI/Dataset_BUSI_with_GT/benign/benign (315).png,BUSI/Dataset_BUSI_with_GT/benign/benign (315)_mask.png,BUSI,benign,train
BUSI/Dataset_BUSI_with_GT/malignant/malignant (12).png,BUSI/Dataset_BUSI_with_GT/malignant/malignant (12)_mask.png,BUSI,malignant,train
BUSI/Dataset_BUSI_with_GT/malignant/malignant (68).png,BUSI/Dataset_BUSI_with_GT/malignant/malignant (68)_mask.png,BUSI,malignant,train
BUSI/Dataset_BUSI_with_GT/benign/benign (285).png,BUSI/Dataset_BUSI_with_GT/benign/benign (285)_mask.png,BUSI,benign,train
BUSI/Dataset_BUSI_with_GT/benign/benign (59).png,BUSI/Dataset_BUSI_with_GT/benign/benign (59)_mask.png,BUSI,benign,train
BUSI/Dataset_BUSI_with_GT/benign/benign (63).png,BUSI/Dataset_BUSI_with_GT/benign/benign (63)_mask.png,BUSI,benign,train
BUSI/Dataset_BUSI_with_GT/malignant/malignant (193).png,BUSI/Dataset_BUSI_with_GT/malignant/malignant (193)_mask.png,BUSI,malignant,train
BUSI/Dataset_BUSI_with_GT/benign/benign (295).png,BUSI/Dataset_BUSI_with_GT/benign/benign (295)_mask.png,BUSI,benign,train
BUSI/Dataset_BUSI_with_GT/benign/benign (102).png,BUSI/Dataset_BUSI_with_GT/benign/benign (102)_mask.png,BUSI,benign,train
BUSI/Dataset_BUSI_with_GT/malignant/malignant (32).png,BUSI/Dataset_BUSI_with_GT/malignant/malignant (32)_mask.png,BUSI,malignant,train
BUSI/Dataset_BUSI_with_GT/benign/benign (188).png,BUSI/Dataset_BUSI_with_GT/benign/benign (188)_mask.png,BUSI,benign,train
BUSI/Dataset_BUSI_with_GT/benign/benign (71).png,BUSI/Dataset_BUSI_with_GT/benign/benign (71)_mask.png,BUSI,benign,train
BUSI/Dataset_BUSI_with_GT/malignant/malignant (158).png,BUSI/Dataset_BUSI_with_GT/malignant/malignant (158)_mask.png,BUSI,malignant,train
BUSI/Dataset_BUSI_with_GT/benign/benign (141).png,BUSI/Dataset_BUSI_with_GT/benign/benign (141)_mask.png,BUSI,benign,train
BUSI/Dataset_BUSI_with_GT/benign/benign (128).png,BUSI/Dataset_BUSI_with_GT/benign/benign (128)_mask.png,BUSI,benign,train
BUSI/Dataset_BUSI_with_GT/benign/benign (28).png,BUSI/Dataset_BUSI_with_GT/benign/benign (28)_mask.png,BUSI,benign,train
BUSI/Dataset_BUSI_with_GT/benign/benign (22).png,BUSI/Dataset_BUSI_with_GT/benign/benign (22)_mask.png,BUSI,benign,train
BUSI/Dataset_BUSI_with_GT/benign/benign (123).png,BUSI/Dataset_BUSI_with_GT/benign/benign (123)_mask.png,BUSI,benign,train
BUSI/Dataset_BUSI_with_GT/malignant/malignant (54).png,BUSI/Dataset_BUSI_with_GT/malignant/malignant (54)_mask.png,BUSI,malignant,train
BUSI/Dataset_BUSI_with_GT/benign/benign (306).png,BUSI/Dataset_BUSI_with_GT/benign/benign (306)_mask.png,BUSI,benign,train
BUSI/Dataset_BUSI_with_GT/malignant/malignant (146).png,BUSI/Dataset_BUSI_with_GT/malignant/malignant (146)_mask.png,BUSI,malignant,train
BUSI/Dataset_BUSI_with_GT/benign/benign (46).png,BUSI/Dataset_BUSI_with_GT/benign/benign (46)_mask.png,BUSI,benign,train
BUSI/Dataset_BUSI_with_GT/benign/benign (359).png,BUSI/Dataset_BUSI_with_GT/benign/benign (359)_mask.png,BUSI,benign,train
BUSI/Dataset_BUSI_with_GT/benign/benign (82).png,BUSI/Dataset_BUSI_with_GT/benign/benign (82)_mask.png,BUSI,benign,train
BUSI/Dataset_BUSI_with_GT/benign/benign (58).png,BUSI/Dataset_BUSI_with_GT/benign/benign (58)_mask.png,BUSI,benign,train
BUSI/Dataset_BUSI_with_GT/malignant/malignant (154).png,BUSI/Dataset_BUSI_with_GT/malignant/malignant (154)_mask.png,BUSI,malignant,train
BUSI/Dataset_BUSI_with_GT/benign/benign (223).png,BUSI/Dataset_BUSI_with_GT/benign/benign (223)_mask.png,BUSI,benign,train
BUSI/Dataset_BUSI_with_GT/benign/benign (155).png,BUSI/Dataset_BUSI_with_GT/benign/benign (155)_mask.png,BUSI,benign,train
BUSI/Dataset_BUSI_with_GT/malignant/malignant (13).png,BUSI/Dataset_BUSI_with_GT/malignant/malignant (13)_mask.png,BUSI,malignant,train
BUSI/Dataset_BUSI_with_GT/benign/benign (214).png,BUSI/Dataset_BUSI_with_GT/benign/benign (214)_mask.png,BUSI,benign,train
BUSI/Dataset_BUSI_with_GT/malignant/malignant (83).png,BUSI/Dataset_BUSI_with_GT/malignant/malignant (83)_mask.png,BUSI,malignant,train
BUSI/Dataset_BUSI_with_GT/malignant/malignant (174).png,BUSI/Dataset_BUSI_with_GT/malignant/malignant (174)_mask.png,BUSI,malignant,train
BUSI/Dataset_BUSI_with_GT/benign/benign (157).png,BUSI/Dataset_BUSI_with_GT/benign/benign (157)_mask.png,BUSI,benign,train
BUSI/Dataset_BUSI_with_GT/benign/benign (111).png,BUSI/Dataset_BUSI_with_GT/benign/benign (111)_mask.png,BUSI,benign,train
BUSI/Dataset_BUSI_with_GT/benign/benign (24).png,BUSI/Dataset_BUSI_with_GT/benign/benign (24)_mask.png,BUSI,benign,train
BUSI/Dataset_BUSI_with_GT/benign/benign (135).png,BUSI/Dataset_BUSI_with_GT/benign/benign (135)_mask.png,BUSI,benign,train
BUSI/Dataset_BUSI_with_GT/malignant/malignant (149).png,BUSI/Dataset_BUSI_with_GT/malignant/malignant (149)_mask.png,BUSI,malignant,train
BUSI/Dataset_BUSI_with_GT/benign/benign (47).png,BUSI/Dataset_BUSI_with_GT/benign/benign (47)_mask.png,BUSI,benign,train
BUSI/Dataset_BUSI_with_GT/benign/benign (268).png,BUSI/Dataset_BUSI_with_GT/benign/benign (268)_mask.png,BUSI,benign,train
BUSI/Dataset_BUSI_with_GT/benign/benign (294).png,BUSI/Dataset_BUSI_with_GT/benign/benign (294)_mask.png,BUSI,benign,train
BUSI/Dataset_BUSI_with_GT/benign/benign (146).png,BUSI/Dataset_BUSI_with_GT/benign/benign (146)_mask.png,BUSI,benign,train
BUSI/Dataset_BUSI_with_GT/benign/benign (402).png,BUSI/Dataset_BUSI_with_GT/benign/benign (402)_mask.png,BUSI,benign,train
BUSI/Dataset_BUSI_with_GT/benign/benign (365).png,BUSI/Dataset_BUSI_with_GT/benign/benign (365)_mask.png,BUSI,benign,train
BUSI/Dataset_BUSI_with_GT/benign/benign (325).png,BUSI/Dataset_BUSI_with_GT/benign/benign (325)_mask.png,BUSI,benign,train
BUSI/Dataset_BUSI_with_GT/malignant/malignant (120).png,BUSI/Dataset_BUSI_with_GT/malignant/malignant (120)_mask.png,BUSI,malignant,train
BUSI/Dataset_BUSI_with_GT/malignant/malignant (115).png,BUSI/Dataset_BUSI_with_GT/malignant/malignant (115)_mask.png,BUSI,malignant,train
BUSI/Dataset_BUSI_with_GT/malignant/malignant (97).png,BUSI/Dataset_BUSI_with_GT/malignant/malignant (97)_mask.png,BUSI,malignant,train
BUSI/Dataset_BUSI_with_GT/benign/benign (341).png,BUSI/Dataset_BUSI_with_GT/benign/benign (341)_mask.png,BUSI,benign,train
BUSI/Dataset_BUSI_with_GT/benign/benign (280).png,BUSI/Dataset_BUSI_with_GT/benign/benign (280)_mask.png,BUSI,benign,train
BUSI/Dataset_BUSI_with_GT/benign/benign (244).png,BUSI/Dataset_BUSI_with_GT/benign/benign (244)_mask.png,BUSI,benign,train
BUSI/Dataset_BUSI_with_GT/malignant/malignant (205).png,BUSI/Dataset_BUSI_with_GT/malignant/malignant (205)_mask.png,BUSI,malignant,train
BUSI/Dataset_BUSI_with_GT/benign/benign (67).png,BUSI/Dataset_BUSI_with_GT/benign/benign (67)_mask.png,BUSI,benign,train
BUSI/Dataset_BUSI_with_GT/malignant/malignant (134).png,BUSI/Dataset_BUSI_with_GT/malignant/malignant (134)_mask.png,BUSI,malignant,train
BUSI/Dataset_BUSI_with_GT/benign/benign (194).png,BUSI/Dataset_BUSI_with_GT/benign/benign (194)_mask.png,BUSI,benign,train
BUSI/Dataset_BUSI_with_GT/malignant/malignant (25).png,BUSI/Dataset_BUSI_with_GT/malignant/malignant (25)_mask.png,BUSI,malignant,train
BUSI/Dataset_BUSI_with_GT/benign/benign (56).png,BUSI/Dataset_BUSI_with_GT/benign/benign (56)_mask.png,BUSI,benign,train
BUSI/Dataset_BUSI_with_GT/benign/benign (10).png,BUSI/Dataset_BUSI_with_GT/benign/benign (10)_mask.png,BUSI,benign,train
BUSI/Dataset_BUSI_with_GT/malignant/malignant (6).png,BUSI/Dataset_BUSI_with_GT/malignant/malignant (6)_mask.png,BUSI,malignant,train
BUSI/Dataset_BUSI_with_GT/malignant/malignant (210).png,BUSI/Dataset_BUSI_with_GT/malignant/malignant (210)_mask.png,BUSI,malignant,train
BUSI/Dataset_BUSI_with_GT/benign/benign (171).png,BUSI/Dataset_BUSI_with_GT/benign/benign (171)_mask.png,BUSI,benign,train
BUSI/Dataset_BUSI_with_GT/benign/benign (284).png,BUSI/Dataset_BUSI_with_GT/benign/benign (284)_mask.png,BUSI,benign,train
BUSI/Dataset_BUSI_with_GT/benign/benign (13).png,BUSI/Dataset_BUSI_with_GT/benign/benign (13)_mask.png,BUSI,benign,train
BUSI/Dataset_BUSI_with_GT/malignant/malignant (163).png,BUSI/Dataset_BUSI_with_GT/malignant/malignant (163)_mask.png,BUSI,malignant,train
BUSI/Dataset_BUSI_with_GT/benign/benign (90).png,BUSI/Dataset_BUSI_with_GT/benign/benign (90)_mask.png,BUSI,benign,train
BUSI/Dataset_BUSI_with_GT/malignant/malignant (114).png,BUSI/Dataset_BUSI_with_GT/malignant/malignant (114)_mask.png,BUSI,malignant,train
BUSI/Dataset_BUSI_with_GT/benign/benign (429).png,BUSI/Dataset_BUSI_with_GT/benign/benign (429)_mask.png,BUSI,benign,train
BUSI/Dataset_BUSI_with_GT/benign/benign (181).png,BUSI/Dataset_BUSI_with_GT/benign/benign (181)_mask.png,BUSI,benign,train
BUSI/Dataset_BUSI_with_GT/benign/benign (404).png,BUSI/Dataset_BUSI_with_GT/benign/benign (404)_mask.png,BUSI,benign,train
BUSI/Dataset_BUSI_with_GT/malignant/malignant (24).png,BUSI/Dataset_BUSI_with_GT/malignant/malignant (24)_mask.png,BUSI,malignant,train
BUSI/Dataset_BUSI_with_GT/benign/benign (41).png,BUSI/Dataset_BUSI_with_GT/benign/benign (41)_mask.png,BUSI,benign,train
BUSI/Dataset_BUSI_with_GT/benign/benign (316).png,BUSI/Dataset_BUSI_with_GT/benign/benign (316)_mask.png,BUSI,benign,train
BUSI/Dataset_BUSI_with_GT/benign/benign (110).png,BUSI/Dataset_BUSI_with_GT/benign/benign (110)_mask.png,BUSI,benign,train
BUSI/Dataset_BUSI_with_GT/benign/benign (383).png,BUSI/Dataset_BUSI_with_GT/benign/benign (383)_mask.png,BUSI,benign,train
BUSI/Dataset_BUSI_with_GT/malignant/malignant (57).png,BUSI/Dataset_BUSI_with_GT/malignant/malignant (57)_mask.png,BUSI,malignant,train
BUSI/Dataset_BUSI_with_GT/benign/benign (54).png,BUSI/Dataset_BUSI_with_GT/benign/benign (54)_mask.png,BUSI,benign,train
BUSI/Dataset_BUSI_with_GT/benign/benign (345).png,BUSI/Dataset_BUSI_with_GT/benign/benign (345)_mask.png,BUSI,benign,train
BUSI/Dataset_BUSI_with_GT/benign/benign (249).png,BUSI/Dataset_BUSI_with_GT/benign/benign (249)_mask.png,BUSI,benign,train
BUSI/Dataset_BUSI_with_GT/malignant/malignant (94).png,BUSI/Dataset_BUSI_with_GT/malignant/malignant (94)_mask.png,BUSI,malignant,train
BUSI/Dataset_BUSI_with_GT/malignant/malignant (141).png,BUSI/Dataset_BUSI_with_GT/malignant/malignant (141)_mask.png,BUSI,malignant,train
BUSI/Dataset_BUSI_with_GT/malignant/malignant (85).png,BUSI/Dataset_BUSI_with_GT/malignant/malignant (85)_mask.png,BUSI,malignant,train
BUSI/Dataset_BUSI_with_GT/malignant/malignant (16).png,BUSI/Dataset_BUSI_with_GT/malignant/malignant (16)_mask.png,BUSI,malignant,train
BUSI/Dataset_BUSI_with_GT/benign/benign (318).png,BUSI/Dataset_BUSI_with_GT/benign/benign (318)_mask.png,BUSI,benign,train
BUSI/Dataset_BUSI_with_GT/malignant/malignant (26).png,BUSI/Dataset_BUSI_with_GT/malignant/malignant (26)_mask.png,BUSI,malignant,train
BUSI/Dataset_BUSI_with_GT/malignant/malignant (22).png,BUSI/Dataset_BUSI_with_GT/malignant/malignant (22)_mask.png,BUSI,malignant,train
BUSI/Dataset_BUSI_with_GT/benign/benign (27).png,BUSI/Dataset_BUSI_with_GT/benign/benign (27)_mask.png,BUSI,benign,train
BUSI/Dataset_BUSI_with_GT/malignant/malignant (133).png,BUSI/Dataset_BUSI_with_GT/malignant/malignant (133)_mask.png,BUSI,malignant,train
BUSI/Dataset_BUSI_with_GT/malignant/malignant (165).png,BUSI/Dataset_BUSI_with_GT/malignant/malignant (165)_mask.png,BUSI,malignant,train
BUSI/Dataset_BUSI_with_GT/benign/benign (151).png,BUSI/Dataset_BUSI_with_GT/benign/benign (151)_mask.png,BUSI,benign,train
BUSI/Dataset_BUSI_with_GT/malignant/malignant (132).png,BUSI/Dataset_BUSI_with_GT/malignant/malignant (132)_mask.png,BUSI,malignant,train
BUSI/Dataset_BUSI_with_GT/malignant/malignant (21).png,BUSI/Dataset_BUSI_with_GT/malignant/malignant (21)_mask.png,BUSI,malignant,train
BUSI/Dataset_BUSI_with_GT/benign/benign (326).png,BUSI/Dataset_BUSI_with_GT/benign/benign (326)_mask.png,BUSI,benign,train
BUSI/Dataset_BUSI_with_GT/benign/benign (118).png,BUSI/Dataset_BUSI_with_GT/benign/benign (118)_mask.png,BUSI,benign,train
BUSI/Dataset_BUSI_with_GT/benign/benign (381).png,BUSI/Dataset_BUSI_with_GT/benign/benign (381)_mask.png,BUSI,benign,train
BUSI/Dataset_BUSI_with_GT/malignant/malignant (119).png,BUSI/Dataset_BUSI_with_GT/malignant/malignant (119)_mask.png,BUSI,malignant,train
BUSI/Dataset_BUSI_with_GT/benign/benign (243).png,BUSI/Dataset_BUSI_with_GT/benign/benign (243)_mask.png,BUSI,benign,train
BUSI/Dataset_BUSI_with_GT/benign/benign (348).png,BUSI/Dataset_BUSI_with_GT/benign/benign (348)_mask.png,BUSI,benign,train
BUSI/Dataset_BUSI_with_GT/benign/benign (271).png,BUSI/Dataset_BUSI_with_GT/benign/benign (271)_mask.png,BUSI,benign,train
BUSI/Dataset_BUSI_with_GT/benign/benign (52).png,BUSI/Dataset_BUSI_with_GT/benign/benign (52)_mask.png,BUSI,benign,train
BUSI/Dataset_BUSI_with_GT/benign/benign (78).png,BUSI/Dataset_BUSI_with_GT/benign/benign (78)_mask.png,BUSI,benign,train
BUSI/Dataset_BUSI_with_GT/malignant/malignant (148).png,BUSI/Dataset_BUSI_with_GT/malignant/malignant (148)_mask.png,BUSI,malignant,train
BUSI/Dataset_BUSI_with_GT/benign/benign (408).png,BUSI/Dataset_BUSI_with_GT/benign/benign (408)_mask.png,BUSI,benign,train
BUSI/Dataset_BUSI_with_GT/benign/benign (377).png,BUSI/Dataset_BUSI_with_GT/benign/benign (377)_mask.png,BUSI,benign,train
BUSI/Dataset_BUSI_with_GT/benign/benign (216).png,BUSI/Dataset_BUSI_with_GT/benign/benign (216)_mask.png,BUSI,benign,train
BUSI/Dataset_BUSI_with_GT/benign/benign (189).png,BUSI/Dataset_BUSI_with_GT/benign/benign (189)_mask.png,BUSI,benign,train
BUSI/Dataset_BUSI_with_GT/benign/benign (434).png,BUSI/Dataset_BUSI_with_GT/benign/benign (434)_mask.png,BUSI,benign,train
BUSI/Dataset_BUSI_with_GT/benign/benign (178).png,BUSI/Dataset_BUSI_with_GT/benign/benign (178)_mask.png,BUSI,benign,train
BUSI/Dataset_BUSI_with_GT/malignant/malignant (118).png,BUSI/Dataset_BUSI_with_GT/malignant/malignant (118)_mask.png,BUSI,malignant,train
BUSI/Dataset_BUSI_with_GT/benign/benign (397).png,BUSI/Dataset_BUSI_with_GT/benign/benign (397)_mask.png,BUSI,benign,train
BUSI/Dataset_BUSI_with_GT/benign/benign (292).png,BUSI/Dataset_BUSI_with_GT/benign/benign (292)_mask.png,BUSI,benign,train
BUSI/Dataset_BUSI_with_GT/malignant/malignant (125).png,BUSI/Dataset_BUSI_with_GT/malignant/malignant (125)_mask.png,BUSI,malignant,train
BUSI/Dataset_BUSI_with_GT/benign/benign (208).png,BUSI/Dataset_BUSI_with_GT/benign/benign (208)_mask.png,BUSI,benign,train
BUSI/Dataset_BUSI_with_GT/malignant/malignant (7).png,BUSI/Dataset_BUSI_with_GT/malignant/malignant (7)_mask.png,BUSI,malignant,train
BUSI/Dataset_BUSI_with_GT/benign/benign (117).png,BUSI/Dataset_BUSI_with_GT/benign/benign (117)_mask.png,BUSI,benign,train
BUSI/Dataset_BUSI_with_GT/benign/benign (163).png,BUSI/Dataset_BUSI_with_GT/benign/benign (163)_mask.png,BUSI,benign,train
BUSI/Dataset_BUSI_with_GT/benign/benign (195).png,BUSI/Dataset_BUSI_with_GT/benign/benign (195)_mask.png,BUSI,benign,train
BUSI/Dataset_BUSI_with_GT/benign/benign (342).png,BUSI/Dataset_BUSI_with_GT/benign/benign (342)_mask.png,BUSI,benign,train
BUSI/Dataset_BUSI_with_GT/benign/benign (98).png,BUSI/Dataset_BUSI_with_GT/benign/benign (98)_mask.png,BUSI,benign,train
BUSI/Dataset_BUSI_with_GT/benign/benign (191).png,BUSI/Dataset_BUSI_with_GT/benign/benign (191)_mask.png,BUSI,benign,train
BUSI/Dataset_BUSI_with_GT/malignant/malignant (88).png,BUSI/Dataset_BUSI_with_GT/malignant/malignant (88)_mask.png,BUSI,malignant,val
BUSI/Dataset_BUSI_with_GT/benign/benign (94).png,BUSI/Dataset_BUSI_with_GT/benign/benign (94)_mask.png,BUSI,benign,val
BUSI/Dataset_BUSI_with_GT/benign/benign (313).png,BUSI/Dataset_BUSI_with_GT/benign/benign (313)_mask.png,BUSI,benign,val
BUSI/Dataset_BUSI_with_GT/benign/benign (158).png,BUSI/Dataset_BUSI_with_GT/benign/benign (158)_mask.png,BUSI,benign,val
BUSI/Dataset_BUSI_with_GT/malignant/malignant (171).png,BUSI/Dataset_BUSI_with_GT/malignant/malignant (171)_mask.png,BUSI,malignant,val
BUSI/Dataset_BUSI_with_GT/benign/benign (427).png,BUSI/Dataset_BUSI_with_GT/benign/benign (427)_mask.png,BUSI,benign,val
BUSI/Dataset_BUSI_with_GT/malignant/malignant (105).png,BUSI/Dataset_BUSI_with_GT/malignant/malignant (105)_mask.png,BUSI,malignant,val
BUSI/Dataset_BUSI_with_GT/malignant/malignant (168).png,BUSI/Dataset_BUSI_with_GT/malignant/malignant (168)_mask.png,BUSI,malignant,val
BUSI/Dataset_BUSI_with_GT/malignant/malignant (161).png,BUSI/Dataset_BUSI_with_GT/malignant/malignant (161)_mask.png,BUSI,malignant,val
BUSI/Dataset_BUSI_with_GT/benign/benign (248).png,BUSI/Dataset_BUSI_with_GT/benign/benign (248)_mask.png,BUSI,benign,val
BUSI/Dataset_BUSI_with_GT/benign/benign (65).png,BUSI/Dataset_BUSI_with_GT/benign/benign (65)_mask.png,BUSI,benign,val
BUSI/Dataset_BUSI_with_GT/benign/benign (193).png,BUSI/Dataset_BUSI_with_GT/benign/benign (193)_mask.png,BUSI,benign,val
BUSI/Dataset_BUSI_with_GT/benign/benign (346).png,BUSI/Dataset_BUSI_with_GT/benign/benign (346)_mask.png,BUSI,benign,val
BUSI/Dataset_BUSI_with_GT/benign/benign (410).png,BUSI/Dataset_BUSI_with_GT/benign/benign (410)_mask.png,BUSI,benign,val
BUSI/Dataset_BUSI_with_GT/benign/benign (148).png,BUSI/Dataset_BUSI_with_GT/benign/benign (148)_mask.png,BUSI,benign,val
BUSI/Dataset_BUSI_with_GT/benign/benign (48).png,BUSI/Dataset_BUSI_with_GT/benign/benign (48)_mask.png,BUSI,benign,val
BUSI/Dataset_BUSI_with_GT/benign/benign (398).png,BUSI/Dataset_BUSI_with_GT/benign/benign (398)_mask.png,BUSI,benign,val
BUSI/Dataset_BUSI_with_GT/malignant/malignant (61).png,BUSI/Dataset_BUSI_with_GT/malignant/malignant (61)_mask.png,BUSI,malignant,val
BUSI/Dataset_BUSI_with_GT/malignant/malignant (136).png,BUSI/Dataset_BUSI_with_GT/malignant/malignant (136)_mask.png,BUSI,malignant,val
BUSI/Dataset_BUSI_with_GT/malignant/malignant (72).png,BUSI/Dataset_BUSI_with_GT/malignant/malignant (72)_mask.png,BUSI,malignant,val
BUSI/Dataset_BUSI_with_GT/benign/benign (38).png,BUSI/Dataset_BUSI_with_GT/benign/benign (38)_mask.png,BUSI,benign,val
BUSI/Dataset_BUSI_with_GT/benign/benign (241).png,BUSI/Dataset_BUSI_with_GT/benign/benign (241)_mask.png,BUSI,benign,val
BUSI/Dataset_BUSI_with_GT/malignant/malignant (162).png,BUSI/Dataset_BUSI_with_GT/malignant/malignant (162)_mask.png,BUSI,malignant,val
BUSI/Dataset_BUSI_with_GT/benign/benign (4).png,BUSI/Dataset_BUSI_with_GT/benign/benign (4)_mask.png,BUSI,benign,val
BUSI/Dataset_BUSI_with_GT/benign/benign (177).png,BUSI/Dataset_BUSI_with_GT/benign/benign (177)_mask.png,BUSI,benign,val
BUSI/Dataset_BUSI_with_GT/benign/benign (389).png,BUSI/Dataset_BUSI_with_GT/benign/benign (389)_mask.png,BUSI,benign,val
BUSI/Dataset_BUSI_with_GT/benign/benign (31).png,BUSI/Dataset_BUSI_with_GT/benign/benign (31)_mask.png,BUSI,benign,val
BUSI/Dataset_BUSI_with_GT/benign/benign (291).png,BUSI/Dataset_BUSI_with_GT/benign/benign (291)_mask.png,BUSI,benign,val
BUSI/Dataset_BUSI_with_GT/benign/benign (343).png,BUSI/Dataset_BUSI_with_GT/benign/benign (343)_mask.png,BUSI,benign,val
BUSI/Dataset_BUSI_with_GT/malignant/malignant (107).png,BUSI/Dataset_BUSI_with_GT/malignant/malignant (107)_mask.png,BUSI,malignant,val
BUSI/Dataset_BUSI_with_GT/malignant/malignant (182).png,BUSI/Dataset_BUSI_with_GT/malignant/malignant (182)_mask.png,BUSI,malignant,val
BUSI/Dataset_BUSI_with_GT/benign/benign (168).png,BUSI/Dataset_BUSI_with_GT/benign/benign (168)_mask.png,BUSI,benign,val
BUSI/Dataset_BUSI_with_GT/malignant/malignant (128).png,BUSI/Dataset_BUSI_with_GT/malignant/malignant (128)_mask.png,BUSI,malignant,val
BUSI/Dataset_BUSI_with_GT/benign/benign (91).png,BUSI/Dataset_BUSI_with_GT/benign/benign (91)_mask.png,BUSI,benign,val
BUSI/Dataset_BUSI_with_GT/benign/benign (386).png,BUSI/Dataset_BUSI_with_GT/benign/benign (386)_mask.png,BUSI,benign,val
BUSI/Dataset_BUSI_with_GT/malignant/malignant (138).png,BUSI/Dataset_BUSI_with_GT/malignant/malignant (138)_mask.png,BUSI,malignant,val
BUSI/Dataset_BUSI_with_GT/benign/benign (357).png,BUSI/Dataset_BUSI_with_GT/benign/benign (357)_mask.png,BUSI,benign,val
BUSI/Dataset_BUSI_with_GT/benign/benign (332).png,BUSI/Dataset_BUSI_with_GT/benign/benign (332)_mask.png,BUSI,benign,val
BUSI/Dataset_BUSI_with_GT/benign/benign (239).png,BUSI/Dataset_BUSI_with_GT/benign/benign (239)_mask.png,BUSI,benign,val
BUSI/Dataset_BUSI_with_GT/benign/benign (6).png,BUSI/Dataset_BUSI_with_GT/benign/benign (6)_mask.png,BUSI,benign,val
BUSI/Dataset_BUSI_with_GT/benign/benign (99).png,BUSI/Dataset_BUSI_with_GT/benign/benign (99)_mask.png,BUSI,benign,val
BUSI/Dataset_BUSI_with_GT/benign/benign (70).png,BUSI/Dataset_BUSI_with_GT/benign/benign (70)_mask.png,BUSI,benign,val
BUSI/Dataset_BUSI_with_GT/malignant/malignant (199).png,BUSI/Dataset_BUSI_with_GT/malignant/malignant (199)_mask.png,BUSI,malignant,val
BUSI/Dataset_BUSI_with_GT/benign/benign (217).png,BUSI/Dataset_BUSI_with_GT/benign/benign (217)_mask.png,BUSI,benign,val
BUSI/Dataset_BUSI_with_GT/benign/benign (169).png,BUSI/Dataset_BUSI_with_GT/benign/benign (169)_mask.png,BUSI,benign,val
BUSI/Dataset_BUSI_with_GT/benign/benign (232).png,BUSI/Dataset_BUSI_with_GT/benign/benign (232)_mask.png,BUSI,benign,val
BUSI/Dataset_BUSI_with_GT/malignant/malignant (28).png,BUSI/Dataset_BUSI_with_GT/malignant/malignant (28)_mask.png,BUSI,malignant,val
BUSI/Dataset_BUSI_with_GT/benign/benign (279).png,BUSI/Dataset_BUSI_with_GT/benign/benign (279)_mask.png,BUSI,benign,val
BUSI/Dataset_BUSI_with_GT/malignant/malignant (51).png,BUSI/Dataset_BUSI_with_GT/malignant/malignant (51)_mask.png,BUSI,malignant,val
BUSI/Dataset_BUSI_with_GT/malignant/malignant (59).png,BUSI/Dataset_BUSI_with_GT/malignant/malignant (59)_mask.png,BUSI,malignant,val
BUSI/Dataset_BUSI_with_GT/benign/benign (307).png,BUSI/Dataset_BUSI_with_GT/benign/benign (307)_mask.png,BUSI,benign,val
BUSI/Dataset_BUSI_with_GT/benign/benign (172).png,BUSI/Dataset_BUSI_with_GT/benign/benign (172)_mask.png,BUSI,benign,val
BUSI/Dataset_BUSI_with_GT/benign/benign (337).png,BUSI/Dataset_BUSI_with_GT/benign/benign (337)_mask.png,BUSI,benign,val
BUSI/Dataset_BUSI_with_GT/benign/benign (165).png,BUSI/Dataset_BUSI_with_GT/benign/benign (165)_mask.png,BUSI,benign,val
BUSI/Dataset_BUSI_with_GT/benign/benign (125).png,BUSI/Dataset_BUSI_with_GT/benign/benign (125)_mask.png,BUSI,benign,val
BUSI/Dataset_BUSI_with_GT/malignant/malignant (23).png,BUSI/Dataset_BUSI_with_GT/malignant/malignant (23)_mask.png,BUSI,malignant,val
BUSI/Dataset_BUSI_with_GT/benign/benign (143).png,BUSI/Dataset_BUSI_with_GT/benign/benign (143)_mask.png,BUSI,benign,val
BUSI/Dataset_BUSI_with_GT/benign/benign (109).png,BUSI/Dataset_BUSI_with_GT/benign/benign (109)_mask.png,BUSI,benign,val
BUSI/Dataset_BUSI_with_GT/benign/benign (81).png,BUSI/Dataset_BUSI_with_GT/benign/benign (81)_mask.png,BUSI,benign,val
BUSI/Dataset_BUSI_with_GT/benign/benign (225).png,BUSI/Dataset_BUSI_with_GT/benign/benign (225)_mask.png,BUSI,benign,val
BUSI/Dataset_BUSI_with_GT/malignant/malignant (93).png,BUSI/Dataset_BUSI_with_GT/malignant/malignant (93)_mask.png,BUSI,malignant,val
BUSI/Dataset_BUSI_with_GT/benign/benign (43).png,BUSI/Dataset_BUSI_with_GT/benign/benign (43)_mask.png,BUSI,benign,val
BUSI/Dataset_BUSI_with_GT/benign/benign (126).png,BUSI/Dataset_BUSI_with_GT/benign/benign (126)_mask.png,BUSI,benign,val
BUSI/Dataset_BUSI_with_GT/benign/benign (173).png,BUSI/Dataset_BUSI_with_GT/benign/benign (173)_mask.png,BUSI,benign,val
BUSI/Dataset_BUSI_with_GT/malignant/malignant (95).png,BUSI/Dataset_BUSI_with_GT/malignant/malignant (95)_mask.png,BUSI,malignant,val
BUSI/Dataset_BUSI_with_GT/benign/benign (33).png,BUSI/Dataset_BUSI_with_GT/benign/benign (33)_mask.png,BUSI,benign,val
BUSI/Dataset_BUSI_with_GT/benign/benign (139).png,BUSI/Dataset_BUSI_with_GT/benign/benign (139)_mask.png,BUSI,benign,val
BUSI/Dataset_BUSI_with_GT/benign/benign (362).png,BUSI/Dataset_BUSI_with_GT/benign/benign (362)_mask.png,BUSI,benign,val
BUSI/Dataset_BUSI_with_GT/benign/benign (338).png,BUSI/Dataset_BUSI_with_GT/benign/benign (338)_mask.png,BUSI,benign,val
BUSI/Dataset_BUSI_with_GT/benign/benign (156).png,BUSI/Dataset_BUSI_with_GT/benign/benign (156)_mask.png,BUSI,benign,val
BUSI/Dataset_BUSI_with_GT/benign/benign (92).png,BUSI/Dataset_BUSI_with_GT/benign/benign (92)_mask.png,BUSI,benign,val
BUSI/Dataset_BUSI_with_GT/benign/benign (388).png,BUSI/Dataset_BUSI_with_GT/benign/benign (388)_mask.png,BUSI,benign,val
BUSI/Dataset_BUSI_with_GT/benign/benign (432).png,BUSI/Dataset_BUSI_with_GT/benign/benign (432)_mask.png,BUSI,benign,val
BUSI/Dataset_BUSI_with_GT/malignant/malignant (56).png,BUSI/Dataset_BUSI_with_GT/malignant/malignant (56)_mask.png,BUSI,malignant,val
BUSI/Dataset_BUSI_with_GT/benign/benign (437).png,BUSI/Dataset_BUSI_with_GT/benign/benign (437)_mask.png,BUSI,benign,val
BUSI/Dataset_BUSI_with_GT/benign/benign (400).png,BUSI/Dataset_BUSI_with_GT/benign/benign (400)_mask.png,BUSI,benign,val
BUSI/Dataset_BUSI_with_GT/benign/benign (170).png,BUSI/Dataset_BUSI_with_GT/benign/benign (170)_mask.png,BUSI,benign,val
BUSI/Dataset_BUSI_with_GT/benign/benign (298).png,BUSI/Dataset_BUSI_with_GT/benign/benign (298)_mask.png,BUSI,benign,val
BUSI/Dataset_BUSI_with_GT/malignant/malignant (151).png,BUSI/Dataset_BUSI_with_GT/malignant/malignant (151)_mask.png,BUSI,malignant,val
BUSI/Dataset_BUSI_with_GT/malignant/malignant (157).png,BUSI/Dataset_BUSI_with_GT/malignant/malignant (157)_mask.png,BUSI,malignant,val
BUSI/Dataset_BUSI_with_GT/benign/benign (399).png,BUSI/Dataset_BUSI_with_GT/benign/benign (399)_mask.png,BUSI,benign,val
BUSI/Dataset_BUSI_with_GT/benign/benign (201).png,BUSI/Dataset_BUSI_with_GT/benign/benign (201)_mask.png,BUSI,benign,val
BUSI/Dataset_BUSI_with_GT/benign/benign (205).png,BUSI/Dataset_BUSI_with_GT/benign/benign (205)_mask.png,BUSI,benign,val
BUSI/Dataset_BUSI_with_GT/benign/benign (23).png,BUSI/Dataset_BUSI_with_GT/benign/benign (23)_mask.png,BUSI,benign,val
BUSI/Dataset_BUSI_with_GT/benign/benign (218).png,BUSI/Dataset_BUSI_with_GT/benign/benign (218)_mask.png,BUSI,benign,val
BUSI/Dataset_BUSI_with_GT/benign/benign (330).png,BUSI/Dataset_BUSI_with_GT/benign/benign (330)_mask.png,BUSI,benign,val
BUSI/Dataset_BUSI_with_GT/benign/benign (296).png,BUSI/Dataset_BUSI_with_GT/benign/benign (296)_mask.png,BUSI,benign,val
BUSI/Dataset_BUSI_with_GT/malignant/malignant (58).png,BUSI/Dataset_BUSI_with_GT/malignant/malignant (58)_mask.png,BUSI,malignant,val
BUSI/Dataset_BUSI_with_GT/benign/benign (310).png,BUSI/Dataset_BUSI_with_GT/benign/benign (310)_mask.png,BUSI,benign,val
BUSI/Dataset_BUSI_with_GT/benign/benign (405).png,BUSI/Dataset_BUSI_with_GT/benign/benign (405)_mask.png,BUSI,benign,val
BUSI/Dataset_BUSI_with_GT/benign/benign (311).png,BUSI/Dataset_BUSI_with_GT/benign/benign (311)_mask.png,BUSI,benign,val
BUSI/Dataset_BUSI_with_GT/benign/benign (69).png,BUSI/Dataset_BUSI_with_GT/benign/benign (69)_mask.png,BUSI,benign,val
BUSI/Dataset_BUSI_with_GT/malignant/malignant (65).png,BUSI/Dataset_BUSI_with_GT/malignant/malignant (65)_mask.png,BUSI,malignant,val
BUSI/Dataset_BUSI_with_GT/malignant/malignant (20).png,BUSI/Dataset_BUSI_with_GT/malignant/malignant (20)_mask.png,BUSI,malignant,val
BUSI/Dataset_BUSI_with_GT/benign/benign (136).png,BUSI/Dataset_BUSI_with_GT/benign/benign (136)_mask.png,BUSI,benign,val
BUSI/Dataset_BUSI_with_GT/benign/benign (174).png,BUSI/Dataset_BUSI_with_GT/benign/benign (174)_mask.png,BUSI,benign,val
BUSI/Dataset_BUSI_with_GT/benign/benign (120).png,BUSI/Dataset_BUSI_with_GT/benign/benign (120)_mask.png,BUSI,benign,val
BUSI/Dataset_BUSI_with_GT/malignant/malignant (129).png,BUSI/Dataset_BUSI_with_GT/malignant/malignant (129)_mask.png,BUSI,malignant,test
BUSI/Dataset_BUSI_with_GT/benign/benign (425).png,BUSI/Dataset_BUSI_with_GT/benign/benign (425)_mask.png,BUSI,benign,test
BUSI/Dataset_BUSI_with_GT/benign/benign (322).png,BUSI/Dataset_BUSI_with_GT/benign/benign (322)_mask.png,BUSI,benign,test
BUSI/Dataset_BUSI_with_GT/malignant/malignant (96).png,BUSI/Dataset_BUSI_with_GT/malignant/malignant (96)_mask.png,BUSI,malignant,test
BUSI/Dataset_BUSI_with_GT/benign/benign (246).png,BUSI/Dataset_BUSI_with_GT/benign/benign (246)_mask.png,BUSI,benign,test
BUSI/Dataset_BUSI_with_GT/benign/benign (299).png,BUSI/Dataset_BUSI_with_GT/benign/benign (299)_mask.png,BUSI,benign,test
BUSI/Dataset_BUSI_with_GT/benign/benign (394).png,BUSI/Dataset_BUSI_with_GT/benign/benign (394)_mask.png,BUSI,benign,test
BUSI/Dataset_BUSI_with_GT/benign/benign (321).png,BUSI/Dataset_BUSI_with_GT/benign/benign (321)_mask.png,BUSI,benign,test
BUSI/Dataset_BUSI_with_GT/benign/benign (162).png,BUSI/Dataset_BUSI_with_GT/benign/benign (162)_mask.png,BUSI,benign,test
BUSI/Dataset_BUSI_with_GT/malignant/malignant (173).png,BUSI/Dataset_BUSI_with_GT/malignant/malignant (173)_mask.png,BUSI,malignant,test
BUSI/Dataset_BUSI_with_GT/benign/benign (12).png,BUSI/Dataset_BUSI_with_GT/benign/benign (12)_mask.png,BUSI,benign,test
BUSI/Dataset_BUSI_with_GT/benign/benign (161).png,BUSI/Dataset_BUSI_with_GT/benign/benign (161)_mask.png,BUSI,benign,test
BUSI/Dataset_BUSI_with_GT/benign/benign (87).png,BUSI/Dataset_BUSI_with_GT/benign/benign (87)_mask.png,BUSI,benign,test
BUSI/Dataset_BUSI_with_GT/benign/benign (349).png,BUSI/Dataset_BUSI_with_GT/benign/benign (349)_mask.png,BUSI,benign,test
BUSI/Dataset_BUSI_with_GT/benign/benign (138).png,BUSI/Dataset_BUSI_with_GT/benign/benign (138)_mask.png,BUSI,benign,test
BUSI/Dataset_BUSI_with_GT/benign/benign (153).png,BUSI/Dataset_BUSI_with_GT/benign/benign (153)_mask.png,BUSI,benign,test
BUSI/Dataset_BUSI_with_GT/malignant/malignant (41).png,BUSI/Dataset_BUSI_with_GT/malignant/malignant (41)_mask.png,BUSI,malignant,test
BUSI/Dataset_BUSI_with_GT/malignant/malignant (186).png,BUSI/Dataset_BUSI_with_GT/malignant/malignant (186)_mask.png,BUSI,malignant,test
BUSI/Dataset_BUSI_with_GT/benign/benign (222).png,BUSI/Dataset_BUSI_with_GT/benign/benign (222)_mask.png,BUSI,benign,test
BUSI/Dataset_BUSI_with_GT/malignant/malignant (35).png,BUSI/Dataset_BUSI_with_GT/malignant/malignant (35)_mask.png,BUSI,malignant,test
BUSI/Dataset_BUSI_with_GT/benign/benign (220).png,BUSI/Dataset_BUSI_with_GT/benign/benign (220)_mask.png,BUSI,benign,test
BUSI/Dataset_BUSI_with_GT/malignant/malignant (62).png,BUSI/Dataset_BUSI_with_GT/malignant/malignant (62)_mask.png,BUSI,malignant,test
BUSI/Dataset_BUSI_with_GT/benign/benign (414).png,BUSI/Dataset_BUSI_with_GT/benign/benign (414)_mask.png,BUSI,benign,test
BUSI/Dataset_BUSI_with_GT/benign/benign (100).png,BUSI/Dataset_BUSI_with_GT/benign/benign (100)_mask.png,BUSI,benign,test
BUSI/Dataset_BUSI_with_GT/malignant/malignant (116).png,BUSI/Dataset_BUSI_with_GT/malignant/malignant (116)_mask.png,BUSI,malignant,test
BUSI/Dataset_BUSI_with_GT/benign/benign (416).png,BUSI/Dataset_BUSI_with_GT/benign/benign (416)_mask.png,BUSI,benign,test
BUSI/Dataset_BUSI_with_GT/malignant/malignant (38).png,BUSI/Dataset_BUSI_with_GT/malignant/malignant (38)_mask.png,BUSI,malignant,test
BUSI/Dataset_BUSI_with_GT/benign/benign (413).png,BUSI/Dataset_BUSI_with_GT/benign/benign (413)_mask.png,BUSI,benign,test
BUSI/Dataset_BUSI_with_GT/malignant/malignant (76).png,BUSI/Dataset_BUSI_with_GT/malignant/malignant (76)_mask.png,BUSI,malignant,test
BUSI/Dataset_BUSI_with_GT/benign/benign (197).png,BUSI/Dataset_BUSI_with_GT/benign/benign (197)_mask.png,BUSI,benign,test
BUSI/Dataset_BUSI_with_GT/benign/benign (290).png,BUSI/Dataset_BUSI_with_GT/benign/benign (290)_mask.png,BUSI,benign,test
BUSI/Dataset_BUSI_with_GT/benign/benign (134).png,BUSI/Dataset_BUSI_with_GT/benign/benign (134)_mask.png,BUSI,benign,test
BUSI/Dataset_BUSI_with_GT/malignant/malignant (184).png,BUSI/Dataset_BUSI_with_GT/malignant/malignant (184)_mask.png,BUSI,malignant,test
BUSI/Dataset_BUSI_with_GT/malignant/malignant (178).png,BUSI/Dataset_BUSI_with_GT/malignant/malignant (178)_mask.png,BUSI,malignant,test
BUSI/Dataset_BUSI_with_GT/malignant/malignant (104).png,BUSI/Dataset_BUSI_with_GT/malignant/malignant (104)_mask.png,BUSI,malignant,test
BUSI/Dataset_BUSI_with_GT/benign/benign (159).png,BUSI/Dataset_BUSI_with_GT/benign/benign (159)_mask.png,BUSI,benign,test
BUSI/Dataset_BUSI_with_GT/benign/benign (108).png,BUSI/Dataset_BUSI_with_GT/benign/benign (108)_mask.png,BUSI,benign,test
BUSI/Dataset_BUSI_with_GT/malignant/malignant (45).png,BUSI/Dataset_BUSI_with_GT/malignant/malignant (45)_mask.png,BUSI,malignant,test
BUSI/Dataset_BUSI_with_GT/malignant/malignant (204).png,BUSI/Dataset_BUSI_with_GT/malignant/malignant (204)_mask.png,BUSI,malignant,test
BUSI/Dataset_BUSI_with_GT/malignant/malignant (1).png,BUSI/Dataset_BUSI_with_GT/malignant/malignant (1)_mask.png,BUSI,malignant,test
BUSI/Dataset_BUSI_with_GT/benign/benign (361).png,BUSI/Dataset_BUSI_with_GT/benign/benign (361)_mask.png,BUSI,benign,test
BUSI/Dataset_BUSI_with_GT/malignant/malignant (71).png,BUSI/Dataset_BUSI_with_GT/malignant/malignant (71)_mask.png,BUSI,malignant,test
BUSI/Dataset_BUSI_with_GT/malignant/malignant (15).png,BUSI/Dataset_BUSI_with_GT/malignant/malignant (15)_mask.png,BUSI,malignant,test
BUSI/Dataset_BUSI_with_GT/benign/benign (409).png,BUSI/Dataset_BUSI_with_GT/benign/benign (409)_mask.png,BUSI,benign,test
BUSI/Dataset_BUSI_with_GT/benign/benign (258).png,BUSI/Dataset_BUSI_with_GT/benign/benign (258)_mask.png,BUSI,benign,test
BUSI/Dataset_BUSI_with_GT/benign/benign (15).png,BUSI/Dataset_BUSI_with_GT/benign/benign (15)_mask.png,BUSI,benign,test
BUSI/Dataset_BUSI_with_GT/benign/benign (288).png,BUSI/Dataset_BUSI_with_GT/benign/benign (288)_mask.png,BUSI,benign,test
BUSI/Dataset_BUSI_with_GT/benign/benign (379).png,BUSI/Dataset_BUSI_with_GT/benign/benign (379)_mask.png,BUSI,benign,test
BUSI/Dataset_BUSI_with_GT/malignant/malignant (175).png,BUSI/Dataset_BUSI_with_GT/malignant/malignant (175)_mask.png,BUSI,malignant,test
BUSI/Dataset_BUSI_with_GT/benign/benign (37).png,BUSI/Dataset_BUSI_with_GT/benign/benign (37)_mask.png,BUSI,benign,test
BUSI/Dataset_BUSI_with_GT/benign/benign (219).png,BUSI/Dataset_BUSI_with_GT/benign/benign (219)_mask.png,BUSI,benign,test
BUSI/Dataset_BUSI_with_GT/benign/benign (395).png,BUSI/Dataset_BUSI_with_GT/benign/benign (395)_mask.png,BUSI,benign,test
BUSI/Dataset_BUSI_with_GT/benign/benign (104).png,BUSI/Dataset_BUSI_with_GT/benign/benign (104)_mask.png,BUSI,benign,test
BUSI/Dataset_BUSI_with_GT/benign/benign (283).png,BUSI/Dataset_BUSI_with_GT/benign/benign (283)_mask.png,BUSI,benign,test
BUSI/Dataset_BUSI_with_GT/benign/benign (127).png,BUSI/Dataset_BUSI_with_GT/benign/benign (127)_mask.png,BUSI,benign,test
BUSI/Dataset_BUSI_with_GT/malignant/malignant (67).png,BUSI/Dataset_BUSI_with_GT/malignant/malignant (67)_mask.png,BUSI,malignant,test
BUSI/Dataset_BUSI_with_GT/benign/benign (17).png,BUSI/Dataset_BUSI_with_GT/benign/benign (17)_mask.png,BUSI,benign,test
BUSI/Dataset_BUSI_with_GT/benign/benign (180).png,BUSI/Dataset_BUSI_with_GT/benign/benign (180)_mask.png,BUSI,benign,test
BUSI/Dataset_BUSI_with_GT/benign/benign (137).png,BUSI/Dataset_BUSI_with_GT/benign/benign (137)_mask.png,BUSI,benign,test
BUSI/Dataset_BUSI_with_GT/benign/benign (289).png,BUSI/Dataset_BUSI_with_GT/benign/benign (289)_mask.png,BUSI,benign,test
BUSI/Dataset_BUSI_with_GT/benign/benign (149).png,BUSI/Dataset_BUSI_with_GT/benign/benign (149)_mask.png,BUSI,benign,test
BUSI/Dataset_BUSI_with_GT/malignant/malignant (145).png,BUSI/Dataset_BUSI_with_GT/malignant/malignant (145)_mask.png,BUSI,malignant,test
BUSI/Dataset_BUSI_with_GT/benign/benign (323).png,BUSI/Dataset_BUSI_with_GT/benign/benign (323)_mask.png,BUSI,benign,test
BUSI/Dataset_BUSI_with_GT/benign/benign (25).png,BUSI/Dataset_BUSI_with_GT/benign/benign (25)_mask.png,BUSI,benign,test
BUSI/Dataset_BUSI_with_GT/benign/benign (424).png,BUSI/Dataset_BUSI_with_GT/benign/benign (424)_mask.png,BUSI,benign,test
BUSI/Dataset_BUSI_with_GT/benign/benign (371).png,BUSI/Dataset_BUSI_with_GT/benign/benign (371)_mask.png,BUSI,benign,test
BUSI/Dataset_BUSI_with_GT/malignant/malignant (185).png,BUSI/Dataset_BUSI_with_GT/malignant/malignant (185)_mask.png,BUSI,malignant,test
BUSI/Dataset_BUSI_with_GT/benign/benign (259).png,BUSI/Dataset_BUSI_with_GT/benign/benign (259)_mask.png,BUSI,benign,test
BUSI/Dataset_BUSI_with_GT/benign/benign (319).png,BUSI/Dataset_BUSI_with_GT/benign/benign (319)_mask.png,BUSI,benign,test
BUSI/Dataset_BUSI_with_GT/benign/benign (401).png,BUSI/Dataset_BUSI_with_GT/benign/benign (401)_mask.png,BUSI,benign,test
BUSI/Dataset_BUSI_with_GT/benign/benign (340).png,BUSI/Dataset_BUSI_with_GT/benign/benign (340)_mask.png,BUSI,benign,test
BUSI/Dataset_BUSI_with_GT/benign/benign (9).png,BUSI/Dataset_BUSI_with_GT/benign/benign (9)_mask.png,BUSI,benign,test
BUSI/Dataset_BUSI_with_GT/malignant/malignant (164).png,BUSI/Dataset_BUSI_with_GT/malignant/malignant (164)_mask.png,BUSI,malignant,test
BUSI/Dataset_BUSI_with_GT/malignant/malignant (37).png,BUSI/Dataset_BUSI_with_GT/malignant/malignant (37)_mask.png,BUSI,malignant,test
BUSI/Dataset_BUSI_with_GT/benign/benign (198).png,BUSI/Dataset_BUSI_with_GT/benign/benign (198)_mask.png,BUSI,benign,test
BUSI/Dataset_BUSI_with_GT/malignant/malignant (103).png,BUSI/Dataset_BUSI_with_GT/malignant/malignant (103)_mask.png,BUSI,malignant,test
BUSI/Dataset_BUSI_with_GT/benign/benign (199).png,BUSI/Dataset_BUSI_with_GT/benign/benign (199)_mask.png,BUSI,benign,test
BUSI/Dataset_BUSI_with_GT/benign/benign (303).png,BUSI/Dataset_BUSI_with_GT/benign/benign (303)_mask.png,BUSI,benign,test
BUSI/Dataset_BUSI_with_GT/benign/benign (406).png,BUSI/Dataset_BUSI_with_GT/benign/benign (406)_mask.png,BUSI,benign,test
BUSI/Dataset_BUSI_with_GT/benign/benign (436).png,BUSI/Dataset_BUSI_with_GT/benign/benign (436)_mask.png,BUSI,benign,test
BUSI/Dataset_BUSI_with_GT/benign/benign (373).png,BUSI/Dataset_BUSI_with_GT/benign/benign (373)_mask.png,BUSI,benign,test
BUSI/Dataset_BUSI_with_GT/malignant/malignant (135).png,BUSI/Dataset_BUSI_with_GT/malignant/malignant (135)_mask.png,BUSI,malignant,test
BUSI/Dataset_BUSI_with_GT/benign/benign (352).png,BUSI/Dataset_BUSI_with_GT/benign/benign (352)_mask.png,BUSI,benign,test
BUSI/Dataset_BUSI_with_GT/benign/benign (293).png,BUSI/Dataset_BUSI_with_GT/benign/benign (293)_mask.png,BUSI,benign,test
BUSI/Dataset_BUSI_with_GT/benign/benign (105).png,BUSI/Dataset_BUSI_with_GT/benign/benign (105)_mask.png,BUSI,benign,test
BUSI/Dataset_BUSI_with_GT/benign/benign (262).png,BUSI/Dataset_BUSI_with_GT/benign/benign (262)_mask.png,BUSI,benign,test
BUSI/Dataset_BUSI_with_GT/benign/benign (368).png,BUSI/Dataset_BUSI_with_GT/benign/benign (368)_mask.png,BUSI,benign,test
BUSI/Dataset_BUSI_with_GT/benign/benign (36).png,BUSI/Dataset_BUSI_with_GT/benign/benign (36)_mask.png,BUSI,benign,test
BUSI/Dataset_BUSI_with_GT/benign/benign (164).png,BUSI/Dataset_BUSI_with_GT/benign/benign (164)_mask.png,BUSI,benign,test
BUSI/Dataset_BUSI_with_GT/benign/benign (256).png,BUSI/Dataset_BUSI_with_GT/benign/benign (256)_mask.png,BUSI,benign,test
BUSI/Dataset_BUSI_with_GT/benign/benign (272).png,BUSI/Dataset_BUSI_with_GT/benign/benign (272)_mask.png,BUSI,benign,test
BUSI/Dataset_BUSI_with_GT/benign/benign (360).png,BUSI/Dataset_BUSI_with_GT/benign/benign (360)_mask.png,BUSI,benign,test
BUSI/Dataset_BUSI_with_GT/malignant/malignant (209).png,BUSI/Dataset_BUSI_with_GT/malignant/malignant (209)_mask.png,BUSI,malignant,test
BUSI/Dataset_BUSI_with_GT/benign/benign (287).png,BUSI/Dataset_BUSI_with_GT/benign/benign (287)_mask.png,BUSI,benign,test
BUSI/Dataset_BUSI_with_GT/malignant/malignant (60).png,BUSI/Dataset_BUSI_with_GT/malignant/malignant (60)_mask.png,BUSI,malignant,test
BUSI/Dataset_BUSI_with_GT/benign/benign (190).png,BUSI/Dataset_BUSI_with_GT/benign/benign (190)_mask.png,BUSI,benign,test
BUSI/Dataset_BUSI_with_GT/benign/benign (380).png,BUSI/Dataset_BUSI_with_GT/benign/benign (380)_mask.png,BUSI,benign,test
BUSI/Dataset_BUSI_with_GT/benign/benign (387).png,BUSI/Dataset_BUSI_with_GT/benign/benign (387)_mask.png,BUSI,benign,test
BUS-BRA/BUSBRA/Images/bus_1001-l.png,BUS-BRA/BUSBRA/Masks/mask_1001-l.png,BUS-BRA,unknown,train
BUS-BRA/BUSBRA/Images/bus_1042-l.png,BUS-BRA/BUSBRA/Masks/mask_1042-l.png,BUS-BRA,unknown,train
BUS-BRA/BUSBRA/Images/bus_0120-r.png,BUS-BRA/BUSBRA/Masks/mask_0120-r.png,BUS-BRA,unknown,train
BUS-BRA/BUSBRA/Images/bus_0683-s.png,BUS-BRA/BUSBRA/Masks/mask_0683-s.png,BUS-BRA,unknown,train
BUS-BRA/BUSBRA/Images/bus_0848-l.png,BUS-BRA/BUSBRA/Masks/mask_0848-l.png,BUS-BRA,unknown,train
BUS-BRA/BUSBRA/Images/bus_0034-r.png,BUS-BRA/BUSBRA/Masks/mask_0034-r.png,BUS-BRA,unknown,train
BUS-BRA/BUSBRA/Images/bus_0861-r.png,BUS-BRA/BUSBRA/Masks/mask_0861-r.png,BUS-BRA,unknown,train
BUS-BRA/BUSBRA/Images/bus_0975-l.png,BUS-BRA/BUSBRA/Masks/mask_0975-l.png,BUS-BRA,unknown,train
BUS-BRA/BUSBRA/Images/bus_0202-r.png,BUS-BRA/BUSBRA/Masks/mask_0202-r.png,BUS-BRA,unknown,train
BUS-BRA/BUSBRA/Images/bus_0517-l.png,BUS-BRA/BUSBRA/Masks/mask_0517-l.png,BUS-BRA,unknown,train
BUS-BRA/BUSBRA/Images/bus_0586-l.png,BUS-BRA/BUSBRA/Masks/mask_0586-l.png,BUS-BRA,unknown,train
BUS-BRA/BUSBRA/Images/bus_0960-r.png,BUS-BRA/BUSBRA/Masks/mask_0960-r.png,BUS-BRA,unknown,train
BUS-BRA/BUSBRA/Images/bus_0869-r.png,BUS-BRA/BUSBRA/Masks/mask_0869-r.png,BUS-BRA,unknown,train
BUS-BRA/BUSBRA/Images/bus_0894-s.png,BUS-BRA/BUSBRA/Masks/mask_0894-s.png,BUS-BRA,unknown,train
BUS-BRA/BUSBRA/Images/bus_0736-s.png,BUS-BRA/BUSBRA/Masks/mask_0736-s.png,BUS-BRA,unknown,train
BUS-BRA/BUSBRA/Images/bus_0462-r.png,BUS-BRA/BUSBRA/Masks/mask_0462-r.png,BUS-BRA,unknown,train
BUS-BRA/BUSBRA/Images/bus_0870-r.png,BUS-BRA/BUSBRA/Masks/mask_0870-r.png,BUS-BRA,unknown,train
BUS-BRA/BUSBRA/Images/bus_0068-l.png,BUS-BRA/BUSBRA/Masks/mask_0068-l.png,BUS-BRA,unknown,train
BUS-BRA/BUSBRA/Images/bus_0615-r.png,BUS-BRA/BUSBRA/Masks/mask_0615-r.png,BUS-BRA,unknown,train
BUS-BRA/BUSBRA/Images/bus_0645-l.png,BUS-BRA/BUSBRA/Masks/mask_0645-l.png,BUS-BRA,unknown,train
BUS-BRA/BUSBRA/Images/bus_0283-r.png,BUS-BRA/BUSBRA/Masks/mask_0283-r.png,BUS-BRA,unknown,train
BUS-BRA/BUSBRA/Images/bus_0279-l.png,BUS-BRA/BUSBRA/Masks/mask_0279-l.png,BUS-BRA,unknown,train
BUS-BRA/BUSBRA/Images/bus_0048-l.png,BUS-BRA/BUSBRA/Masks/mask_0048-l.png,BUS-BRA,unknown,train
BUS-BRA/BUSBRA/Images/bus_0420-l.png,BUS-BRA/BUSBRA/Masks/mask_0420-l.png,BUS-BRA,unknown,train
BUS-BRA/BUSBRA/Images/bus_0549-r.png,BUS-BRA/BUSBRA/Masks/mask_0549-r.png,BUS-BRA,unknown,train
BUS-BRA/BUSBRA/Images/bus_0211-l.png,BUS-BRA/BUSBRA/Masks/mask_0211-l.png,BUS-BRA,unknown,train
BUS-BRA/BUSBRA/Images/bus_0913-l.png,BUS-BRA/BUSBRA/Masks/mask_0913-l.png,BUS-BRA,unknown,train
BUS-BRA/BUSBRA/Images/bus_0049-r.png,BUS-BRA/BUSBRA/Masks/mask_0049-r.png,BUS-BRA,unknown,train
BUS-BRA/BUSBRA/Images/bus_0908-l.png,BUS-BRA/BUSBRA/Masks/mask_0908-l.png,BUS-BRA,unknown,train
BUS-BRA/BUSBRA/Images/bus_0184-r.png,BUS-BRA/BUSBRA/Masks/mask_0184-r.png,BUS-BRA,unknown,train
BUS-BRA/BUSBRA/Images/bus_0521-r.png,BUS-BRA/BUSBRA/Masks/mask_0521-r.png,BUS-BRA,unknown,train
BUS-BRA/BUSBRA/Images/bus_0670-l.png,BUS-BRA/BUSBRA/Masks/mask_0670-l.png,BUS-BRA,unknown,train
BUS-BRA/BUSBRA/Images/bus_0576-l.png,BUS-BRA/BUSBRA/Masks/mask_0576-l.png,BUS-BRA,unknown,train
BUS-BRA/BUSBRA/Images/bus_0435-l.png,BUS-BRA/BUSBRA/Masks/mask_0435-l.png,BUS-BRA,unknown,train
BUS-BRA/BUSBRA/Images/bus_0448-l.png,BUS-BRA/BUSBRA/Masks/mask_0448-l.png,BUS-BRA,unknown,train
BUS-BRA/BUSBRA/Images/bus_0247-l.png,BUS-BRA/BUSBRA/Masks/mask_0247-l.png,BUS-BRA,unknown,train
BUS-BRA/BUSBRA/Images/bus_0267-l.png,BUS-BRA/BUSBRA/Masks/mask_0267-l.png,BUS-BRA,unknown,train
BUS-BRA/BUSBRA/Images/bus_0770-s.png,BUS-BRA/BUSBRA/Masks/mask_0770-s.png,BUS-BRA,unknown,train
BUS-BRA/BUSBRA/Images/bus_0163-l.png,BUS-BRA/BUSBRA/Masks/mask_0163-l.png,BUS-BRA,unknown,train
BUS-BRA/BUSBRA/Images/bus_0433-r.png,BUS-BRA/BUSBRA/Masks/mask_0433-r.png,BUS-BRA,unknown,train
BUS-BRA/BUSBRA/Images/bus_1057-l.png,BUS-BRA/BUSBRA/Masks/mask_1057-l.png,BUS-BRA,unknown,train
BUS-BRA/BUSBRA/Images/bus_0670-r.png,BUS-BRA/BUSBRA/Masks/mask_0670-r.png,BUS-BRA,unknown,train
BUS-BRA/BUSBRA/Images/bus_0368-l.png,BUS-BRA/BUSBRA/Masks/mask_0368-l.png,BUS-BRA,unknown,train
BUS-BRA/BUSBRA/Images/bus_0341-r.png,BUS-BRA/BUSBRA/Masks/mask_0341-r.png,BUS-BRA,unknown,train
BUS-BRA/BUSBRA/Images/bus_0385-l.png,BUS-BRA/BUSBRA/Masks/mask_0385-l.png,BUS-BRA,unknown,train
BUS-BRA/BUSBRA/Images/bus_0920-s.png,BUS-BRA/BUSBRA/Masks/mask_0920-s.png,BUS-BRA,unknown,train
BUS-BRA/BUSBRA/Images/bus_0384-l.png,BUS-BRA/BUSBRA/Masks/mask_0384-l.png,BUS-BRA,unknown,train
BUS-BRA/BUSBRA/Images/bus_0419-r.png,BUS-BRA/BUSBRA/Masks/mask_0419-r.png,BUS-BRA,unknown,train
BUS-BRA/BUSBRA/Images/bus_0437-r.png,BUS-BRA/BUSBRA/Masks/mask_0437-r.png,BUS-BRA,unknown,train
BUS-BRA/BUSBRA/Images/bus_1003-l.png,BUS-BRA/BUSBRA/Masks/mask_1003-l.png,BUS-BRA,unknown,train
BUS-BRA/BUSBRA/Images/bus_0895-l.png,BUS-BRA/BUSBRA/Masks/mask_0895-l.png,BUS-BRA,unknown,train
BUS-BRA/BUSBRA/Images/bus_0183-r.png,BUS-BRA/BUSBRA/Masks/mask_0183-r.png,BUS-BRA,unknown,train
BUS-BRA/BUSBRA/Images/bus_0604-r.png,BUS-BRA/BUSBRA/Masks/mask_0604-r.png,BUS-BRA,unknown,train
BUS-BRA/BUSBRA/Images/bus_0569-l.png,BUS-BRA/BUSBRA/Masks/mask_0569-l.png,BUS-BRA,unknown,train
BUS-BRA/BUSBRA/Images/bus_0950-r.png,BUS-BRA/BUSBRA/Masks/mask_0950-r.png,BUS-BRA,unknown,train
BUS-BRA/BUSBRA/Images/bus_0438-r.png,BUS-BRA/BUSBRA/Masks/mask_0438-r.png,BUS-BRA,unknown,train
BUS-BRA/BUSBRA/Images/bus_0419-l.png,BUS-BRA/BUSBRA/Masks/mask_0419-l.png,BUS-BRA,unknown,train
BUS-BRA/BUSBRA/Images/bus_0102-r.png,BUS-BRA/BUSBRA/Masks/mask_0102-r.png,BUS-BRA,unknown,train
BUS-BRA/BUSBRA/Images/bus_0653-r.png,BUS-BRA/BUSBRA/Masks/mask_0653-r.png,BUS-BRA,unknown,train
BUS-BRA/BUSBRA/Images/bus_0893-r.png,BUS-BRA/BUSBRA/Masks/mask_0893-r.png,BUS-BRA,unknown,train
BUS-BRA/BUSBRA/Images/bus_0050-r.png,BUS-BRA/BUSBRA/Masks/mask_0050-r.png,BUS-BRA,unknown,train
BUS-BRA/BUSBRA/Images/bus_0701-s.png,BUS-BRA/BUSBRA/Masks/mask_0701-s.png,BUS-BRA,unknown,train
BUS-BRA/BUSBRA/Images/bus_1016-l.png,BUS-BRA/BUSBRA/Masks/mask_1016-l.png,BUS-BRA,unknown,train
BUS-BRA/BUSBRA/Images/bus_0250-l.png,BUS-BRA/BUSBRA/Masks/mask_0250-l.png,BUS-BRA,unknown,train
BUS-BRA/BUSBRA/Images/bus_0032-r.png,BUS-BRA/BUSBRA/Masks/mask_0032-r.png,BUS-BRA,unknown,train
BUS-BRA/BUSBRA/Images/bus_0937-r.png,BUS-BRA/BUSBRA/Masks/mask_0937-r.png,BUS-BRA,unknown,train
BUS-BRA/BUSBRA/Images/bus_0129-r.png,BUS-BRA/BUSBRA/Masks/mask_0129-r.png,BUS-BRA,unknown,train
BUS-BRA/BUSBRA/Images/bus_0065-r.png,BUS-BRA/BUSBRA/Masks/mask_0065-r.png,BUS-BRA,unknown,train
BUS-BRA/BUSBRA/Images/bus_0532-l.png,BUS-BRA/BUSBRA/Masks/mask_0532-l.png,BUS-BRA,unknown,train
BUS-BRA/BUSBRA/Images/bus_0930-r.png,BUS-BRA/BUSBRA/Masks/mask_0930-r.png,BUS-BRA,unknown,train
BUS-BRA/BUSBRA/Images/bus_0782-s.png,BUS-BRA/BUSBRA/Masks/mask_0782-s.png,BUS-BRA,unknown,train
BUS-BRA/BUSBRA/Images/bus_0101-l.png,BUS-BRA/BUSBRA/Masks/mask_0101-l.png,BUS-BRA,unknown,train
BUS-BRA/BUSBRA/Images/bus_0740-s.png,BUS-BRA/BUSBRA/Masks/mask_0740-s.png,BUS-BRA,unknown,train
BUS-BRA/BUSBRA/Images/bus_0318-r.png,BUS-BRA/BUSBRA/Masks/mask_0318-r.png,BUS-BRA,unknown,train
BUS-BRA/BUSBRA/Images/bus_0847-s.png,BUS-BRA/BUSBRA/Masks/mask_0847-s.png,BUS-BRA,unknown,train
BUS-BRA/BUSBRA/Images/bus_0010-r.png,BUS-BRA/BUSBRA/Masks/mask_0010-r.png,BUS-BRA,unknown,train
BUS-BRA/BUSBRA/Images/bus_0232-r.png,BUS-BRA/BUSBRA/Masks/mask_0232-r.png,BUS-BRA,unknown,train
BUS-BRA/BUSBRA/Images/bus_0946-s.png,BUS-BRA/BUSBRA/Masks/mask_0946-s.png,BUS-BRA,unknown,train
BUS-BRA/BUSBRA/Images/bus_0162-l.png,BUS-BRA/BUSBRA/Masks/mask_0162-l.png,BUS-BRA,unknown,train
BUS-BRA/BUSBRA/Images/bus_0861-l.png,BUS-BRA/BUSBRA/Masks/mask_0861-l.png,BUS-BRA,unknown,train
BUS-BRA/BUSBRA/Images/bus_0235-r.png,BUS-BRA/BUSBRA/Masks/mask_0235-r.png,BUS-BRA,unknown,train
BUS-BRA/BUSBRA/Images/bus_0799-s.png,BUS-BRA/BUSBRA/Masks/mask_0799-s.png,BUS-BRA,unknown,train
BUS-BRA/BUSBRA/Images/bus_0710-s.png,BUS-BRA/BUSBRA/Masks/mask_0710-s.png,BUS-BRA,unknown,train
BUS-BRA/BUSBRA/Images/bus_0019-l.png,BUS-BRA/BUSBRA/Masks/mask_0019-l.png,BUS-BRA,unknown,train
BUS-BRA/BUSBRA/Images/bus_1036-r.png,BUS-BRA/BUSBRA/Masks/mask_1036-r.png,BUS-BRA,unknown,train
BUS-BRA/BUSBRA/Images/bus_0867-r.png,BUS-BRA/BUSBRA/Masks/mask_0867-r.png,BUS-BRA,unknown,train
BUS-BRA/BUSBRA/Images/bus_0124-r.png,BUS-BRA/BUSBRA/Masks/mask_0124-r.png,BUS-BRA,unknown,train
BUS-BRA/BUSBRA/Images/bus_0435-r.png,BUS-BRA/BUSBRA/Masks/mask_0435-r.png,BUS-BRA,unknown,train
BUS-BRA/BUSBRA/Images/bus_0183-l.png,BUS-BRA/BUSBRA/Masks/mask_0183-l.png,BUS-BRA,unknown,train
BUS-BRA/BUSBRA/Images/bus_0303-r.png,BUS-BRA/BUSBRA/Masks/mask_0303-r.png,BUS-BRA,unknown,train
BUS-BRA/BUSBRA/Images/bus_0663-r.png,BUS-BRA/BUSBRA/Masks/mask_0663-r.png,BUS-BRA,unknown,train
BUS-BRA/BUSBRA/Images/bus_0877-l.png,BUS-BRA/BUSBRA/Masks/mask_0877-l.png,BUS-BRA,unknown,train
BUS-BRA/BUSBRA/Images/bus_0587-r.png,BUS-BRA/BUSBRA/Masks/mask_0587-r.png,BUS-BRA,unknown,train
BUS-BRA/BUSBRA/Images/bus_0190-r.png,BUS-BRA/BUSBRA/Masks/mask_0190-r.png,BUS-BRA,unknown,train
BUS-BRA/BUSBRA/Images/bus_0342-l.png,BUS-BRA/BUSBRA/Masks/mask_0342-l.png,BUS-BRA,unknown,train
BUS-BRA/BUSBRA/Images/bus_0085-l.png,BUS-BRA/BUSBRA/Masks/mask_0085-l.png,BUS-BRA,unknown,train
BUS-BRA/BUSBRA/Images/bus_0200-s.png,BUS-BRA/BUSBRA/Masks/mask_0200-s.png,BUS-BRA,unknown,train
BUS-BRA/BUSBRA/Images/bus_0049-l.png,BUS-BRA/BUSBRA/Masks/mask_0049-l.png,BUS-BRA,unknown,train
BUS-BRA/BUSBRA/Images/bus_0028-l.png,BUS-BRA/BUSBRA/Masks/mask_0028-l.png,BUS-BRA,unknown,train
BUS-BRA/BUSBRA/Images/bus_0255-r.png,BUS-BRA/BUSBRA/Masks/mask_0255-r.png,BUS-BRA,unknown,train
BUS-BRA/BUSBRA/Images/bus_0090-l.png,BUS-BRA/BUSBRA/Masks/mask_0090-l.png,BUS-BRA,unknown,train
BUS-BRA/BUSBRA/Images/bus_0489-r.png,BUS-BRA/BUSBRA/Masks/mask_0489-r.png,BUS-BRA,unknown,train
BUS-BRA/BUSBRA/Images/bus_0593-l.png,BUS-BRA/BUSBRA/Masks/mask_0593-l.png,BUS-BRA,unknown,train
BUS-BRA/BUSBRA/Images/bus_0696-s.png,BUS-BRA/BUSBRA/Masks/mask_0696-s.png,BUS-BRA,unknown,train
BUS-BRA/BUSBRA/Images/bus_1062-r.png,BUS-BRA/BUSBRA/Masks/mask_1062-r.png,BUS-BRA,unknown,train
BUS-BRA/BUSBRA/Images/bus_0938-r.png,BUS-BRA/BUSBRA/Masks/mask_0938-r.png,BUS-BRA,unknown,train
BUS-BRA/BUSBRA/Images/bus_0272-l.png,BUS-BRA/BUSBRA/Masks/mask_0272-l.png,BUS-BRA,unknown,train
BUS-BRA/BUSBRA/Images/bus_0104-s.png,BUS-BRA/BUSBRA/Masks/mask_0104-s.png,BUS-BRA,unknown,train
BUS-BRA/BUSBRA/Images/bus_0876-l.png,BUS-BRA/BUSBRA/Masks/mask_0876-l.png,BUS-BRA,unknown,train
BUS-BRA/BUSBRA/Images/bus_0602-l.png,BUS-BRA/BUSBRA/Masks/mask_0602-l.png,BUS-BRA,unknown,train
BUS-BRA/BUSBRA/Images/bus_0854-s.png,BUS-BRA/BUSBRA/Masks/mask_0854-s.png,BUS-BRA,unknown,train
BUS-BRA/BUSBRA/Images/bus_0989-r.png,BUS-BRA/BUSBRA/Masks/mask_0989-r.png,BUS-BRA,unknown,train
BUS-BRA/BUSBRA/Images/bus_0878-s.png,BUS-BRA/BUSBRA/Masks/mask_0878-s.png,BUS-BRA,unknown,train
BUS-BRA/BUSBRA/Images/bus_0286-r.png,BUS-BRA/BUSBRA/Masks/mask_0286-r.png,BUS-BRA,unknown,train
BUS-BRA/BUSBRA/Images/bus_0193-l.png,BUS-BRA/BUSBRA/Masks/mask_0193-l.png,BUS-BRA,unknown,train
BUS-BRA/BUSBRA/Images/bus_0684-s.png,BUS-BRA/BUSBRA/Masks/mask_0684-s.png,BUS-BRA,unknown,train
BUS-BRA/BUSBRA/Images/bus_1044-l.png,BUS-BRA/BUSBRA/Masks/mask_1044-l.png,BUS-BRA,unknown,train
BUS-BRA/BUSBRA/Images/bus_0390-l.png,BUS-BRA/BUSBRA/Masks/mask_0390-l.png,BUS-BRA,unknown,train
BUS-BRA/BUSBRA/Images/bus_1021-r.png,BUS-BRA/BUSBRA/Masks/mask_1021-r.png,BUS-BRA,unknown,train
BUS-BRA/BUSBRA/Images/bus_0475-r.png,BUS-BRA/BUSBRA/Masks/mask_0475-r.png,BUS-BRA,unknown,train
BUS-BRA/BUSBRA/Images/bus_0326-r.png,BUS-BRA/BUSBRA/Masks/mask_0326-r.png,BUS-BRA,unknown,train
BUS-BRA/BUSBRA/Images/bus_1000-l.png,BUS-BRA/BUSBRA/Masks/mask_1000-l.png,BUS-BRA,unknown,train
BUS-BRA/BUSBRA/Images/bus_0141-l.png,BUS-BRA/BUSBRA/Masks/mask_0141-l.png,BUS-BRA,unknown,train
BUS-BRA/BUSBRA/Images/bus_0425-l.png,BUS-BRA/BUSBRA/Masks/mask_0425-l.png,BUS-BRA,unknown,train
BUS-BRA/BUSBRA/Images/bus_0524-l.png,BUS-BRA/BUSBRA/Masks/mask_0524-l.png,BUS-BRA,unknown,train
BUS-BRA/BUSBRA/Images/bus_0765-s.png,BUS-BRA/BUSBRA/Masks/mask_0765-s.png,BUS-BRA,unknown,train
BUS-BRA/BUSBRA/Images/bus_0175-r.png,BUS-BRA/BUSBRA/Masks/mask_0175-r.png,BUS-BRA,unknown,train
BUS-BRA/BUSBRA/Images/bus_0239-l.png,BUS-BRA/BUSBRA/Masks/mask_0239-l.png,BUS-BRA,unknown,train
BUS-BRA/BUSBRA/Images/bus_1015-s.png,BUS-BRA/BUSBRA/Masks/mask_1015-s.png,BUS-BRA,unknown,train
BUS-BRA/BUSBRA/Images/bus_0834-s.png,BUS-BRA/BUSBRA/Masks/mask_0834-s.png,BUS-BRA,unknown,train
BUS-BRA/BUSBRA/Images/bus_0173-r.png,BUS-BRA/BUSBRA/Masks/mask_0173-r.png,BUS-BRA,unknown,train
BUS-BRA/BUSBRA/Images/bus_0236-r.png,BUS-BRA/BUSBRA/Masks/mask_0236-r.png,BUS-BRA,unknown,train
BUS-BRA/BUSBRA/Images/bus_0359-l.png,BUS-BRA/BUSBRA/Masks/mask_0359-l.png,BUS-BRA,unknown,train
BUS-BRA/BUSBRA/Images/bus_0206-l.png,BUS-BRA/BUSBRA/Masks/mask_0206-l.png,BUS-BRA,unknown,train
BUS-BRA/BUSBRA/Images/bus_0306-r.png,BUS-BRA/BUSBRA/Masks/mask_0306-r.png,BUS-BRA,unknown,train
BUS-BRA/BUSBRA/Images/bus_0912-l.png,BUS-BRA/BUSBRA/Masks/mask_0912-l.png,BUS-BRA,unknown,train
BUS-BRA/BUSBRA/Images/bus_0105-r.png,BUS-BRA/BUSBRA/Masks/mask_0105-r.png,BUS-BRA,unknown,train
BUS-BRA/BUSBRA/Images/bus_1052-r.png,BUS-BRA/BUSBRA/Masks/mask_1052-r.png,BUS-BRA,unknown,train
BUS-BRA/BUSBRA/Images/bus_0338-l.png,BUS-BRA/BUSBRA/Masks/mask_0338-l.png,BUS-BRA,unknown,train
BUS-BRA/BUSBRA/Images/bus_0929-r.png,BUS-BRA/BUSBRA/Masks/mask_0929-r.png,BUS-BRA,unknown,train
BUS-BRA/BUSBRA/Images/bus_0589-l.png,BUS-BRA/BUSBRA/Masks/mask_0589-l.png,BUS-BRA,unknown,train
BUS-BRA/BUSBRA/Images/bus_0449-r.png,BUS-BRA/BUSBRA/Masks/mask_0449-r.png,BUS-BRA,unknown,train
BUS-BRA/BUSBRA/Images/bus_1010-l.png,BUS-BRA/BUSBRA/Masks/mask_1010-l.png,BUS-BRA,unknown,train
BUS-BRA/BUSBRA/Images/bus_0167-r.png,BUS-BRA/BUSBRA/Masks/mask_0167-r.png,BUS-BRA,unknown,train
BUS-BRA/BUSBRA/Images/bus_0883-s.png,BUS-BRA/BUSBRA/Masks/mask_0883-s.png,BUS-BRA,unknown,train
BUS-BRA/BUSBRA/Images/bus_0252-l.png,BUS-BRA/BUSBRA/Masks/mask_0252-l.png,BUS-BRA,unknown,train
BUS-BRA/BUSBRA/Images/bus_0639-l.png,BUS-BRA/BUSBRA/Masks/mask_0639-l.png,BUS-BRA,unknown,train
BUS-BRA/BUSBRA/Images/bus_0581-r.png,BUS-BRA/BUSBRA/Masks/mask_0581-r.png,BUS-BRA,unknown,train
BUS-BRA/BUSBRA/Images/bus_0209-r.png,BUS-BRA/BUSBRA/Masks/mask_0209-r.png,BUS-BRA,unknown,train
BUS-BRA/BUSBRA/Images/bus_0545-r.png,BUS-BRA/BUSBRA/Masks/mask_0545-r.png,BUS-BRA,unknown,train
BUS-BRA/BUSBRA/Images/bus_0060-r.png,BUS-BRA/BUSBRA/Masks/mask_0060-r.png,BUS-BRA,unknown,train
BUS-BRA/BUSBRA/Images/bus_0072-l.png,BUS-BRA/BUSBRA/Masks/mask_0072-l.png,BUS-BRA,unknown,train
BUS-BRA/BUSBRA/Images/bus_0982-l.png,BUS-BRA/BUSBRA/Masks/mask_0982-l.png,BUS-BRA,unknown,train
BUS-BRA/BUSBRA/Images/bus_0401-r.png,BUS-BRA/BUSBRA/Masks/mask_0401-r.png,BUS-BRA,unknown,train
BUS-BRA/BUSBRA/Images/bus_0197-r.png,BUS-BRA/BUSBRA/Masks/mask_0197-r.png,BUS-BRA,unknown,train
BUS-BRA/BUSBRA/Images/bus_0941-r.png,BUS-BRA/BUSBRA/Masks/mask_0941-r.png,BUS-BRA,unknown,train
BUS-BRA/BUSBRA/Images/bus_0370-l.png,BUS-BRA/BUSBRA/Masks/mask_0370-l.png,BUS-BRA,unknown,train
BUS-BRA/BUSBRA/Images/bus_0463-r.png,BUS-BRA/BUSBRA/Masks/mask_0463-r.png,BUS-BRA,unknown,train
BUS-BRA/BUSBRA/Images/bus_0416-l.png,BUS-BRA/BUSBRA/Masks/mask_0416-l.png,BUS-BRA,unknown,train
BUS-BRA/BUSBRA/Images/bus_0121-s.png,BUS-BRA/BUSBRA/Masks/mask_0121-s.png,BUS-BRA,unknown,train
BUS-BRA/BUSBRA/Images/bus_0978-r.png,BUS-BRA/BUSBRA/Masks/mask_0978-r.png,BUS-BRA,unknown,train
BUS-BRA/BUSBRA/Images/bus_0080-r.png,BUS-BRA/BUSBRA/Masks/mask_0080-r.png,BUS-BRA,unknown,train
BUS-BRA/BUSBRA/Images/bus_0728-s.png,BUS-BRA/BUSBRA/Masks/mask_0728-s.png,BUS-BRA,unknown,train
BUS-BRA/BUSBRA/Images/bus_0655-r.png,BUS-BRA/BUSBRA/Masks/mask_0655-r.png,BUS-BRA,unknown,train
BUS-BRA/BUSBRA/Images/bus_0850-r.png,BUS-BRA/BUSBRA/Masks/mask_0850-r.png,BUS-BRA,unknown,train
BUS-BRA/BUSBRA/Images/bus_0856-r.png,BUS-BRA/BUSBRA/Masks/mask_0856-r.png,BUS-BRA,unknown,train
BUS-BRA/BUSBRA/Images/bus_0542-l.png,BUS-BRA/BUSBRA/Masks/mask_0542-l.png,BUS-BRA,unknown,train
BUS-BRA/BUSBRA/Images/bus_0627-l.png,BUS-BRA/BUSBRA/Masks/mask_0627-l.png,BUS-BRA,unknown,train
BUS-BRA/BUSBRA/Images/bus_0384-r.png,BUS-BRA/BUSBRA/Masks/mask_0384-r.png,BUS-BRA,unknown,train
BUS-BRA/BUSBRA/Images/bus_0622-r.png,BUS-BRA/BUSBRA/Masks/mask_0622-r.png,BUS-BRA,unknown,train
BUS-BRA/BUSBRA/Images/bus_0412-r.png,BUS-BRA/BUSBRA/Masks/mask_0412-r.png,BUS-BRA,unknown,train
BUS-BRA/BUSBRA/Images/bus_0571-r.png,BUS-BRA/BUSBRA/Masks/mask_0571-r.png,BUS-BRA,unknown,train
BUS-BRA/BUSBRA/Images/bus_0006-s.png,BUS-BRA/BUSBRA/Masks/mask_0006-s.png,BUS-BRA,unknown,train
BUS-BRA/BUSBRA/Images/bus_0916-l.png,BUS-BRA/BUSBRA/Masks/mask_0916-l.png,BUS-BRA,unknown,train
BUS-BRA/BUSBRA/Images/bus_0555-r.png,BUS-BRA/BUSBRA/Masks/mask_0555-r.png,BUS-BRA,unknown,train
BUS-BRA/BUSBRA/Images/bus_0160-r.png,BUS-BRA/BUSBRA/Masks/mask_0160-r.png,BUS-BRA,unknown,train
BUS-BRA/BUSBRA/Images/bus_0165-l.png,BUS-BRA/BUSBRA/Masks/mask_0165-l.png,BUS-BRA,unknown,train
BUS-BRA/BUSBRA/Images/bus_0340-r.png,BUS-BRA/BUSBRA/Masks/mask_0340-r.png,BUS-BRA,unknown,train
BUS-BRA/BUSBRA/Images/bus_0446-l.png,BUS-BRA/BUSBRA/Masks/mask_0446-l.png,BUS-BRA,unknown,train
BUS-BRA/BUSBRA/Images/bus_0411-l.png,BUS-BRA/BUSBRA/Masks/mask_0411-l.png,BUS-BRA,unknown,train
BUS-BRA/BUSBRA/Images/bus_0073-r.png,BUS-BRA/BUSBRA/Masks/mask_0073-r.png,BUS-BRA,unknown,train
BUS-BRA/BUSBRA/Images/bus_0936-l.png,BUS-BRA/BUSBRA/Masks/mask_0936-l.png,BUS-BRA,unknown,train
BUS-BRA/BUSBRA/Images/bus_0181-s.png,BUS-BRA/BUSBRA/Masks/mask_0181-s.png,BUS-BRA,unknown,train
BUS-BRA/BUSBRA/Images/bus_0540-l.png,BUS-BRA/BUSBRA/Masks/mask_0540-l.png,BUS-BRA,unknown,train
BUS-BRA/BUSBRA/Images/bus_0518-r.png,BUS-BRA/BUSBRA/Masks/mask_0518-r.png,BUS-BRA,unknown,train
BUS-BRA/BUSBRA/Images/bus_0658-s.png,BUS-BRA/BUSBRA/Masks/mask_0658-s.png,BUS-BRA,unknown,train
BUS-BRA/BUSBRA/Images/bus_1009-l.png,BUS-BRA/BUSBRA/Masks/mask_1009-l.png,BUS-BRA,unknown,train
BUS-BRA/BUSBRA/Images/bus_0713-l.png,BUS-BRA/BUSBRA/Masks/mask_0713-l.png,BUS-BRA,unknown,train
BUS-BRA/BUSBRA/Images/bus_0499-r.png,BUS-BRA/BUSBRA/Masks/mask_0499-r.png,BUS-BRA,unknown,train
BUS-BRA/BUSBRA/Images/bus_0376-r.png,BUS-BRA/BUSBRA/Masks/mask_0376-r.png,BUS-BRA,unknown,train
BUS-BRA/BUSBRA/Images/bus_0525-r.png,BUS-BRA/BUSBRA/Masks/mask_0525-r.png,BUS-BRA,unknown,train
BUS-BRA/BUSBRA/Images/bus_0502-l.png,BUS-BRA/BUSBRA/Masks/mask_0502-l.png,BUS-BRA,unknown,train
BUS-BRA/BUSBRA/Images/bus_0091-r.png,BUS-BRA/BUSBRA/Masks/mask_0091-r.png,BUS-BRA,unknown,train
BUS-BRA/BUSBRA/Images/bus_0667-l.png,BUS-BRA/BUSBRA/Masks/mask_0667-l.png,BUS-BRA,unknown,train
BUS-BRA/BUSBRA/Images/bus_0344-r.png,BUS-BRA/BUSBRA/Masks/mask_0344-r.png,BUS-BRA,unknown,train
BUS-BRA/BUSBRA/Images/bus_0280-r.png,BUS-BRA/BUSBRA/Masks/mask_0280-r.png,BUS-BRA,unknown,train
BUS-BRA/BUSBRA/Images/bus_0719-s.png,BUS-BRA/BUSBRA/Masks/mask_0719-s.png,BUS-BRA,unknown,train
BUS-BRA/BUSBRA/Images/bus_0324-s.png,BUS-BRA/BUSBRA/Masks/mask_0324-s.png,BUS-BRA,unknown,train
BUS-BRA/BUSBRA/Images/bus_0113-s.png,BUS-BRA/BUSBRA/Masks/mask_0113-s.png,BUS-BRA,unknown,train
BUS-BRA/BUSBRA/Images/bus_0891-l.png,BUS-BRA/BUSBRA/Masks/mask_0891-l.png,BUS-BRA,unknown,train
BUS-BRA/BUSBRA/Images/bus_0415-l.png,BUS-BRA/BUSBRA/Masks/mask_0415-l.png,BUS-BRA,unknown,train
BUS-BRA/BUSBRA/Images/bus_0226-l.png,BUS-BRA/BUSBRA/Masks/mask_0226-l.png,BUS-BRA,unknown,train
BUS-BRA/BUSBRA/Images/bus_0056-l.png,BUS-BRA/BUSBRA/Masks/mask_0056-l.png,BUS-BRA,unknown,train
BUS-BRA/BUSBRA/Images/bus_0995-r.png,BUS-BRA/BUSBRA/Masks/mask_0995-r.png,BUS-BRA,unknown,train
BUS-BRA/BUSBRA/Images/bus_0544-l.png,BUS-BRA/BUSBRA/Masks/mask_0544-l.png,BUS-BRA,unknown,train
BUS-BRA/BUSBRA/Images/bus_0090-r.png,BUS-BRA/BUSBRA/Masks/mask_0090-r.png,BUS-BRA,unknown,train
BUS-BRA/BUSBRA/Images/bus_0230-r.png,BUS-BRA/BUSBRA/Masks/mask_0230-r.png,BUS-BRA,unknown,train
BUS-BRA/BUSBRA/Images/bus_0510-r.png,BUS-BRA/BUSBRA/Masks/mask_0510-r.png,BUS-BRA,unknown,train
BUS-BRA/BUSBRA/Images/bus_0260-l.png,BUS-BRA/BUSBRA/Masks/mask_0260-l.png,BUS-BRA,unknown,train
BUS-BRA/BUSBRA/Images/bus_0490-r.png,BUS-BRA/BUSBRA/Masks/mask_0490-r.png,BUS-BRA,unknown,train
BUS-BRA/BUSBRA/Images/bus_0363-l.png,BUS-BRA/BUSBRA/Masks/mask_0363-l.png,BUS-BRA,unknown,train
BUS-BRA/BUSBRA/Images/bus_0500-l.png,BUS-BRA/BUSBRA/Masks/mask_0500-l.png,BUS-BRA,unknown,train
BUS-BRA/BUSBRA/Images/bus_0951-l.png,BUS-BRA/BUSBRA/Masks/mask_0951-l.png,BUS-BRA,unknown,train
BUS-BRA/BUSBRA/Images/bus_0639-r.png,BUS-BRA/BUSBRA/Masks/mask_0639-r.png,BUS-BRA,unknown,train
BUS-BRA/BUSBRA/Images/bus_0245-l.png,BUS-BRA/BUSBRA/Masks/mask_0245-l.png,BUS-BRA,unknown,train
BUS-BRA/BUSBRA/Images/bus_0497-l.png,BUS-BRA/BUSBRA/Masks/mask_0497-l.png,BUS-BRA,unknown,train
BUS-BRA/BUSBRA/Images/bus_0103-s.png,BUS-BRA/BUSBRA/Masks/mask_0103-s.png,BUS-BRA,unknown,train
BUS-BRA/BUSBRA/Images/bus_0216-l.png,BUS-BRA/BUSBRA/Masks/mask_0216-l.png,BUS-BRA,unknown,train
BUS-BRA/BUSBRA/Images/bus_0313-l.png,BUS-BRA/BUSBRA/Masks/mask_0313-l.png,BUS-BRA,unknown,train
BUS-BRA/BUSBRA/Images/bus_0890-r.png,BUS-BRA/BUSBRA/Masks/mask_0890-r.png,BUS-BRA,unknown,train
BUS-BRA/BUSBRA/Images/bus_0923-l.png,BUS-BRA/BUSBRA/Masks/mask_0923-l.png,BUS-BRA,unknown,train
BUS-BRA/BUSBRA/Images/bus_0512-l.png,BUS-BRA/BUSBRA/Masks/mask_0512-l.png,BUS-BRA,unknown,train
BUS-BRA/BUSBRA/Images/bus_0891-r.png,BUS-BRA/BUSBRA/Masks/mask_0891-r.png,BUS-BRA,unknown,train
BUS-BRA/BUSBRA/Images/bus_0428-l.png,BUS-BRA/BUSBRA/Masks/mask_0428-l.png,BUS-BRA,unknown,train
BUS-BRA/BUSBRA/Images/bus_0487-r.png,BUS-BRA/BUSBRA/Masks/mask_0487-r.png,BUS-BRA,unknown,train
BUS-BRA/BUSBRA/Images/bus_0648-r.png,BUS-BRA/BUSBRA/Masks/mask_0648-r.png,BUS-BRA,unknown,train
BUS-BRA/BUSBRA/Images/bus_0733-s.png,BUS-BRA/BUSBRA/Masks/mask_0733-s.png,BUS-BRA,unknown,train
BUS-BRA/BUSBRA/Images/bus_0361-l.png,BUS-BRA/BUSBRA/Masks/mask_0361-l.png,BUS-BRA,unknown,train
BUS-BRA/BUSBRA/Images/bus_0082-s.png,BUS-BRA/BUSBRA/Masks/mask_0082-s.png,BUS-BRA,unknown,train
BUS-BRA/BUSBRA/Images/bus_0806-s.png,BUS-BRA/BUSBRA/Masks/mask_0806-s.png,BUS-BRA,unknown,train
BUS-BRA/BUSBRA/Images/bus_0720-s.png,BUS-BRA/BUSBRA/Masks/mask_0720-s.png,BUS-BRA,unknown,train
BUS-BRA/BUSBRA/Images/bus_0231-r.png,BUS-BRA/BUSBRA/Masks/mask_0231-r.png,BUS-BRA,unknown,train
BUS-BRA/BUSBRA/Images/bus_0345-r.png,BUS-BRA/BUSBRA/Masks/mask_0345-r.png,BUS-BRA,unknown,train
BUS-BRA/BUSBRA/Images/bus_0699-s.png,BUS-BRA/BUSBRA/Masks/mask_0699-s.png,BUS-BRA,unknown,train
BUS-BRA/BUSBRA/Images/bus_0998-s.png,BUS-BRA/BUSBRA/Masks/mask_0998-s.png,BUS-BRA,unknown,train
BUS-BRA/BUSBRA/Images/bus_0334-r.png,BUS-BRA/BUSBRA/Masks/mask_0334-r.png,BUS-BRA,unknown,train
BUS-BRA/BUSBRA/Images/bus_0166-r.png,BUS-BRA/BUSBRA/Masks/mask_0166-r.png,BUS-BRA,unknown,train
BUS-BRA/BUSBRA/Images/bus_0482-r.png,BUS-BRA/BUSBRA/Masks/mask_0482-r.png,BUS-BRA,unknown,train
BUS-BRA/BUSBRA/Images/bus_1017-r.png,BUS-BRA/BUSBRA/Masks/mask_1017-r.png,BUS-BRA,unknown,train
BUS-BRA/BUSBRA/Images/bus_0051-r.png,BUS-BRA/BUSBRA/Masks/mask_0051-r.png,BUS-BRA,unknown,train
BUS-BRA/BUSBRA/Images/bus_0024-l.png,BUS-BRA/BUSBRA/Masks/mask_0024-l.png,BUS-BRA,unknown,train
BUS-BRA/BUSBRA/Images/bus_0968-r.png,BUS-BRA/BUSBRA/Masks/mask_0968-r.png,BUS-BRA,unknown,train
BUS-BRA/BUSBRA/Images/bus_1031-r.png,BUS-BRA/BUSBRA/Masks/mask_1031-r.png,BUS-BRA,unknown,train
BUS-BRA/BUSBRA/Images/bus_0075-l.png,BUS-BRA/BUSBRA/Masks/mask_0075-l.png,BUS-BRA,unknown,train
BUS-BRA/BUSBRA/Images/bus_0618-r.png,BUS-BRA/BUSBRA/Masks/mask_0618-r.png,BUS-BRA,unknown,train
BUS-BRA/BUSBRA/Images/bus_0465-r.png,BUS-BRA/BUSBRA/Masks/mask_0465-r.png,BUS-BRA,unknown,train
BUS-BRA/BUSBRA/Images/bus_0526-l.png,BUS-BRA/BUSBRA/Masks/mask_0526-l.png,BUS-BRA,unknown,train
BUS-BRA/BUSBRA/Images/bus_0994-l.png,BUS-BRA/BUSBRA/Masks/mask_0994-l.png,BUS-BRA,unknown,train
BUS-BRA/BUSBRA/Images/bus_0788-s.png,BUS-BRA/BUSBRA/Masks/mask_0788-s.png,BUS-BRA,unknown,train
BUS-BRA/BUSBRA/Images/bus_0095-s.png,BUS-BRA/BUSBRA/Masks/mask_0095-s.png,BUS-BRA,unknown,train
BUS-BRA/BUSBRA/Images/bus_0391-l.png,BUS-BRA/BUSBRA/Masks/mask_0391-l.png,BUS-BRA,unknown,train
BUS-BRA/BUSBRA/Images/bus_0164-r.png,BUS-BRA/BUSBRA/Masks/mask_0164-r.png,BUS-BRA,unknown,train
BUS-BRA/BUSBRA/Images/bus_0987-r.png,BUS-BRA/BUSBRA/Masks/mask_0987-r.png,BUS-BRA,unknown,train
BUS-BRA/BUSBRA/Images/bus_1014-l.png,BUS-BRA/BUSBRA/Masks/mask_1014-l.png,BUS-BRA,unknown,train
BUS-BRA/BUSBRA/Images/bus_0479-l.png,BUS-BRA/BUSBRA/Masks/mask_0479-l.png,BUS-BRA,unknown,train
BUS-BRA/BUSBRA/Images/bus_0418-l.png,BUS-BRA/BUSBRA/Masks/mask_0418-l.png,BUS-BRA,unknown,train
BUS-BRA/BUSBRA/Images/bus_0194-l.png,BUS-BRA/BUSBRA/Masks/mask_0194-l.png,BUS-BRA,unknown,train
BUS-BRA/BUSBRA/Images/bus_0309-l.png,BUS-BRA/BUSBRA/Masks/mask_0309-l.png,BUS-BRA,unknown,train
BUS-BRA/BUSBRA/Images/bus_0800-s.png,BUS-BRA/BUSBRA/Masks/mask_0800-s.png,BUS-BRA,unknown,train
BUS-BRA/BUSBRA/Images/bus_1009-r.png,BUS-BRA/BUSBRA/Masks/mask_1009-r.png,BUS-BRA,unknown,train
BUS-BRA/BUSBRA/Images/bus_0759-s.png,BUS-BRA/BUSBRA/Masks/mask_0759-s.png,BUS-BRA,unknown,train
BUS-BRA/BUSBRA/Images/bus_0864-r.png,BUS-BRA/BUSBRA/Masks/mask_0864-r.png,BUS-BRA,unknown,train
BUS-BRA/BUSBRA/Images/bus_0645-r.png,BUS-BRA/BUSBRA/Masks/mask_0645-r.png,BUS-BRA,unknown,train
BUS-BRA/BUSBRA/Images/bus_0482-l.png,BUS-BRA/BUSBRA/Masks/mask_0482-l.png,BUS-BRA,unknown,train
BUS-BRA/BUSBRA/Images/bus_0250-r.png,BUS-BRA/BUSBRA/Masks/mask_0250-r.png,BUS-BRA,unknown,train
BUS-BRA/BUSBRA/Images/bus_0208-r.png,BUS-BRA/BUSBRA/Masks/mask_0208-r.png,BUS-BRA,unknown,train
BUS-BRA/BUSBRA/Images/bus_0186-r.png,BUS-BRA/BUSBRA/Masks/mask_0186-r.png,BUS-BRA,unknown,train
BUS-BRA/BUSBRA/Images/bus_0595-r.png,BUS-BRA/BUSBRA/Masks/mask_0595-r.png,BUS-BRA,unknown,train
BUS-BRA/BUSBRA/Images/bus_0947-r.png,BUS-BRA/BUSBRA/Masks/mask_0947-r.png,BUS-BRA,unknown,train
BUS-BRA/BUSBRA/Images/bus_1011-r.png,BUS-BRA/BUSBRA/Masks/mask_1011-r.png,BUS-BRA,unknown,train
BUS-BRA/BUSBRA/Images/bus_0437-l.png,BUS-BRA/BUSBRA/Masks/mask_0437-l.png,BUS-BRA,unknown,train
BUS-BRA/BUSBRA/Images/bus_1061-l.png,BUS-BRA/BUSBRA/Masks/mask_1061-l.png,BUS-BRA,unknown,train
BUS-BRA/BUSBRA/Images/bus_0472-r.png,BUS-BRA/BUSBRA/Masks/mask_0472-r.png,BUS-BRA,unknown,train
BUS-BRA/BUSBRA/Images/bus_0995-l.png,BUS-BRA/BUSBRA/Masks/mask_0995-l.png,BUS-BRA,unknown,train
BUS-BRA/BUSBRA/Images/bus_0458-r.png,BUS-BRA/BUSBRA/Masks/mask_0458-r.png,BUS-BRA,unknown,train
BUS-BRA/BUSBRA/Images/bus_1040-r.png,BUS-BRA/BUSBRA/Masks/mask_1040-r.png,BUS-BRA,unknown,train
BUS-BRA/BUSBRA/Images/bus_0556-r.png,BUS-BRA/BUSBRA/Masks/mask_0556-r.png,BUS-BRA,unknown,train
BUS-BRA/BUSBRA/Images/bus_0184-l.png,BUS-BRA/BUSBRA/Masks/mask_0184-l.png,BUS-BRA,unknown,train
BUS-BRA/BUSBRA/Images/bus_0650-l.png,BUS-BRA/BUSBRA/Masks/mask_0650-l.png,BUS-BRA,unknown,train
BUS-BRA/BUSBRA/Images/bus_0178-r.png,BUS-BRA/BUSBRA/Masks/mask_0178-r.png,BUS-BRA,unknown,train
BUS-BRA/BUSBRA/Images/bus_0976-l.png,BUS-BRA/BUSBRA/Masks/mask_0976-l.png,BUS-BRA,unknown,train
BUS-BRA/BUSBRA/Images/bus_0666-l.png,BUS-BRA/BUSBRA/Masks/mask_0666-l.png,BUS-BRA,unknown,train
BUS-BRA/BUSBRA/Images/bus_0934-l.png,BUS-BRA/BUSBRA/Masks/mask_0934-l.png,BUS-BRA,unknown,train
BUS-BRA/BUSBRA/Images/bus_0097-r.png,BUS-BRA/BUSBRA/Masks/mask_0097-r.png,BUS-BRA,unknown,train
BUS-BRA/BUSBRA/Images/bus_0007-r.png,BUS-BRA/BUSBRA/Masks/mask_0007-r.png,BUS-BRA,unknown,train
BUS-BRA/BUSBRA/Images/bus_0099-r.png,BUS-BRA/BUSBRA/Masks/mask_0099-r.png,BUS-BRA,unknown,train
BUS-BRA/BUSBRA/Images/bus_0352-r.png,BUS-BRA/BUSBRA/Masks/mask_0352-r.png,BUS-BRA,unknown,train
BUS-BRA/BUSBRA/Images/bus_0149-r.png,BUS-BRA/BUSBRA/Masks/mask_0149-r.png,BUS-BRA,unknown,train
BUS-BRA/BUSBRA/Images/bus_0681-s.png,BUS-BRA/BUSBRA/Masks/mask_0681-s.png,BUS-BRA,unknown,train
BUS-BRA/BUSBRA/Images/bus_0702-s.png,BUS-BRA/BUSBRA/Masks/mask_0702-s.png,BUS-BRA,unknown,train
BUS-BRA/BUSBRA/Images/bus_0365-l.png,BUS-BRA/BUSBRA/Masks/mask_0365-l.png,BUS-BRA,unknown,train
BUS-BRA/BUSBRA/Images/bus_0148-r.png,BUS-BRA/BUSBRA/Masks/mask_0148-r.png,BUS-BRA,unknown,train
BUS-BRA/BUSBRA/Images/bus_0451-l.png,BUS-BRA/BUSBRA/Masks/mask_0451-l.png,BUS-BRA,unknown,train
BUS-BRA/BUSBRA/Images/bus_1047-l.png,BUS-BRA/BUSBRA/Masks/mask_1047-l.png,BUS-BRA,unknown,train
BUS-BRA/BUSBRA/Images/bus_0079-r.png,BUS-BRA/BUSBRA/Masks/mask_0079-r.png,BUS-BRA,unknown,train
BUS-BRA/BUSBRA/Images/bus_0985-r.png,BUS-BRA/BUSBRA/Masks/mask_0985-r.png,BUS-BRA,unknown,train
BUS-BRA/BUSBRA/Images/bus_0297-r.png,BUS-BRA/BUSBRA/Masks/mask_0297-r.png,BUS-BRA,unknown,train
BUS-BRA/BUSBRA/Images/bus_0494-l.png,BUS-BRA/BUSBRA/Masks/mask_0494-l.png,BUS-BRA,unknown,train
BUS-BRA/BUSBRA/Images/bus_0816-s.png,BUS-BRA/BUSBRA/Masks/mask_0816-s.png,BUS-BRA,unknown,train
BUS-BRA/BUSBRA/Images/bus_0609-l.png,BUS-BRA/BUSBRA/Masks/mask_0609-l.png,BUS-BRA,unknown,train
BUS-BRA/BUSBRA/Images/bus_0582-l.png,BUS-BRA/BUSBRA/Masks/mask_0582-l.png,BUS-BRA,unknown,train
BUS-BRA/BUSBRA/Images/bus_0302-s.png,BUS-BRA/BUSBRA/Masks/mask_0302-s.png,BUS-BRA,unknown,train
BUS-BRA/BUSBRA/Images/bus_0080-l.png,BUS-BRA/BUSBRA/Masks/mask_0080-l.png,BUS-BRA,unknown,train
BUS-BRA/BUSBRA/Images/bus_0935-l.png,BUS-BRA/BUSBRA/Masks/mask_0935-l.png,BUS-BRA,unknown,train
BUS-BRA/BUSBRA/Images/bus_0288-l.png,BUS-BRA/BUSBRA/Masks/mask_0288-l.png,BUS-BRA,unknown,train
BUS-BRA/BUSBRA/Images/bus_0131-l.png,BUS-BRA/BUSBRA/Masks/mask_0131-l.png,BUS-BRA,unknown,train
BUS-BRA/BUSBRA/Images/bus_0390-r.png,BUS-BRA/BUSBRA/Masks/mask_0390-r.png,BUS-BRA,unknown,train
BUS-BRA/BUSBRA/Images/bus_0422-l.png,BUS-BRA/BUSBRA/Masks/mask_0422-l.png,BUS-BRA,unknown,train
BUS-BRA/BUSBRA/Images/bus_0928-l.png,BUS-BRA/BUSBRA/Masks/mask_0928-l.png,BUS-BRA,unknown,train
BUS-BRA/BUSBRA/Images/bus_0473-r.png,BUS-BRA/BUSBRA/Masks/mask_0473-r.png,BUS-BRA,unknown,train
BUS-BRA/BUSBRA/Images/bus_0225-r.png,BUS-BRA/BUSBRA/Masks/mask_0225-r.png,BUS-BRA,unknown,train
BUS-BRA/BUSBRA/Images/bus_0182-r.png,BUS-BRA/BUSBRA/Masks/mask_0182-r.png,BUS-BRA,unknown,train
BUS-BRA/BUSBRA/Images/bus_0543-r.png,BUS-BRA/BUSBRA/Masks/mask_0543-r.png,BUS-BRA,unknown,train
BUS-BRA/BUSBRA/Images/bus_0169-l.png,BUS-BRA/BUSBRA/Masks/mask_0169-l.png,BUS-BRA,unknown,train
BUS-BRA/BUSBRA/Images/bus_0900-r.png,BUS-BRA/BUSBRA/Masks/mask_0900-r.png,BUS-BRA,unknown,train
BUS-BRA/BUSBRA/Images/bus_0860-r.png,BUS-BRA/BUSBRA/Masks/mask_0860-r.png,BUS-BRA,unknown,train
BUS-BRA/BUSBRA/Images/bus_0732-s.png,BUS-BRA/BUSBRA/Masks/mask_0732-s.png,BUS-BRA,unknown,train
BUS-BRA/BUSBRA/Images/bus_0996-l.png,BUS-BRA/BUSBRA/Masks/mask_0996-l.png,BUS-BRA,unknown,train
BUS-BRA/BUSBRA/Images/bus_0386-l.png,BUS-BRA/BUSBRA/Masks/mask_0386-l.png,BUS-BRA,unknown,train
BUS-BRA/BUSBRA/Images/bus_0975-r.png,BUS-BRA/BUSBRA/Masks/mask_0975-r.png,BUS-BRA,unknown,train
BUS-BRA/BUSBRA/Images/bus_0112-l.png,BUS-BRA/BUSBRA/Masks/mask_0112-l.png,BUS-BRA,unknown,train
BUS-BRA/BUSBRA/Images/bus_0241-r.png,BUS-BRA/BUSBRA/Masks/mask_0241-r.png,BUS-BRA,unknown,train
BUS-BRA/BUSBRA/Images/bus_0310-l.png,BUS-BRA/BUSBRA/Masks/mask_0310-l.png,BUS-BRA,unknown,train
BUS-BRA/BUSBRA/Images/bus_0273-r.png,BUS-BRA/BUSBRA/Masks/mask_0273-r.png,BUS-BRA,unknown,train
BUS-BRA/BUSBRA/Images/bus_0328-r.png,BUS-BRA/BUSBRA/Masks/mask_0328-r.png,BUS-BRA,unknown,train
BUS-BRA/BUSBRA/Images/bus_0741-s.png,BUS-BRA/BUSBRA/Masks/mask_0741-s.png,BUS-BRA,unknown,train
BUS-BRA/BUSBRA/Images/bus_0656-r.png,BUS-BRA/BUSBRA/Masks/mask_0656-r.png,BUS-BRA,unknown,train
BUS-BRA/BUSBRA/Images/bus_0961-r.png,BUS-BRA/BUSBRA/Masks/mask_0961-r.png,BUS-BRA,unknown,train
BUS-BRA/BUSBRA/Images/bus_0452-l.png,BUS-BRA/BUSBRA/Masks/mask_0452-l.png,BUS-BRA,unknown,train
BUS-BRA/BUSBRA/Images/bus_0002-r.png,BUS-BRA/BUSBRA/Masks/mask_0002-r.png,BUS-BRA,unknown,train
BUS-BRA/BUSBRA/Images/bus_0568-l.png,BUS-BRA/BUSBRA/Masks/mask_0568-l.png,BUS-BRA,unknown,train
BUS-BRA/BUSBRA/Images/bus_0634-l.png,BUS-BRA/BUSBRA/Masks/mask_0634-l.png,BUS-BRA,unknown,train
BUS-BRA/BUSBRA/Images/bus_0255-l.png,BUS-BRA/BUSBRA/Masks/mask_0255-l.png,BUS-BRA,unknown,train
BUS-BRA/BUSBRA/Images/bus_0180-l.png,BUS-BRA/BUSBRA/Masks/mask_0180-l.png,BUS-BRA,unknown,train
BUS-BRA/BUSBRA/Images/bus_0003-r.png,BUS-BRA/BUSBRA/Masks/mask_0003-r.png,BUS-BRA,unknown,train
BUS-BRA/BUSBRA/Images/bus_0130-l.png,BUS-BRA/BUSBRA/Masks/mask_0130-l.png,BUS-BRA,unknown,train
BUS-BRA/BUSBRA/Images/bus_0296-r.png,BUS-BRA/BUSBRA/Masks/mask_0296-r.png,BUS-BRA,unknown,train
BUS-BRA/BUSBRA/Images/bus_0133-l.png,BUS-BRA/BUSBRA/Masks/mask_0133-l.png,BUS-BRA,unknown,train
BUS-BRA/BUSBRA/Images/bus_0023-l.png,BUS-BRA/BUSBRA/Masks/mask_0023-l.png,BUS-BRA,unknown,train
BUS-BRA/BUSBRA/Images/bus_0294-l.png,BUS-BRA/BUSBRA/Masks/mask_0294-l.png,BUS-BRA,unknown,train
BUS-BRA/BUSBRA/Images/bus_0140-r.png,BUS-BRA/BUSBRA/Masks/mask_0140-r.png,BUS-BRA,unknown,train
BUS-BRA/BUSBRA/Images/bus_0478-l.png,BUS-BRA/BUSBRA/Masks/mask_0478-l.png,BUS-BRA,unknown,train
BUS-BRA/BUSBRA/Images/bus_0715-s.png,BUS-BRA/BUSBRA/Masks/mask_0715-s.png,BUS-BRA,unknown,train
BUS-BRA/BUSBRA/Images/bus_0078-s.png,BUS-BRA/BUSBRA/Masks/mask_0078-s.png,BUS-BRA,unknown,train
BUS-BRA/BUSBRA/Images/bus_0757-s.png,BUS-BRA/BUSBRA/Masks/mask_0757-s.png,BUS-BRA,unknown,train
BUS-BRA/BUSBRA/Images/bus_0945-l.png,BUS-BRA/BUSBRA/Masks/mask_0945-l.png,BUS-BRA,unknown,train
BUS-BRA/BUSBRA/Images/bus_0949-l.png,BUS-BRA/BUSBRA/Masks/mask_0949-l.png,BUS-BRA,unknown,train
BUS-BRA/BUSBRA/Images/bus_0486-l.png,BUS-BRA/BUSBRA/Masks/mask_0486-l.png,BUS-BRA,unknown,train
BUS-BRA/BUSBRA/Images/bus_0443-r.png,BUS-BRA/BUSBRA/Masks/mask_0443-r.png,BUS-BRA,unknown,train
BUS-BRA/BUSBRA/Images/bus_0244-l.png,BUS-BRA/BUSBRA/Masks/mask_0244-l.png,BUS-BRA,unknown,train
BUS-BRA/BUSBRA/Images/bus_0450-l.png,BUS-BRA/BUSBRA/Masks/mask_0450-l.png,BUS-BRA,unknown,train
BUS-BRA/BUSBRA/Images/bus_0992-r.png,BUS-BRA/BUSBRA/Masks/mask_0992-r.png,BUS-BRA,unknown,train
BUS-BRA/BUSBRA/Images/bus_0711-s.png,BUS-BRA/BUSBRA/Masks/mask_0711-s.png,BUS-BRA,unknown,train
BUS-BRA/BUSBRA/Images/bus_0570-r.png,BUS-BRA/BUSBRA/Masks/mask_0570-r.png,BUS-BRA,unknown,train
BUS-BRA/BUSBRA/Images/bus_0980-l.png,BUS-BRA/BUSBRA/Masks/mask_0980-l.png,BUS-BRA,unknown,train
BUS-BRA/BUSBRA/Images/bus_0314-r.png,BUS-BRA/BUSBRA/Masks/mask_0314-r.png,BUS-BRA,unknown,train
BUS-BRA/BUSBRA/Images/bus_0949-r.png,BUS-BRA/BUSBRA/Masks/mask_0949-r.png,BUS-BRA,unknown,train
BUS-BRA/BUSBRA/Images/bus_1048-r.png,BUS-BRA/BUSBRA/Masks/mask_1048-r.png,BUS-BRA,unknown,train
BUS-BRA/BUSBRA/Images/bus_0359-r.png,BUS-BRA/BUSBRA/Masks/mask_0359-r.png,BUS-BRA,unknown,train
BUS-BRA/BUSBRA/Images/bus_0239-r.png,BUS-BRA/BUSBRA/Masks/mask_0239-r.png,BUS-BRA,unknown,train
BUS-BRA/BUSBRA/Images/bus_0994-r.png,BUS-BRA/BUSBRA/Masks/mask_0994-r.png,BUS-BRA,unknown,train
BUS-BRA/BUSBRA/Images/bus_0209-l.png,BUS-BRA/BUSBRA/Masks/mask_0209-l.png,BUS-BRA,unknown,train
BUS-BRA/BUSBRA/Images/bus_0766-s.png,BUS-BRA/BUSBRA/Masks/mask_0766-s.png,BUS-BRA,unknown,train
BUS-BRA/BUSBRA/Images/bus_0597-r.png,BUS-BRA/BUSBRA/Masks/mask_0597-r.png,BUS-BRA,unknown,train
BUS-BRA/BUSBRA/Images/bus_0176-r.png,BUS-BRA/BUSBRA/Masks/mask_0176-r.png,BUS-BRA,unknown,train
BUS-BRA/BUSBRA/Images/bus_0242-r.png,BUS-BRA/BUSBRA/Masks/mask_0242-r.png,BUS-BRA,unknown,train
BUS-BRA/BUSBRA/Images/bus_0566-l.png,BUS-BRA/BUSBRA/Masks/mask_0566-l.png,BUS-BRA,unknown,train
BUS-BRA/BUSBRA/Images/bus_0179-l.png,BUS-BRA/BUSBRA/Masks/mask_0179-l.png,BUS-BRA,unknown,train
BUS-BRA/BUSBRA/Images/bus_0160-l.png,BUS-BRA/BUSBRA/Masks/mask_0160-l.png,BUS-BRA,unknown,train
BUS-BRA/BUSBRA/Images/bus_0531-l.png,BUS-BRA/BUSBRA/Masks/mask_0531-l.png,BUS-BRA,unknown,train
BUS-BRA/BUSBRA/Images/bus_0588-l.png,BUS-BRA/BUSBRA/Masks/mask_0588-l.png,BUS-BRA,unknown,train
BUS-BRA/BUSBRA/Images/bus_0793-s.png,BUS-BRA/BUSBRA/Masks/mask_0793-s.png,BUS-BRA,unknown,train
BUS-BRA/BUSBRA/Images/bus_0233-s.png,BUS-BRA/BUSBRA/Masks/mask_0233-s.png,BUS-BRA,unknown,train
BUS-BRA/BUSBRA/Images/bus_0299-r.png,BUS-BRA/BUSBRA/Masks/mask_0299-r.png,BUS-BRA,unknown,train
BUS-BRA/BUSBRA/Images/bus_0321-s.png,BUS-BRA/BUSBRA/Masks/mask_0321-s.png,BUS-BRA,unknown,train
BUS-BRA/BUSBRA/Images/bus_1045-r.png,BUS-BRA/BUSBRA/Masks/mask_1045-r.png,BUS-BRA,unknown,train
BUS-BRA/BUSBRA/Images/bus_0205-l.png,BUS-BRA/BUSBRA/Masks/mask_0205-l.png,BUS-BRA,unknown,train
BUS-BRA/BUSBRA/Images/bus_0860-l.png,BUS-BRA/BUSBRA/Masks/mask_0860-l.png,BUS-BRA,unknown,train
BUS-BRA/BUSBRA/Images/bus_0687-s.png,BUS-BRA/BUSBRA/Masks/mask_0687-s.png,BUS-BRA,unknown,train
BUS-BRA/BUSBRA/Images/bus_0556-l.png,BUS-BRA/BUSBRA/Masks/mask_0556-l.png,BUS-BRA,unknown,train
BUS-BRA/BUSBRA/Images/bus_0958-r.png,BUS-BRA/BUSBRA/Masks/mask_0958-r.png,BUS-BRA,unknown,train
BUS-BRA/BUSBRA/Images/bus_0875-r.png,BUS-BRA/BUSBRA/Masks/mask_0875-r.png,BUS-BRA,unknown,train
BUS-BRA/BUSBRA/Images/bus_0654-r.png,BUS-BRA/BUSBRA/Masks/mask_0654-r.png,BUS-BRA,unknown,train
BUS-BRA/BUSBRA/Images/bus_0132-r.png,BUS-BRA/BUSBRA/Masks/mask_0132-r.png,BUS-BRA,unknown,train
BUS-BRA/BUSBRA/Images/bus_0552-r.png,BUS-BRA/BUSBRA/Masks/mask_0552-r.png,BUS-BRA,unknown,train
BUS-BRA/BUSBRA/Images/bus_0595-l.png,BUS-BRA/BUSBRA/Masks/mask_0595-l.png,BUS-BRA,unknown,train
BUS-BRA/BUSBRA/Images/bus_0651-r.png,BUS-BRA/BUSBRA/Masks/mask_0651-r.png,BUS-BRA,unknown,train
BUS-BRA/BUSBRA/Images/bus_0546-l.png,BUS-BRA/BUSBRA/Masks/mask_0546-l.png,BUS-BRA,unknown,train
BUS-BRA/BUSBRA/Images/bus_0039-r.png,BUS-BRA/BUSBRA/Masks/mask_0039-r.png,BUS-BRA,unknown,train
BUS-BRA/BUSBRA/Images/bus_0217-r.png,BUS-BRA/BUSBRA/Masks/mask_0217-r.png,BUS-BRA,unknown,train
BUS-BRA/BUSBRA/Images/bus_0313-r.png,BUS-BRA/BUSBRA/Masks/mask_0313-r.png,BUS-BRA,unknown,train
BUS-BRA/BUSBRA/Images/bus_0013-r.png,BUS-BRA/BUSBRA/Masks/mask_0013-r.png,BUS-BRA,unknown,train
BUS-BRA/BUSBRA/Images/bus_0123-l.png,BUS-BRA/BUSBRA/Masks/mask_0123-l.png,BUS-BRA,unknown,train
BUS-BRA/BUSBRA/Images/bus_0825-s.png,BUS-BRA/BUSBRA/Masks/mask_0825-s.png,BUS-BRA,unknown,train
BUS-BRA/BUSBRA/Images/bus_0083-r.png,BUS-BRA/BUSBRA/Masks/mask_0083-r.png,BUS-BRA,unknown,train
BUS-BRA/BUSBRA/Images/bus_0290-r.png,BUS-BRA/BUSBRA/Masks/mask_0290-r.png,BUS-BRA,unknown,train
BUS-BRA/BUSBRA/Images/bus_0434-r.png,BUS-BRA/BUSBRA/Masks/mask_0434-r.png,BUS-BRA,unknown,train
BUS-BRA/BUSBRA/Images/bus_0553-r.png,BUS-BRA/BUSBRA/Masks/mask_0553-r.png,BUS-BRA,unknown,train
BUS-BRA/BUSBRA/Images/bus_0527-r.png,BUS-BRA/BUSBRA/Masks/mask_0527-r.png,BUS-BRA,unknown,train
BUS-BRA/BUSBRA/Images/bus_0050-l.png,BUS-BRA/BUSBRA/Masks/mask_0050-l.png,BUS-BRA,unknown,train
BUS-BRA/BUSBRA/Images/bus_0969-l.png,BUS-BRA/BUSBRA/Masks/mask_0969-l.png,BUS-BRA,unknown,train
BUS-BRA/BUSBRA/Images/bus_0155-r.png,BUS-BRA/BUSBRA/Masks/mask_0155-r.png,BUS-BRA,unknown,train
BUS-BRA/BUSBRA/Images/bus_0505-l.png,BUS-BRA/BUSBRA/Masks/mask_0505-l.png,BUS-BRA,unknown,train
BUS-BRA/BUSBRA/Images/bus_0632-l.png,BUS-BRA/BUSBRA/Masks/mask_0632-l.png,BUS-BRA,unknown,train
BUS-BRA/BUSBRA/Images/bus_0584-r.png,BUS-BRA/BUSBRA/Masks/mask_0584-r.png,BUS-BRA,unknown,train
BUS-BRA/BUSBRA/Images/bus_0585-r.png,BUS-BRA/BUSBRA/Masks/mask_0585-r.png,BUS-BRA,unknown,train
BUS-BRA/BUSBRA/Images/bus_0970-s.png,BUS-BRA/BUSBRA/Masks/mask_0970-s.png,BUS-BRA,unknown,train
BUS-BRA/BUSBRA/Images/bus_0342-r.png,BUS-BRA/BUSBRA/Masks/mask_0342-r.png,BUS-BRA,unknown,train
BUS-BRA/BUSBRA/Images/bus_0673-l.png,BUS-BRA/BUSBRA/Masks/mask_0673-l.png,BUS-BRA,unknown,train
BUS-BRA/BUSBRA/Images/bus_1002-l.png,BUS-BRA/BUSBRA/Masks/mask_1002-l.png,BUS-BRA,unknown,train
BUS-BRA/BUSBRA/Images/bus_0522-l.png,BUS-BRA/BUSBRA/Masks/mask_0522-l.png,BUS-BRA,unknown,train
BUS-BRA/BUSBRA/Images/bus_0672-r.png,BUS-BRA/BUSBRA/Masks/mask_0672-r.png,BUS-BRA,unknown,train
BUS-BRA/BUSBRA/Images/bus_0565-r.png,BUS-BRA/BUSBRA/Masks/mask_0565-r.png,BUS-BRA,unknown,train
BUS-BRA/BUSBRA/Images/bus_0274-r.png,BUS-BRA/BUSBRA/Masks/mask_0274-r.png,BUS-BRA,unknown,train
BUS-BRA/BUSBRA/Images/bus_0156-l.png,BUS-BRA/BUSBRA/Masks/mask_0156-l.png,BUS-BRA,unknown,train
BUS-BRA/BUSBRA/Images/bus_0275-r.png,BUS-BRA/BUSBRA/Masks/mask_0275-r.png,BUS-BRA,unknown,train
BUS-BRA/BUSBRA/Images/bus_0646-l.png,BUS-BRA/BUSBRA/Masks/mask_0646-l.png,BUS-BRA,unknown,train
BUS-BRA/BUSBRA/Images/bus_0202-l.png,BUS-BRA/BUSBRA/Masks/mask_0202-l.png,BUS-BRA,unknown,train
BUS-BRA/BUSBRA/Images/bus_1051-r.png,BUS-BRA/BUSBRA/Masks/mask_1051-r.png,BUS-BRA,unknown,train
BUS-BRA/BUSBRA/Images/bus_0629-r.png,BUS-BRA/BUSBRA/Masks/mask_0629-r.png,BUS-BRA,unknown,train
BUS-BRA/BUSBRA/Images/bus_0338-r.png,BUS-BRA/BUSBRA/Masks/mask_0338-r.png,BUS-BRA,unknown,train
BUS-BRA/BUSBRA/Images/bus_0002-l.png,BUS-BRA/BUSBRA/Masks/mask_0002-l.png,BUS-BRA,unknown,train
BUS-BRA/BUSBRA/Images/bus_0004-l.png,BUS-BRA/BUSBRA/Masks/mask_0004-l.png,BUS-BRA,unknown,train
BUS-BRA/BUSBRA/Images/bus_0601-l.png,BUS-BRA/BUSBRA/Masks/mask_0601-l.png,BUS-BRA,unknown,train
BUS-BRA/BUSBRA/Images/bus_0175-l.png,BUS-BRA/BUSBRA/Masks/mask_0175-l.png,BUS-BRA,unknown,train
BUS-BRA/BUSBRA/Images/bus_0664-s.png,BUS-BRA/BUSBRA/Masks/mask_0664-s.png,BUS-BRA,unknown,train
BUS-BRA/BUSBRA/Images/bus_0528-l.png,BUS-BRA/BUSBRA/Masks/mask_0528-l.png,BUS-BRA,unknown,train
BUS-BRA/BUSBRA/Images/bus_0361-r.png,BUS-BRA/BUSBRA/Masks/mask_0361-r.png,BUS-BRA,unknown,train
BUS-BRA/BUSBRA/Images/bus_0203-l.png,BUS-BRA/BUSBRA/Masks/mask_0203-l.png,BUS-BRA,unknown,train
BUS-BRA/BUSBRA/Images/bus_1050-l.png,BUS-BRA/BUSBRA/Masks/mask_1050-l.png,BUS-BRA,unknown,train
BUS-BRA/BUSBRA/Images/bus_0125-l.png,BUS-BRA/BUSBRA/Masks/mask_0125-l.png,BUS-BRA,unknown,train
BUS-BRA/BUSBRA/Images/bus_0046-l.png,BUS-BRA/BUSBRA/Masks/mask_0046-l.png,BUS-BRA,unknown,train
BUS-BRA/BUSBRA/Images/bus_0520-l.png,BUS-BRA/BUSBRA/Masks/mask_0520-l.png,BUS-BRA,unknown,train
BUS-BRA/BUSBRA/Images/bus_0016-l.png,BUS-BRA/BUSBRA/Masks/mask_0016-l.png,BUS-BRA,unknown,train
BUS-BRA/BUSBRA/Images/bus_0844-s.png,BUS-BRA/BUSBRA/Masks/mask_0844-s.png,BUS-BRA,unknown,train
BUS-BRA/BUSBRA/Images/bus_0285-l.png,BUS-BRA/BUSBRA/Masks/mask_0285-l.png,BUS-BRA,unknown,train
BUS-BRA/BUSBRA/Images/bus_0984-l.png,BUS-BRA/BUSBRA/Masks/mask_0984-l.png,BUS-BRA,unknown,train
BUS-BRA/BUSBRA/Images/bus_0538-l.png,BUS-BRA/BUSBRA/Masks/mask_0538-l.png,BUS-BRA,unknown,train
BUS-BRA/BUSBRA/Images/bus_0346-r.png,BUS-BRA/BUSBRA/Masks/mask_0346-r.png,BUS-BRA,unknown,train
BUS-BRA/BUSBRA/Images/bus_0170-r.png,BUS-BRA/BUSBRA/Masks/mask_0170-r.png,BUS-BRA,unknown,train
BUS-BRA/BUSBRA/Images/bus_0388-l.png,BUS-BRA/BUSBRA/Masks/mask_0388-l.png,BUS-BRA,unknown,train
BUS-BRA/BUSBRA/Images/bus_0374-r.png,BUS-BRA/BUSBRA/Masks/mask_0374-r.png,BUS-BRA,unknown,train
BUS-BRA/BUSBRA/Images/bus_0851-s.png,BUS-BRA/BUSBRA/Masks/mask_0851-s.png,BUS-BRA,unknown,train
BUS-BRA/BUSBRA/Images/bus_1011-l.png,BUS-BRA/BUSBRA/Masks/mask_1011-l.png,BUS-BRA,unknown,train
BUS-BRA/BUSBRA/Images/bus_0339-r.png,BUS-BRA/BUSBRA/Masks/mask_0339-r.png,BUS-BRA,unknown,train
BUS-BRA/BUSBRA/Images/bus_0004-r.png,BUS-BRA/BUSBRA/Masks/mask_0004-r.png,BUS-BRA,unknown,train
BUS-BRA/BUSBRA/Images/bus_0147-r.png,BUS-BRA/BUSBRA/Masks/mask_0147-r.png,BUS-BRA,unknown,train
BUS-BRA/BUSBRA/Images/bus_0430-r.png,BUS-BRA/BUSBRA/Masks/mask_0430-r.png,BUS-BRA,unknown,train
BUS-BRA/BUSBRA/Images/bus_0014-s.png,BUS-BRA/BUSBRA/Masks/mask_0014-s.png,BUS-BRA,unknown,train
BUS-BRA/BUSBRA/Images/bus_0188-l.png,BUS-BRA/BUSBRA/Masks/mask_0188-l.png,BUS-BRA,unknown,train
BUS-BRA/BUSBRA/Images/bus_0309-r.png,BUS-BRA/BUSBRA/Masks/mask_0309-r.png,BUS-BRA,unknown,train
BUS-BRA/BUSBRA/Images/bus_0027-r.png,BUS-BRA/BUSBRA/Masks/mask_0027-r.png,BUS-BRA,unknown,train
BUS-BRA/BUSBRA/Images/bus_0872-r.png,BUS-BRA/BUSBRA/Masks/mask_0872-r.png,BUS-BRA,unknown,train
BUS-BRA/BUSBRA/Images/bus_0061-l.png,BUS-BRA/BUSBRA/Masks/mask_0061-l.png,BUS-BRA,unknown,train
BUS-BRA/BUSBRA/Images/bus_0194-r.png,BUS-BRA/BUSBRA/Masks/mask_0194-r.png,BUS-BRA,unknown,train
BUS-BRA/BUSBRA/Images/bus_0033-l.png,BUS-BRA/BUSBRA/Masks/mask_0033-l.png,BUS-BRA,unknown,train
BUS-BRA/BUSBRA/Images/bus_0138-s.png,BUS-BRA/BUSBRA/Masks/mask_0138-s.png,BUS-BRA,unknown,train
BUS-BRA/BUSBRA/Images/bus_0124-l.png,BUS-BRA/BUSBRA/Masks/mask_0124-l.png,BUS-BRA,unknown,train
BUS-BRA/BUSBRA/Images/bus_0069-l.png,BUS-BRA/BUSBRA/Masks/mask_0069-l.png,BUS-BRA,unknown,train
BUS-BRA/BUSBRA/Images/bus_0617-l.png,BUS-BRA/BUSBRA/Masks/mask_0617-l.png,BUS-BRA,unknown,train
BUS-BRA/BUSBRA/Images/bus_0562-r.png,BUS-BRA/BUSBRA/Masks/mask_0562-r.png,BUS-BRA,unknown,train
BUS-BRA/BUSBRA/Images/bus_0425-r.png,BUS-BRA/BUSBRA/Masks/mask_0425-r.png,BUS-BRA,unknown,train
BUS-BRA/BUSBRA/Images/bus_0555-l.png,BUS-BRA/BUSBRA/Masks/mask_0555-l.png,BUS-BRA,unknown,train
BUS-BRA/BUSBRA/Images/bus_0905-r.png,BUS-BRA/BUSBRA/Masks/mask_0905-r.png,BUS-BRA,unknown,train
BUS-BRA/BUSBRA/Images/bus_0284-l.png,BUS-BRA/BUSBRA/Masks/mask_0284-l.png,BUS-BRA,unknown,train
BUS-BRA/BUSBRA/Images/bus_0135-l.png,BUS-BRA/BUSBRA/Masks/mask_0135-l.png,BUS-BRA,unknown,train
BUS-BRA/BUSBRA/Images/bus_0350-l.png,BUS-BRA/BUSBRA/Masks/mask_0350-l.png,BUS-BRA,unknown,train
BUS-BRA/BUSBRA/Images/bus_0833-s.png,BUS-BRA/BUSBRA/Masks/mask_0833-s.png,BUS-BRA,unknown,train
BUS-BRA/BUSBRA/Images/bus_0289-l.png,BUS-BRA/BUSBRA/Masks/mask_0289-l.png,BUS-BRA,unknown,train
BUS-BRA/BUSBRA/Images/bus_0798-s.png,BUS-BRA/BUSBRA/Masks/mask_0798-s.png,BUS-BRA,unknown,train
BUS-BRA/BUSBRA/Images/bus_0327-r.png,BUS-BRA/BUSBRA/Masks/mask_0327-r.png,BUS-BRA,unknown,train
BUS-BRA/BUSBRA/Images/bus_0937-l.png,BUS-BRA/BUSBRA/Masks/mask_0937-l.png,BUS-BRA,unknown,train
BUS-BRA/BUSBRA/Images/bus_0640-l.png,BUS-BRA/BUSBRA/Masks/mask_0640-l.png,BUS-BRA,unknown,train
BUS-BRA/BUSBRA/Images/bus_0035-r.png,BUS-BRA/BUSBRA/Masks/mask_0035-r.png,BUS-BRA,unknown,train
BUS-BRA/BUSBRA/Images/bus_0849-r.png,BUS-BRA/BUSBRA/Masks/mask_0849-r.png,BUS-BRA,unknown,train
BUS-BRA/BUSBRA/Images/bus_0053-r.png,BUS-BRA/BUSBRA/Masks/mask_0053-r.png,BUS-BRA,unknown,train
BUS-BRA/BUSBRA/Images/bus_0362-l.png,BUS-BRA/BUSBRA/Masks/mask_0362-l.png,BUS-BRA,unknown,train
BUS-BRA/BUSBRA/Images/bus_0159-r.png,BUS-BRA/BUSBRA/Masks/mask_0159-r.png,BUS-BRA,unknown,train
BUS-BRA/BUSBRA/Images/bus_0550-r.png,BUS-BRA/BUSBRA/Masks/mask_0550-r.png,BUS-BRA,unknown,train
BUS-BRA/BUSBRA/Images/bus_0199-r.png,BUS-BRA/BUSBRA/Masks/mask_0199-r.png,BUS-BRA,unknown,train
BUS-BRA/BUSBRA/Images/bus_0558-l.png,BUS-BRA/BUSBRA/Masks/mask_0558-l.png,BUS-BRA,unknown,train
BUS-BRA/BUSBRA/Images/bus_1013-l.png,BUS-BRA/BUSBRA/Masks/mask_1013-l.png,BUS-BRA,unknown,train
BUS-BRA/BUSBRA/Images/bus_0452-r.png,BUS-BRA/BUSBRA/Masks/mask_0452-r.png,BUS-BRA,unknown,train
BUS-BRA/BUSBRA/Images/bus_0675-s.png,BUS-BRA/BUSBRA/Masks/mask_0675-s.png,BUS-BRA,unknown,train
BUS-BRA/BUSBRA/Images/bus_0063-s.png,BUS-BRA/BUSBRA/Masks/mask_0063-s.png,BUS-BRA,unknown,train
BUS-BRA/BUSBRA/Images/bus_0024-r.png,BUS-BRA/BUSBRA/Masks/mask_0024-r.png,BUS-BRA,unknown,train
BUS-BRA/BUSBRA/Images/bus_0071-r.png,BUS-BRA/BUSBRA/Masks/mask_0071-r.png,BUS-BRA,unknown,train
BUS-BRA/BUSBRA/Images/bus_0118-r.png,BUS-BRA/BUSBRA/Masks/mask_0118-r.png,BUS-BRA,unknown,train
BUS-BRA/BUSBRA/Images/bus_0031-s.png,BUS-BRA/BUSBRA/Masks/mask_0031-s.png,BUS-BRA,unknown,train
BUS-BRA/BUSBRA/Images/bus_0295-r.png,BUS-BRA/BUSBRA/Masks/mask_0295-r.png,BUS-BRA,unknown,train
BUS-BRA/BUSBRA/Images/bus_0041-l.png,BUS-BRA/BUSBRA/Masks/mask_0041-l.png,BUS-BRA,unknown,train
BUS-BRA/BUSBRA/Images/bus_0651-l.png,BUS-BRA/BUSBRA/Masks/mask_0651-l.png,BUS-BRA,unknown,train
BUS-BRA/BUSBRA/Images/bus_0835-s.png,BUS-BRA/BUSBRA/Masks/mask_0835-s.png,BUS-BRA,unknown,train
BUS-BRA/BUSBRA/Images/bus_0106-r.png,BUS-BRA/BUSBRA/Masks/mask_0106-r.png,BUS-BRA,unknown,train
BUS-BRA/BUSBRA/Images/bus_0079-l.png,BUS-BRA/BUSBRA/Masks/mask_0079-l.png,BUS-BRA,unknown,train
BUS-BRA/BUSBRA/Images/bus_0478-r.png,BUS-BRA/BUSBRA/Masks/mask_0478-r.png,BUS-BRA,unknown,train
BUS-BRA/BUSBRA/Images/bus_0427-l.png,BUS-BRA/BUSBRA/Masks/mask_0427-l.png,BUS-BRA,unknown,train
BUS-BRA/BUSBRA/Images/bus_0075-r.png,BUS-BRA/BUSBRA/Masks/mask_0075-r.png,BUS-BRA,unknown,train
BUS-BRA/BUSBRA/Images/bus_0047-r.png,BUS-BRA/BUSBRA/Masks/mask_0047-r.png,BUS-BRA,unknown,train
BUS-BRA/BUSBRA/Images/bus_0829-s.png,BUS-BRA/BUSBRA/Masks/mask_0829-s.png,BUS-BRA,unknown,train
BUS-BRA/BUSBRA/Images/bus_0293-s.png,BUS-BRA/BUSBRA/Masks/mask_0293-s.png,BUS-BRA,unknown,train
BUS-BRA/BUSBRA/Images/bus_1018-r.png,BUS-BRA/BUSBRA/Masks/mask_1018-r.png,BUS-BRA,unknown,train
BUS-BRA/BUSBRA/Images/bus_0520-r.png,BUS-BRA/BUSBRA/Masks/mask_0520-r.png,BUS-BRA,unknown,train
BUS-BRA/BUSBRA/Images/bus_0096-s.png,BUS-BRA/BUSBRA/Masks/mask_0096-s.png,BUS-BRA,unknown,train
BUS-BRA/BUSBRA/Images/bus_0143-r.png,BUS-BRA/BUSBRA/Masks/mask_0143-r.png,BUS-BRA,unknown,train
BUS-BRA/BUSBRA/Images/bus_0244-r.png,BUS-BRA/BUSBRA/Masks/mask_0244-r.png,BUS-BRA,unknown,train
BUS-BRA/BUSBRA/Images/bus_0573-r.png,BUS-BRA/BUSBRA/Masks/mask_0573-r.png,BUS-BRA,unknown,train
BUS-BRA/BUSBRA/Images/bus_0458-l.png,BUS-BRA/BUSBRA/Masks/mask_0458-l.png,BUS-BRA,unknown,train
BUS-BRA/BUSBRA/Images/bus_0598-l.png,BUS-BRA/BUSBRA/Masks/mask_0598-l.png,BUS-BRA,unknown,train
BUS-BRA/BUSBRA/Images/bus_0056-r.png,BUS-BRA/BUSBRA/Masks/mask_0056-r.png,BUS-BRA,unknown,train
BUS-BRA/BUSBRA/Images/bus_1050-r.png,BUS-BRA/BUSBRA/Masks/mask_1050-r.png,BUS-BRA,unknown,train
BUS-BRA/BUSBRA/Images/bus_0397-r.png,BUS-BRA/BUSBRA/Masks/mask_0397-r.png,BUS-BRA,unknown,train
BUS-BRA/BUSBRA/Images/bus_0617-r.png,BUS-BRA/BUSBRA/Masks/mask_0617-r.png,BUS-BRA,unknown,train
BUS-BRA/BUSBRA/Images/bus_0059-l.png,BUS-BRA/BUSBRA/Masks/mask_0059-l.png,BUS-BRA,unknown,train
BUS-BRA/BUSBRA/Images/bus_0238-r.png,BUS-BRA/BUSBRA/Masks/mask_0238-r.png,BUS-BRA,unknown,train
BUS-BRA/BUSBRA/Images/bus_0044-r.png,BUS-BRA/BUSBRA/Masks/mask_0044-r.png,BUS-BRA,unknown,train
BUS-BRA/BUSBRA/Images/bus_0964-l.png,BUS-BRA/BUSBRA/Masks/mask_0964-l.png,BUS-BRA,unknown,train
BUS-BRA/BUSBRA/Images/bus_0772-s.png,BUS-BRA/BUSBRA/Masks/mask_0772-s.png,BUS-BRA,unknown,train
BUS-BRA/BUSBRA/Images/bus_0488-l.png,BUS-BRA/BUSBRA/Masks/mask_0488-l.png,BUS-BRA,unknown,train
BUS-BRA/BUSBRA/Images/bus_0925-l.png,BUS-BRA/BUSBRA/Masks/mask_0925-l.png,BUS-BRA,unknown,train
BUS-BRA/BUSBRA/Images/bus_0905-l.png,BUS-BRA/BUSBRA/Masks/mask_0905-l.png,BUS-BRA,unknown,train
BUS-BRA/BUSBRA/Images/bus_0879-l.png,BUS-BRA/BUSBRA/Masks/mask_0879-l.png,BUS-BRA,unknown,train
BUS-BRA/BUSBRA/Images/bus_0410-l.png,BUS-BRA/BUSBRA/Masks/mask_0410-l.png,BUS-BRA,unknown,train
BUS-BRA/BUSBRA/Images/bus_0523-r.png,BUS-BRA/BUSBRA/Masks/mask_0523-r.png,BUS-BRA,unknown,train
BUS-BRA/BUSBRA/Images/bus_0215-l.png,BUS-BRA/BUSBRA/Masks/mask_0215-l.png,BUS-BRA,unknown,train
BUS-BRA/BUSBRA/Images/bus_0136-r.png,BUS-BRA/BUSBRA/Masks/mask_0136-r.png,BUS-BRA,unknown,train
BUS-BRA/BUSBRA/Images/bus_1036-l.png,BUS-BRA/BUSBRA/Masks/mask_1036-l.png,BUS-BRA,unknown,train
BUS-BRA/BUSBRA/Images/bus_0153-l.png,BUS-BRA/BUSBRA/Masks/mask_0153-l.png,BUS-BRA,unknown,train
BUS-BRA/BUSBRA/Images/bus_0812-s.png,BUS-BRA/BUSBRA/Masks/mask_0812-s.png,BUS-BRA,unknown,train
BUS-BRA/BUSBRA/Images/bus_0067-r.png,BUS-BRA/BUSBRA/Masks/mask_0067-r.png,BUS-BRA,unknown,train
BUS-BRA/BUSBRA/Images/bus_0871-s.png,BUS-BRA/BUSBRA/Masks/mask_0871-s.png,BUS-BRA,unknown,train
BUS-BRA/BUSBRA/Images/bus_0365-r.png,BUS-BRA/BUSBRA/Masks/mask_0365-r.png,BUS-BRA,unknown,train
BUS-BRA/BUSBRA/Images/bus_0144-l.png,BUS-BRA/BUSBRA/Masks/mask_0144-l.png,BUS-BRA,unknown,train
BUS-BRA/BUSBRA/Images/bus_0743-s.png,BUS-BRA/BUSBRA/Masks/mask_0743-s.png,BUS-BRA,unknown,train
BUS-BRA/BUSBRA/Images/bus_1062-l.png,BUS-BRA/BUSBRA/Masks/mask_1062-l.png,BUS-BRA,unknown,train
BUS-BRA/BUSBRA/Images/bus_0055-l.png,BUS-BRA/BUSBRA/Masks/mask_0055-l.png,BUS-BRA,unknown,train
BUS-BRA/BUSBRA/Images/bus_0020-l.png,BUS-BRA/BUSBRA/Masks/mask_0020-l.png,BUS-BRA,unknown,train
BUS-BRA/BUSBRA/Images/bus_0953-l.png,BUS-BRA/BUSBRA/Masks/mask_0953-l.png,BUS-BRA,unknown,train
BUS-BRA/BUSBRA/Images/bus_0983-r.png,BUS-BRA/BUSBRA/Masks/mask_0983-r.png,BUS-BRA,unknown,train
BUS-BRA/BUSBRA/Images/bus_0245-r.png,BUS-BRA/BUSBRA/Masks/mask_0245-r.png,BUS-BRA,unknown,train
BUS-BRA/BUSBRA/Images/bus_0387-l.png,BUS-BRA/BUSBRA/Masks/mask_0387-l.png,BUS-BRA,unknown,train
BUS-BRA/BUSBRA/Images/bus_0621-r.png,BUS-BRA/BUSBRA/Masks/mask_0621-r.png,BUS-BRA,unknown,train
BUS-BRA/BUSBRA/Images/bus_0931-l.png,BUS-BRA/BUSBRA/Masks/mask_0931-l.png,BUS-BRA,unknown,train
BUS-BRA/BUSBRA/Images/bus_0001-l.png,BUS-BRA/BUSBRA/Masks/mask_0001-l.png,BUS-BRA,unknown,train
BUS-BRA/BUSBRA/Images/bus_0674-l.png,BUS-BRA/BUSBRA/Masks/mask_0674-l.png,BUS-BRA,unknown,train
BUS-BRA/BUSBRA/Images/bus_0579-r.png,BUS-BRA/BUSBRA/Masks/mask_0579-r.png,BUS-BRA,unknown,train
BUS-BRA/BUSBRA/Images/bus_0583-l.png,BUS-BRA/BUSBRA/Masks/mask_0583-l.png,BUS-BRA,unknown,train
BUS-BRA/BUSBRA/Images/bus_0048-r.png,BUS-BRA/BUSBRA/Masks/mask_0048-r.png,BUS-BRA,unknown,train
BUS-BRA/BUSBRA/Images/bus_0926-r.png,BUS-BRA/BUSBRA/Masks/mask_0926-r.png,BUS-BRA,unknown,train
BUS-BRA/BUSBRA/Images/bus_0367-l.png,BUS-BRA/BUSBRA/Masks/mask_0367-l.png,BUS-BRA,unknown,train
BUS-BRA/BUSBRA/Images/bus_0742-s.png,BUS-BRA/BUSBRA/Masks/mask_0742-s.png,BUS-BRA,unknown,train
BUS-BRA/BUSBRA/Images/bus_0552-l.png,BUS-BRA/BUSBRA/Masks/mask_0552-l.png,BUS-BRA,unknown,train
BUS-BRA/BUSBRA/Images/bus_0414-l.png,BUS-BRA/BUSBRA/Masks/mask_0414-l.png,BUS-BRA,unknown,train
BUS-BRA/BUSBRA/Images/bus_0600-l.png,BUS-BRA/BUSBRA/Masks/mask_0600-l.png,BUS-BRA,unknown,train
BUS-BRA/BUSBRA/Images/bus_0629-l.png,BUS-BRA/BUSBRA/Masks/mask_0629-l.png,BUS-BRA,unknown,train
BUS-BRA/BUSBRA/Images/bus_0859-r.png,BUS-BRA/BUSBRA/Masks/mask_0859-r.png,BUS-BRA,unknown,train
BUS-BRA/BUSBRA/Images/bus_0944-r.png,BUS-BRA/BUSBRA/Masks/mask_0944-r.png,BUS-BRA,unknown,train
BUS-BRA/BUSBRA/Images/bus_0223-l.png,BUS-BRA/BUSBRA/Masks/mask_0223-l.png,BUS-BRA,unknown,train
BUS-BRA/BUSBRA/Images/bus_0931-r.png,BUS-BRA/BUSBRA/Masks/mask_0931-r.png,BUS-BRA,unknown,train
BUS-BRA/BUSBRA/Images/bus_0637-l.png,BUS-BRA/BUSBRA/Masks/mask_0637-l.png,BUS-BRA,unknown,train
BUS-BRA/BUSBRA/Images/bus_0955-l.png,BUS-BRA/BUSBRA/Masks/mask_0955-l.png,BUS-BRA,unknown,train
BUS-BRA/BUSBRA/Images/bus_0060-l.png,BUS-BRA/BUSBRA/Masks/mask_0060-l.png,BUS-BRA,unknown,train
BUS-BRA/BUSBRA/Images/bus_0373-l.png,BUS-BRA/BUSBRA/Masks/mask_0373-l.png,BUS-BRA,unknown,train
BUS-BRA/BUSBRA/Images/bus_0640-r.png,BUS-BRA/BUSBRA/Masks/mask_0640-r.png,BUS-BRA,unknown,train
BUS-BRA/BUSBRA/Images/bus_0442-l.png,BUS-BRA/BUSBRA/Masks/mask_0442-l.png,BUS-BRA,unknown,train
BUS-BRA/BUSBRA/Images/bus_0036-r.png,BUS-BRA/BUSBRA/Masks/mask_0036-r.png,BUS-BRA,unknown,train
BUS-BRA/BUSBRA/Images/bus_0455-l.png,BUS-BRA/BUSBRA/Masks/mask_0455-l.png,BUS-BRA,unknown,train
BUS-BRA/BUSBRA/Images/bus_1037-l.png,BUS-BRA/BUSBRA/Masks/mask_1037-l.png,BUS-BRA,unknown,train
BUS-BRA/BUSBRA/Images/bus_0130-r.png,BUS-BRA/BUSBRA/Masks/mask_0130-r.png,BUS-BRA,unknown,train
BUS-BRA/BUSBRA/Images/bus_0084-l.png,BUS-BRA/BUSBRA/Masks/mask_0084-l.png,BUS-BRA,unknown,train
BUS-BRA/BUSBRA/Images/bus_0573-l.png,BUS-BRA/BUSBRA/Masks/mask_0573-l.png,BUS-BRA,unknown,train
BUS-BRA/BUSBRA/Images/bus_0207-r.png,BUS-BRA/BUSBRA/Masks/mask_0207-r.png,BUS-BRA,unknown,train
BUS-BRA/BUSBRA/Images/bus_0712-s.png,BUS-BRA/BUSBRA/Masks/mask_0712-s.png,BUS-BRA,unknown,train
BUS-BRA/BUSBRA/Images/bus_0981-l.png,BUS-BRA/BUSBRA/Masks/mask_0981-l.png,BUS-BRA,unknown,train
BUS-BRA/BUSBRA/Images/bus_0784-s.png,BUS-BRA/BUSBRA/Masks/mask_0784-s.png,BUS-BRA,unknown,train
BUS-BRA/BUSBRA/Images/bus_0868-r.png,BUS-BRA/BUSBRA/Masks/mask_0868-r.png,BUS-BRA,unknown,train
BUS-BRA/BUSBRA/Images/bus_0642-l.png,BUS-BRA/BUSBRA/Masks/mask_0642-l.png,BUS-BRA,unknown,train
BUS-BRA/BUSBRA/Images/bus_0005-r.png,BUS-BRA/BUSBRA/Masks/mask_0005-r.png,BUS-BRA,unknown,train
BUS-BRA/BUSBRA/Images/bus_0246-l.png,BUS-BRA/BUSBRA/Masks/mask_0246-l.png,BUS-BRA,unknown,train
BUS-BRA/BUSBRA/Images/bus_0383-l.png,BUS-BRA/BUSBRA/Masks/mask_0383-l.png,BUS-BRA,unknown,train
BUS-BRA/BUSBRA/Images/bus_0147-l.png,BUS-BRA/BUSBRA/Masks/mask_0147-l.png,BUS-BRA,unknown,train
BUS-BRA/BUSBRA/Images/bus_0470-l.png,BUS-BRA/BUSBRA/Masks/mask_0470-l.png,BUS-BRA,unknown,train
BUS-BRA/BUSBRA/Images/bus_0215-r.png,BUS-BRA/BUSBRA/Masks/mask_0215-r.png,BUS-BRA,unknown,train
BUS-BRA/BUSBRA/Images/bus_0483-l.png,BUS-BRA/BUSBRA/Masks/mask_0483-l.png,BUS-BRA,unknown,train
BUS-BRA/BUSBRA/Images/bus_0491-l.png,BUS-BRA/BUSBRA/Masks/mask_0491-l.png,BUS-BRA,unknown,train
BUS-BRA/BUSBRA/Images/bus_0921-r.png,BUS-BRA/BUSBRA/Masks/mask_0921-r.png,BUS-BRA,unknown,train
BUS-BRA/BUSBRA/Images/bus_0607-r.png,BUS-BRA/BUSBRA/Masks/mask_0607-r.png,BUS-BRA,unknown,train
BUS-BRA/BUSBRA/Images/bus_0251-r.png,BUS-BRA/BUSBRA/Masks/mask_0251-r.png,BUS-BRA,unknown,train
BUS-BRA/BUSBRA/Images/bus_0624-l.png,BUS-BRA/BUSBRA/Masks/mask_0624-l.png,BUS-BRA,unknown,train
BUS-BRA/BUSBRA/Images/bus_0508-l.png,BUS-BRA/BUSBRA/Masks/mask_0508-l.png,BUS-BRA,unknown,train
BUS-BRA/BUSBRA/Images/bus_0272-r.png,BUS-BRA/BUSBRA/Masks/mask_0272-r.png,BUS-BRA,unknown,train
BUS-BRA/BUSBRA/Images/bus_0398-r.png,BUS-BRA/BUSBRA/Masks/mask_0398-r.png,BUS-BRA,unknown,train
BUS-BRA/BUSBRA/Images/bus_0992-l.png,BUS-BRA/BUSBRA/Masks/mask_0992-l.png,BUS-BRA,unknown,train
BUS-BRA/BUSBRA/Images/bus_0463-l.png,BUS-BRA/BUSBRA/Masks/mask_0463-l.png,BUS-BRA,unknown,train
BUS-BRA/BUSBRA/Images/bus_0394-r.png,BUS-BRA/BUSBRA/Masks/mask_0394-r.png,BUS-BRA,unknown,train
BUS-BRA/BUSBRA/Images/bus_0292-l.png,BUS-BRA/BUSBRA/Masks/mask_0292-l.png,BUS-BRA,unknown,train
BUS-BRA/BUSBRA/Images/bus_0377-r.png,BUS-BRA/BUSBRA/Masks/mask_0377-r.png,BUS-BRA,unknown,train
BUS-BRA/BUSBRA/Images/bus_0688-s.png,BUS-BRA/BUSBRA/Masks/mask_0688-s.png,BUS-BRA,unknown,train
BUS-BRA/BUSBRA/Images/bus_0674-r.png,BUS-BRA/BUSBRA/Masks/mask_0674-r.png,BUS-BRA,unknown,train
BUS-BRA/BUSBRA/Images/bus_0601-r.png,BUS-BRA/BUSBRA/Masks/mask_0601-r.png,BUS-BRA,unknown,train
BUS-BRA/BUSBRA/Images/bus_0544-r.png,BUS-BRA/BUSBRA/Masks/mask_0544-r.png,BUS-BRA,unknown,train
BUS-BRA/BUSBRA/Images/bus_0207-l.png,BUS-BRA/BUSBRA/Masks/mask_0207-l.png,BUS-BRA,unknown,train
BUS-BRA/BUSBRA/Images/bus_0362-r.png,BUS-BRA/BUSBRA/Masks/mask_0362-r.png,BUS-BRA,unknown,train
BUS-BRA/BUSBRA/Images/bus_0948-r.png,BUS-BRA/BUSBRA/Masks/mask_0948-r.png,BUS-BRA,unknown,train
BUS-BRA/BUSBRA/Images/bus_0198-r.png,BUS-BRA/BUSBRA/Masks/mask_0198-r.png,BUS-BRA,unknown,train
BUS-BRA/BUSBRA/Images/bus_0512-r.png,BUS-BRA/BUSBRA/Masks/mask_0512-r.png,BUS-BRA,unknown,train
BUS-BRA/BUSBRA/Images/bus_0420-r.png,BUS-BRA/BUSBRA/Masks/mask_0420-r.png,BUS-BRA,unknown,train
BUS-BRA/BUSBRA/Images/bus_0396-r.png,BUS-BRA/BUSBRA/Masks/mask_0396-r.png,BUS-BRA,unknown,train
BUS-BRA/BUSBRA/Images/bus_0546-r.png,BUS-BRA/BUSBRA/Masks/mask_0546-r.png,BUS-BRA,unknown,train
BUS-BRA/BUSBRA/Images/bus_0514-l.png,BUS-BRA/BUSBRA/Masks/mask_0514-l.png,BUS-BRA,unknown,train
BUS-BRA/BUSBRA/Images/bus_0814-s.png,BUS-BRA/BUSBRA/Masks/mask_0814-s.png,BUS-BRA,unknown,train
BUS-BRA/BUSBRA/Images/bus_0776-s.png,BUS-BRA/BUSBRA/Masks/mask_0776-s.png,BUS-BRA,unknown,train
BUS-BRA/BUSBRA/Images/bus_0813-s.png,BUS-BRA/BUSBRA/Masks/mask_0813-s.png,BUS-BRA,unknown,train
BUS-BRA/BUSBRA/Images/bus_0780-s.png,BUS-BRA/BUSBRA/Masks/mask_0780-s.png,BUS-BRA,unknown,train
BUS-BRA/BUSBRA/Images/bus_0915-r.png,BUS-BRA/BUSBRA/Masks/mask_0915-r.png,BUS-BRA,unknown,train
BUS-BRA/BUSBRA/Images/bus_0927-l.png,BUS-BRA/BUSBRA/Masks/mask_0927-l.png,BUS-BRA,unknown,train
BUS-BRA/BUSBRA/Images/bus_0471-r.png,BUS-BRA/BUSBRA/Masks/mask_0471-r.png,BUS-BRA,unknown,train
BUS-BRA/BUSBRA/Images/bus_0047-l.png,BUS-BRA/BUSBRA/Masks/mask_0047-l.png,BUS-BRA,unknown,train
BUS-BRA/BUSBRA/Images/bus_0615-l.png,BUS-BRA/BUSBRA/Masks/mask_0615-l.png,BUS-BRA,unknown,train
BUS-BRA/BUSBRA/Images/bus_0436-l.png,BUS-BRA/BUSBRA/Masks/mask_0436-l.png,BUS-BRA,unknown,train
BUS-BRA/BUSBRA/Images/bus_0631-l.png,BUS-BRA/BUSBRA/Masks/mask_0631-l.png,BUS-BRA,unknown,train
BUS-BRA/BUSBRA/Images/bus_0364-r.png,BUS-BRA/BUSBRA/Masks/mask_0364-r.png,BUS-BRA,unknown,train
BUS-BRA/BUSBRA/Images/bus_0821-s.png,BUS-BRA/BUSBRA/Masks/mask_0821-s.png,BUS-BRA,unknown,train
BUS-BRA/BUSBRA/Images/bus_0034-l.png,BUS-BRA/BUSBRA/Masks/mask_0034-l.png,BUS-BRA,unknown,train
BUS-BRA/BUSBRA/Images/bus_0076-l.png,BUS-BRA/BUSBRA/Masks/mask_0076-l.png,BUS-BRA,unknown,train
BUS-BRA/BUSBRA/Images/bus_0599-l.png,BUS-BRA/BUSBRA/Masks/mask_0599-l.png,BUS-BRA,unknown,train
BUS-BRA/BUSBRA/Images/bus_0495-r.png,BUS-BRA/BUSBRA/Masks/mask_0495-r.png,BUS-BRA,unknown,train
BUS-BRA/BUSBRA/Images/bus_1044-r.png,BUS-BRA/BUSBRA/Masks/mask_1044-r.png,BUS-BRA,unknown,train
BUS-BRA/BUSBRA/Images/bus_0440-r.png,BUS-BRA/BUSBRA/Masks/mask_0440-r.png,BUS-BRA,unknown,train
BUS-BRA/BUSBRA/Images/bus_0274-l.png,BUS-BRA/BUSBRA/Masks/mask_0274-l.png,BUS-BRA,unknown,train
BUS-BRA/BUSBRA/Images/bus_0954-r.png,BUS-BRA/BUSBRA/Masks/mask_0954-r.png,BUS-BRA,unknown,train
BUS-BRA/BUSBRA/Images/bus_0193-r.png,BUS-BRA/BUSBRA/Masks/mask_0193-r.png,BUS-BRA,unknown,train
BUS-BRA/BUSBRA/Images/bus_0214-l.png,BUS-BRA/BUSBRA/Masks/mask_0214-l.png,BUS-BRA,unknown,train
BUS-BRA/BUSBRA/Images/bus_0541-l.png,BUS-BRA/BUSBRA/Masks/mask_0541-l.png,BUS-BRA,unknown,train
BUS-BRA/BUSBRA/Images/bus_0476-l.png,BUS-BRA/BUSBRA/Masks/mask_0476-l.png,BUS-BRA,unknown,train
BUS-BRA/BUSBRA/Images/bus_0443-l.png,BUS-BRA/BUSBRA/Masks/mask_0443-l.png,BUS-BRA,unknown,train
BUS-BRA/BUSBRA/Images/bus_1012-r.png,BUS-BRA/BUSBRA/Masks/mask_1012-r.png,BUS-BRA,unknown,train
BUS-BRA/BUSBRA/Images/bus_0259-l.png,BUS-BRA/BUSBRA/Masks/mask_0259-l.png,BUS-BRA,unknown,train
BUS-BRA/BUSBRA/Images/bus_0761-s.png,BUS-BRA/BUSBRA/Masks/mask_0761-s.png,BUS-BRA,unknown,train
BUS-BRA/BUSBRA/Images/bus_0739-s.png,BUS-BRA/BUSBRA/Masks/mask_0739-s.png,BUS-BRA,unknown,train
BUS-BRA/BUSBRA/Images/bus_0354-s.png,BUS-BRA/BUSBRA/Masks/mask_0354-s.png,BUS-BRA,unknown,train
BUS-BRA/BUSBRA/Images/bus_0100-l.png,BUS-BRA/BUSBRA/Masks/mask_0100-l.png,BUS-BRA,unknown,train
BUS-BRA/BUSBRA/Images/bus_0603-r.png,BUS-BRA/BUSBRA/Masks/mask_0603-r.png,BUS-BRA,unknown,train
BUS-BRA/BUSBRA/Images/bus_0022-r.png,BUS-BRA/BUSBRA/Masks/mask_0022-r.png,BUS-BRA,unknown,train
BUS-BRA/BUSBRA/Images/bus_0385-r.png,BUS-BRA/BUSBRA/Masks/mask_0385-r.png,BUS-BRA,unknown,train
BUS-BRA/BUSBRA/Images/bus_0052-r.png,BUS-BRA/BUSBRA/Masks/mask_0052-r.png,BUS-BRA,unknown,train
BUS-BRA/BUSBRA/Images/bus_1033-l.png,BUS-BRA/BUSBRA/Masks/mask_1033-l.png,BUS-BRA,unknown,train
BUS-BRA/BUSBRA/Images/bus_0631-r.png,BUS-BRA/BUSBRA/Masks/mask_0631-r.png,BUS-BRA,unknown,train
BUS-BRA/BUSBRA/Images/bus_0466-r.png,BUS-BRA/BUSBRA/Masks/mask_0466-r.png,BUS-BRA,unknown,train
BUS-BRA/BUSBRA/Images/bus_0662-l.png,BUS-BRA/BUSBRA/Masks/mask_0662-l.png,BUS-BRA,unknown,train
BUS-BRA/BUSBRA/Images/bus_0575-r.png,BUS-BRA/BUSBRA/Masks/mask_0575-r.png,BUS-BRA,unknown,train
BUS-BRA/BUSBRA/Images/bus_0606-r.png,BUS-BRA/BUSBRA/Masks/mask_0606-r.png,BUS-BRA,unknown,train
BUS-BRA/BUSBRA/Images/bus_0694-s.png,BUS-BRA/BUSBRA/Masks/mask_0694-s.png,BUS-BRA,unknown,train
BUS-BRA/BUSBRA/Images/bus_1043-l.png,BUS-BRA/BUSBRA/Masks/mask_1043-l.png,BUS-BRA,unknown,train
BUS-BRA/BUSBRA/Images/bus_0271-r.png,BUS-BRA/BUSBRA/Masks/mask_0271-r.png,BUS-BRA,unknown,train
BUS-BRA/BUSBRA/Images/bus_0189-l.png,BUS-BRA/BUSBRA/Masks/mask_0189-l.png,BUS-BRA,unknown,train
BUS-BRA/BUSBRA/Images/bus_0623-l.png,BUS-BRA/BUSBRA/Masks/mask_0623-l.png,BUS-BRA,unknown,train
BUS-BRA/BUSBRA/Images/bus_0016-r.png,BUS-BRA/BUSBRA/Masks/mask_0016-r.png,BUS-BRA,unknown,train
BUS-BRA/BUSBRA/Images/bus_0637-r.png,BUS-BRA/BUSBRA/Masks/mask_0637-r.png,BUS-BRA,unknown,train
BUS-BRA/BUSBRA/Images/bus_0649-l.png,BUS-BRA/BUSBRA/Masks/mask_0649-l.png,BUS-BRA,unknown,train
BUS-BRA/BUSBRA/Images/bus_0978-l.png,BUS-BRA/BUSBRA/Masks/mask_0978-l.png,BUS-BRA,unknown,train
BUS-BRA/BUSBRA/Images/bus_0501-r.png,BUS-BRA/BUSBRA/Masks/mask_0501-r.png,BUS-BRA,unknown,train
BUS-BRA/BUSBRA/Images/bus_0098-r.png,BUS-BRA/BUSBRA/Masks/mask_0098-r.png,BUS-BRA,unknown,train
BUS-BRA/BUSBRA/Images/bus_0697-r.png,BUS-BRA/BUSBRA/Masks/mask_0697-r.png,BUS-BRA,unknown,train
BUS-BRA/BUSBRA/Images/bus_0627-r.png,BUS-BRA/BUSBRA/Masks/mask_0627-r.png,BUS-BRA,unknown,train
BUS-BRA/BUSBRA/Images/bus_0485-l.png,BUS-BRA/BUSBRA/Masks/mask_0485-l.png,BUS-BRA,unknown,train
BUS-BRA/BUSBRA/Images/bus_0267-r.png,BUS-BRA/BUSBRA/Masks/mask_0267-r.png,BUS-BRA,unknown,train
BUS-BRA/BUSBRA/Images/bus_0505-r.png,BUS-BRA/BUSBRA/Masks/mask_0505-r.png,BUS-BRA,unknown,train
BUS-BRA/BUSBRA/Images/bus_0577-r.png,BUS-BRA/BUSBRA/Masks/mask_0577-r.png,BUS-BRA,unknown,train
BUS-BRA/BUSBRA/Images/bus_0545-l.png,BUS-BRA/BUSBRA/Masks/mask_0545-l.png,BUS-BRA,unknown,train
BUS-BRA/BUSBRA/Images/bus_0317-r.png,BUS-BRA/BUSBRA/Masks/mask_0317-r.png,BUS-BRA,unknown,train
BUS-BRA/BUSBRA/Images/bus_0404-l.png,BUS-BRA/BUSBRA/Masks/mask_0404-l.png,BUS-BRA,unknown,train
BUS-BRA/BUSBRA/Images/bus_0357-r.png,BUS-BRA/BUSBRA/Masks/mask_0357-r.png,BUS-BRA,unknown,train
BUS-BRA/BUSBRA/Images/bus_0136-l.png,BUS-BRA/BUSBRA/Masks/mask_0136-l.png,BUS-BRA,unknown,train
BUS-BRA/BUSBRA/Images/bus_0395-l.png,BUS-BRA/BUSBRA/Masks/mask_0395-l.png,BUS-BRA,unknown,train
BUS-BRA/BUSBRA/Images/bus_0885-l.png,BUS-BRA/BUSBRA/Masks/mask_0885-l.png,BUS-BRA,unknown,train
BUS-BRA/BUSBRA/Images/bus_0607-l.png,BUS-BRA/BUSBRA/Masks/mask_0607-l.png,BUS-BRA,unknown,train
BUS-BRA/BUSBRA/Images/bus_0760-s.png,BUS-BRA/BUSBRA/Masks/mask_0760-s.png,BUS-BRA,unknown,train
BUS-BRA/BUSBRA/Images/bus_0882-r.png,BUS-BRA/BUSBRA/Masks/mask_0882-r.png,BUS-BRA,unknown,train
BUS-BRA/BUSBRA/Images/bus_0496-l.png,BUS-BRA/BUSBRA/Masks/mask_0496-l.png,BUS-BRA,unknown,train
BUS-BRA/BUSBRA/Images/bus_0633-r.png,BUS-BRA/BUSBRA/Masks/mask_0633-r.png,BUS-BRA,unknown,train
BUS-BRA/BUSBRA/Images/bus_0561-r.png,BUS-BRA/BUSBRA/Masks/mask_0561-r.png,BUS-BRA,unknown,train
BUS-BRA/BUSBRA/Images/bus_0062-l.png,BUS-BRA/BUSBRA/Masks/mask_0062-l.png,BUS-BRA,unknown,train
BUS-BRA/BUSBRA/Images/bus_0830-s.png,BUS-BRA/BUSBRA/Masks/mask_0830-s.png,BUS-BRA,unknown,train
BUS-BRA/BUSBRA/Images/bus_0307-r.png,BUS-BRA/BUSBRA/Masks/mask_0307-r.png,BUS-BRA,unknown,train
BUS-BRA/BUSBRA/Images/bus_0612-r.png,BUS-BRA/BUSBRA/Masks/mask_0612-r.png,BUS-BRA,unknown,train
BUS-BRA/BUSBRA/Images/bus_0616-l.png,BUS-BRA/BUSBRA/Masks/mask_0616-l.png,BUS-BRA,unknown,train
BUS-BRA/BUSBRA/Images/bus_0474-l.png,BUS-BRA/BUSBRA/Masks/mask_0474-l.png,BUS-BRA,unknown,train
BUS-BRA/BUSBRA/Images/bus_0502-r.png,BUS-BRA/BUSBRA/Masks/mask_0502-r.png,BUS-BRA,unknown,train
BUS-BRA/BUSBRA/Images/bus_0553-l.png,BUS-BRA/BUSBRA/Masks/mask_0553-l.png,BUS-BRA,unknown,train
BUS-BRA/BUSBRA/Images/bus_0965-l.png,BUS-BRA/BUSBRA/Masks/mask_0965-l.png,BUS-BRA,unknown,train
BUS-BRA/BUSBRA/Images/bus_0672-l.png,BUS-BRA/BUSBRA/Masks/mask_0672-l.png,BUS-BRA,unknown,train
BUS-BRA/BUSBRA/Images/bus_0737-s.png,BUS-BRA/BUSBRA/Masks/mask_0737-s.png,BUS-BRA,unknown,train
BUS-BRA/BUSBRA/Images/bus_0471-l.png,BUS-BRA/BUSBRA/Masks/mask_0471-l.png,BUS-BRA,unknown,train
BUS-BRA/BUSBRA/Images/bus_0906-l.png,BUS-BRA/BUSBRA/Masks/mask_0906-l.png,BUS-BRA,unknown,train
BUS-BRA/BUSBRA/Images/bus_0454-l.png,BUS-BRA/BUSBRA/Masks/mask_0454-l.png,BUS-BRA,unknown,train
BUS-BRA/BUSBRA/Images/bus_0396-l.png,BUS-BRA/BUSBRA/Masks/mask_0396-l.png,BUS-BRA,unknown,train
BUS-BRA/BUSBRA/Images/bus_0387-r.png,BUS-BRA/BUSBRA/Masks/mask_0387-r.png,BUS-BRA,unknown,train
BUS-BRA/BUSBRA/Images/bus_0248-r.png,BUS-BRA/BUSBRA/Masks/mask_0248-r.png,BUS-BRA,unknown,train
BUS-BRA/BUSBRA/Images/bus_0151-r.png,BUS-BRA/BUSBRA/Masks/mask_0151-r.png,BUS-BRA,unknown,train
BUS-BRA/BUSBRA/Images/bus_0045-l.png,BUS-BRA/BUSBRA/Masks/mask_0045-l.png,BUS-BRA,unknown,train
BUS-BRA/BUSBRA/Images/bus_0898-r.png,BUS-BRA/BUSBRA/Masks/mask_0898-r.png,BUS-BRA,unknown,train
BUS-BRA/BUSBRA/Images/bus_0243-r.png,BUS-BRA/BUSBRA/Masks/mask_0243-r.png,BUS-BRA,unknown,train
BUS-BRA/BUSBRA/Images/bus_0218-r.png,BUS-BRA/BUSBRA/Masks/mask_0218-r.png,BUS-BRA,unknown,train
BUS-BRA/BUSBRA/Images/bus_0102-l.png,BUS-BRA/BUSBRA/Masks/mask_0102-l.png,BUS-BRA,unknown,train
BUS-BRA/BUSBRA/Images/bus_0550-l.png,BUS-BRA/BUSBRA/Masks/mask_0550-l.png,BUS-BRA,unknown,train
BUS-BRA/BUSBRA/Images/bus_0944-l.png,BUS-BRA/BUSBRA/Masks/mask_0944-l.png,BUS-BRA,unknown,train
BUS-BRA/BUSBRA/Images/bus_0723-s.png,BUS-BRA/BUSBRA/Masks/mask_0723-s.png,BUS-BRA,unknown,train
BUS-BRA/BUSBRA/Images/bus_0677-s.png,BUS-BRA/BUSBRA/Masks/mask_0677-s.png,BUS-BRA,unknown,train
BUS-BRA/BUSBRA/Images/bus_0322-s.png,BUS-BRA/BUSBRA/Masks/mask_0322-s.png,BUS-BRA,unknown,train
BUS-BRA/BUSBRA/Images/bus_0036-l.png,BUS-BRA/BUSBRA/Masks/mask_0036-l.png,BUS-BRA,unknown,train
BUS-BRA/BUSBRA/Images/bus_0465-l.png,BUS-BRA/BUSBRA/Masks/mask_0465-l.png,BUS-BRA,unknown,train
BUS-BRA/BUSBRA/Images/bus_0875-l.png,BUS-BRA/BUSBRA/Masks/mask_0875-l.png,BUS-BRA,unknown,train
BUS-BRA/BUSBRA/Images/bus_1006-l.png,BUS-BRA/BUSBRA/Masks/mask_1006-l.png,BUS-BRA,unknown,train
BUS-BRA/BUSBRA/Images/bus_0158-r.png,BUS-BRA/BUSBRA/Masks/mask_0158-r.png,BUS-BRA,unknown,train
BUS-BRA/BUSBRA/Images/bus_0021-r.png,BUS-BRA/BUSBRA/Masks/mask_0021-r.png,BUS-BRA,unknown,train
BUS-BRA/BUSBRA/Images/bus_0805-s.png,BUS-BRA/BUSBRA/Masks/mask_0805-s.png,BUS-BRA,unknown,train
BUS-BRA/BUSBRA/Images/bus_0360-l.png,BUS-BRA/BUSBRA/Masks/mask_0360-l.png,BUS-BRA,unknown,train
BUS-BRA/BUSBRA/Images/bus_0971-l.png,BUS-BRA/BUSBRA/Masks/mask_0971-l.png,BUS-BRA,unknown,train
BUS-BRA/BUSBRA/Images/bus_0958-l.png,BUS-BRA/BUSBRA/Masks/mask_0958-l.png,BUS-BRA,unknown,train
BUS-BRA/BUSBRA/Images/bus_0517-r.png,BUS-BRA/BUSBRA/Masks/mask_0517-r.png,BUS-BRA,unknown,train
BUS-BRA/BUSBRA/Images/bus_1025-r.png,BUS-BRA/BUSBRA/Masks/mask_1025-r.png,BUS-BRA,unknown,train
BUS-BRA/BUSBRA/Images/bus_0398-l.png,BUS-BRA/BUSBRA/Masks/mask_0398-l.png,BUS-BRA,unknown,train
BUS-BRA/BUSBRA/Images/bus_0111-l.png,BUS-BRA/BUSBRA/Masks/mask_0111-l.png,BUS-BRA,unknown,train
BUS-BRA/BUSBRA/Images/bus_0488-r.png,BUS-BRA/BUSBRA/Masks/mask_0488-r.png,BUS-BRA,unknown,train
BUS-BRA/BUSBRA/Images/bus_0249-r.png,BUS-BRA/BUSBRA/Masks/mask_0249-r.png,BUS-BRA,unknown,train
BUS-BRA/BUSBRA/Images/bus_0366-r.png,BUS-BRA/BUSBRA/Masks/mask_0366-r.png,BUS-BRA,unknown,train
BUS-BRA/BUSBRA/Images/bus_0409-l.png,BUS-BRA/BUSBRA/Masks/mask_0409-l.png,BUS-BRA,unknown,train
BUS-BRA/BUSBRA/Images/bus_0971-r.png,BUS-BRA/BUSBRA/Masks/mask_0971-r.png,BUS-BRA,unknown,train
BUS-BRA/BUSBRA/Images/bus_0393-l.png,BUS-BRA/BUSBRA/Masks/mask_0393-l.png,BUS-BRA,unknown,train
BUS-BRA/BUSBRA/Images/bus_0227-l.png,BUS-BRA/BUSBRA/Masks/mask_0227-l.png,BUS-BRA,unknown,train
BUS-BRA/BUSBRA/Images/bus_0578-l.png,BUS-BRA/BUSBRA/Masks/mask_0578-l.png,BUS-BRA,unknown,train
BUS-BRA/BUSBRA/Images/bus_0441-r.png,BUS-BRA/BUSBRA/Masks/mask_0441-r.png,BUS-BRA,unknown,train
BUS-BRA/BUSBRA/Images/bus_0786-s.png,BUS-BRA/BUSBRA/Masks/mask_0786-s.png,BUS-BRA,unknown,train
BUS-BRA/BUSBRA/Images/bus_0335-l.png,BUS-BRA/BUSBRA/Masks/mask_0335-l.png,BUS-BRA,unknown,train
BUS-BRA/BUSBRA/Images/bus_0066-l.png,BUS-BRA/BUSBRA/Masks/mask_0066-l.png,BUS-BRA,unknown,train
BUS-BRA/BUSBRA/Images/bus_0229-r.png,BUS-BRA/BUSBRA/Masks/mask_0229-r.png,BUS-BRA,unknown,train
BUS-BRA/BUSBRA/Images/bus_1020-r.png,BUS-BRA/BUSBRA/Masks/mask_1020-r.png,BUS-BRA,unknown,train
BUS-BRA/BUSBRA/Images/bus_0513-r.png,BUS-BRA/BUSBRA/Masks/mask_0513-r.png,BUS-BRA,unknown,train
BUS-BRA/BUSBRA/Images/bus_0328-l.png,BUS-BRA/BUSBRA/Masks/mask_0328-l.png,BUS-BRA,unknown,train
BUS-BRA/BUSBRA/Images/bus_1024-l.png,BUS-BRA/BUSBRA/Masks/mask_1024-l.png,BUS-BRA,unknown,train
BUS-BRA/BUSBRA/Images/bus_0052-l.png,BUS-BRA/BUSBRA/Masks/mask_0052-l.png,BUS-BRA,unknown,train
BUS-BRA/BUSBRA/Images/bus_0453-l.png,BUS-BRA/BUSBRA/Masks/mask_0453-l.png,BUS-BRA,unknown,train
BUS-BRA/BUSBRA/Images/bus_0809-s.png,BUS-BRA/BUSBRA/Masks/mask_0809-s.png,BUS-BRA,unknown,train
BUS-BRA/BUSBRA/Images/bus_1023-r.png,BUS-BRA/BUSBRA/Masks/mask_1023-r.png,BUS-BRA,unknown,train
BUS-BRA/BUSBRA/Images/bus_0405-r.png,BUS-BRA/BUSBRA/Masks/mask_0405-r.png,BUS-BRA,unknown,train
BUS-BRA/BUSBRA/Images/bus_0271-l.png,BUS-BRA/BUSBRA/Masks/mask_0271-l.png,BUS-BRA,unknown,train
BUS-BRA/BUSBRA/Images/bus_0668-l.png,BUS-BRA/BUSBRA/Masks/mask_0668-l.png,BUS-BRA,unknown,train
BUS-BRA/BUSBRA/Images/bus_0007-l.png,BUS-BRA/BUSBRA/Masks/mask_0007-l.png,BUS-BRA,unknown,train
BUS-BRA/BUSBRA/Images/bus_0219-l.png,BUS-BRA/BUSBRA/Masks/mask_0219-l.png,BUS-BRA,unknown,train
BUS-BRA/BUSBRA/Images/bus_0161-r.png,BUS-BRA/BUSBRA/Masks/mask_0161-r.png,BUS-BRA,unknown,train
BUS-BRA/BUSBRA/Images/bus_0562-l.png,BUS-BRA/BUSBRA/Masks/mask_0562-l.png,BUS-BRA,unknown,train
BUS-BRA/BUSBRA/Images/bus_0624-r.png,BUS-BRA/BUSBRA/Masks/mask_0624-r.png,BUS-BRA,unknown,train
BUS-BRA/BUSBRA/Images/bus_1060-s.png,BUS-BRA/BUSBRA/Masks/mask_1060-s.png,BUS-BRA,unknown,train
BUS-BRA/BUSBRA/Images/bus_0374-l.png,BUS-BRA/BUSBRA/Masks/mask_0374-l.png,BUS-BRA,unknown,train
BUS-BRA/BUSBRA/Images/bus_0933-l.png,BUS-BRA/BUSBRA/Masks/mask_0933-l.png,BUS-BRA,unknown,train
BUS-BRA/BUSBRA/Images/bus_1004-l.png,BUS-BRA/BUSBRA/Masks/mask_1004-l.png,BUS-BRA,unknown,train
BUS-BRA/BUSBRA/Images/bus_0373-r.png,BUS-BRA/BUSBRA/Masks/mask_0373-r.png,BUS-BRA,unknown,train
BUS-BRA/BUSBRA/Images/bus_0454-r.png,BUS-BRA/BUSBRA/Masks/mask_0454-r.png,BUS-BRA,unknown,train
BUS-BRA/BUSBRA/Images/bus_0092-l.png,BUS-BRA/BUSBRA/Masks/mask_0092-l.png,BUS-BRA,unknown,train
BUS-BRA/BUSBRA/Images/bus_0476-r.png,BUS-BRA/BUSBRA/Masks/mask_0476-r.png,BUS-BRA,unknown,train
BUS-BRA/BUSBRA/Images/bus_1057-r.png,BUS-BRA/BUSBRA/Masks/mask_1057-r.png,BUS-BRA,unknown,train
BUS-BRA/BUSBRA/Images/bus_0148-l.png,BUS-BRA/BUSBRA/Masks/mask_0148-l.png,BUS-BRA,unknown,train
BUS-BRA/BUSBRA/Images/bus_0187-r.png,BUS-BRA/BUSBRA/Masks/mask_0187-r.png,BUS-BRA,unknown,train
BUS-BRA/BUSBRA/Images/bus_1006-r.png,BUS-BRA/BUSBRA/Masks/mask_1006-r.png,BUS-BRA,unknown,train
BUS-BRA/BUSBRA/Images/bus_0548-r.png,BUS-BRA/BUSBRA/Masks/mask_0548-r.png,BUS-BRA,unknown,train
BUS-BRA/BUSBRA/Images/bus_0280-l.png,BUS-BRA/BUSBRA/Masks/mask_0280-l.png,BUS-BRA,unknown,train
BUS-BRA/BUSBRA/Images/bus_0536-r.png,BUS-BRA/BUSBRA/Masks/mask_0536-r.png,BUS-BRA,unknown,train
BUS-BRA/BUSBRA/Images/bus_0413-l.png,BUS-BRA/BUSBRA/Masks/mask_0413-l.png,BUS-BRA,unknown,train
BUS-BRA/BUSBRA/Images/bus_0941-l.png,BUS-BRA/BUSBRA/Masks/mask_0941-l.png,BUS-BRA,unknown,train
BUS-BRA/BUSBRA/Images/bus_0409-r.png,BUS-BRA/BUSBRA/Masks/mask_0409-r.png,BUS-BRA,unknown,train
BUS-BRA/BUSBRA/Images/bus_0652-l.png,BUS-BRA/BUSBRA/Masks/mask_0652-l.png,BUS-BRA,unknown,train
BUS-BRA/BUSBRA/Images/bus_0630-r.png,BUS-BRA/BUSBRA/Masks/mask_0630-r.png,BUS-BRA,unknown,train
BUS-BRA/BUSBRA/Images/bus_0969-r.png,BUS-BRA/BUSBRA/Masks/mask_0969-r.png,BUS-BRA,unknown,train
BUS-BRA/BUSBRA/Images/bus_1056-l.png,BUS-BRA/BUSBRA/Masks/mask_1056-l.png,BUS-BRA,unknown,train
BUS-BRA/BUSBRA/Images/bus_0283-l.png,BUS-BRA/BUSBRA/Masks/mask_0283-l.png,BUS-BRA,unknown,train
BUS-BRA/BUSBRA/Images/bus_0012-r.png,BUS-BRA/BUSBRA/Masks/mask_0012-r.png,BUS-BRA,unknown,train
BUS-BRA/BUSBRA/Images/bus_0198-l.png,BUS-BRA/BUSBRA/Masks/mask_0198-l.png,BUS-BRA,unknown,train
BUS-BRA/BUSBRA/Images/bus_0668-r.png,BUS-BRA/BUSBRA/Masks/mask_0668-r.png,BUS-BRA,unknown,train
BUS-BRA/BUSBRA/Images/bus_0695-r.png,BUS-BRA/BUSBRA/Masks/mask_0695-r.png,BUS-BRA,unknown,train
BUS-BRA/BUSBRA/Images/bus_0910-r.png,BUS-BRA/BUSBRA/Masks/mask_0910-r.png,BUS-BRA,unknown,train
BUS-BRA/BUSBRA/Images/bus_0190-l.png,BUS-BRA/BUSBRA/Masks/mask_0190-l.png,BUS-BRA,unknown,train
BUS-BRA/BUSBRA/Images/bus_0237-l.png,BUS-BRA/BUSBRA/Masks/mask_0237-l.png,BUS-BRA,unknown,train
BUS-BRA/BUSBRA/Images/bus_0258-l.png,BUS-BRA/BUSBRA/Masks/mask_0258-l.png,BUS-BRA,unknown,train
BUS-BRA/BUSBRA/Images/bus_0126-s.png,BUS-BRA/BUSBRA/Masks/mask_0126-s.png,BUS-BRA,unknown,train
BUS-BRA/BUSBRA/Images/bus_0484-r.png,BUS-BRA/BUSBRA/Masks/mask_0484-r.png,BUS-BRA,unknown,train
BUS-BRA/BUSBRA/Images/bus_0642-r.png,BUS-BRA/BUSBRA/Masks/mask_0642-r.png,BUS-BRA,unknown,train
BUS-BRA/BUSBRA/Images/bus_0866-r.png,BUS-BRA/BUSBRA/Masks/mask_0866-r.png,BUS-BRA,unknown,train
BUS-BRA/BUSBRA/Images/bus_0534-r.png,BUS-BRA/BUSBRA/Masks/mask_0534-r.png,BUS-BRA,unknown,train
BUS-BRA/BUSBRA/Images/bus_1038-r.png,BUS-BRA/BUSBRA/Masks/mask_1038-r.png,BUS-BRA,unknown,train
BUS-BRA/BUSBRA/Images/bus_0054-s.png,BUS-BRA/BUSBRA/Masks/mask_0054-s.png,BUS-BRA,unknown,train
BUS-BRA/BUSBRA/Images/bus_0533-l.png,BUS-BRA/BUSBRA/Masks/mask_0533-l.png,BUS-BRA,unknown,train
BUS-BRA/BUSBRA/Images/bus_0564-l.png,BUS-BRA/BUSBRA/Masks/mask_0564-l.png,BUS-BRA,unknown,train
BUS-BRA/BUSBRA/Images/bus_0575-l.png,BUS-BRA/BUSBRA/Masks/mask_0575-l.png,BUS-BRA,unknown,train
BUS-BRA/BUSBRA/Images/bus_0862-l.png,BUS-BRA/BUSBRA/Masks/mask_0862-l.png,BUS-BRA,unknown,train
BUS-BRA/BUSBRA/Images/bus_0692-s.png,BUS-BRA/BUSBRA/Masks/mask_0692-s.png,BUS-BRA,unknown,train
BUS-BRA/BUSBRA/Images/bus_0377-l.png,BUS-BRA/BUSBRA/Masks/mask_0377-l.png,BUS-BRA,unknown,train
BUS-BRA/BUSBRA/Images/bus_0964-r.png,BUS-BRA/BUSBRA/Masks/mask_0964-r.png,BUS-BRA,unknown,train
BUS-BRA/BUSBRA/Images/bus_0527-l.png,BUS-BRA/BUSBRA/Masks/mask_0527-l.png,BUS-BRA,unknown,train
BUS-BRA/BUSBRA/Images/bus_0088-s.png,BUS-BRA/BUSBRA/Masks/mask_0088-s.png,BUS-BRA,unknown,train
BUS-BRA/BUSBRA/Images/bus_0578-r.png,BUS-BRA/BUSBRA/Masks/mask_0578-r.png,BUS-BRA,unknown,train
BUS-BRA/BUSBRA/Images/bus_0928-r.png,BUS-BRA/BUSBRA/Masks/mask_0928-r.png,BUS-BRA,unknown,train
BUS-BRA/BUSBRA/Images/bus_1063-r.png,BUS-BRA/BUSBRA/Masks/mask_1063-r.png,BUS-BRA,unknown,train
BUS-BRA/BUSBRA/Images/bus_0423-r.png,BUS-BRA/BUSBRA/Masks/mask_0423-r.png,BUS-BRA,unknown,train
BUS-BRA/BUSBRA/Images/bus_0314-l.png,BUS-BRA/BUSBRA/Masks/mask_0314-l.png,BUS-BRA,unknown,train
BUS-BRA/BUSBRA/Images/bus_0380-r.png,BUS-BRA/BUSBRA/Masks/mask_0380-r.png,BUS-BRA,unknown,train
BUS-BRA/BUSBRA/Images/bus_0635-l.png,BUS-BRA/BUSBRA/Masks/mask_0635-l.png,BUS-BRA,unknown,train
BUS-BRA/BUSBRA/Images/bus_0680-s.png,BUS-BRA/BUSBRA/Masks/mask_0680-s.png,BUS-BRA,unknown,train
BUS-BRA/BUSBRA/Images/bus_0903-l.png,BUS-BRA/BUSBRA/Masks/mask_0903-l.png,BUS-BRA,unknown,train
BUS-BRA/BUSBRA/Images/bus_0659-r.png,BUS-BRA/BUSBRA/Masks/mask_0659-r.png,BUS-BRA,unknown,train
BUS-BRA/BUSBRA/Images/bus_0265-s.png,BUS-BRA/BUSBRA/Masks/mask_0265-s.png,BUS-BRA,unknown,train
BUS-BRA/BUSBRA/Images/bus_0303-l.png,BUS-BRA/BUSBRA/Masks/mask_0303-l.png,BUS-BRA,unknown,train
BUS-BRA/BUSBRA/Images/bus_0599-r.png,BUS-BRA/BUSBRA/Masks/mask_0599-r.png,BUS-BRA,unknown,train
BUS-BRA/BUSBRA/Images/bus_0588-r.png,BUS-BRA/BUSBRA/Masks/mask_0588-r.png,BUS-BRA,unknown,train
BUS-BRA/BUSBRA/Images/bus_0429-r.png,BUS-BRA/BUSBRA/Masks/mask_0429-r.png,BUS-BRA,unknown,train
BUS-BRA/BUSBRA/Images/bus_0278-s.png,BUS-BRA/BUSBRA/Masks/mask_0278-s.png,BUS-BRA,unknown,train
BUS-BRA/BUSBRA/Images/bus_0344-l.png,BUS-BRA/BUSBRA/Masks/mask_0344-l.png,BUS-BRA,unknown,train
BUS-BRA/BUSBRA/Images/bus_0768-s.png,BUS-BRA/BUSBRA/Masks/mask_0768-s.png,BUS-BRA,unknown,train
BUS-BRA/BUSBRA/Images/bus_0968-l.png,BUS-BRA/BUSBRA/Masks/mask_0968-l.png,BUS-BRA,unknown,train
BUS-BRA/BUSBRA/Images/bus_0604-l.png,BUS-BRA/BUSBRA/Masks/mask_0604-l.png,BUS-BRA,unknown,train
BUS-BRA/BUSBRA/Images/bus_0424-l.png,BUS-BRA/BUSBRA/Masks/mask_0424-l.png,BUS-BRA,unknown,train
BUS-BRA/BUSBRA/Images/bus_0067-l.png,BUS-BRA/BUSBRA/Masks/mask_0067-l.png,BUS-BRA,unknown,train
BUS-BRA/BUSBRA/Images/bus_0399-l.png,BUS-BRA/BUSBRA/Masks/mask_0399-l.png,BUS-BRA,unknown,train
BUS-BRA/BUSBRA/Images/bus_1037-r.png,BUS-BRA/BUSBRA/Masks/mask_1037-r.png,BUS-BRA,unknown,train
BUS-BRA/BUSBRA/Images/bus_0569-r.png,BUS-BRA/BUSBRA/Masks/mask_0569-r.png,BUS-BRA,unknown,train
BUS-BRA/BUSBRA/Images/bus_0444-l.png,BUS-BRA/BUSBRA/Masks/mask_0444-l.png,BUS-BRA,unknown,train
BUS-BRA/BUSBRA/Images/bus_0068-r.png,BUS-BRA/BUSBRA/Masks/mask_0068-r.png,BUS-BRA,unknown,train
BUS-BRA/BUSBRA/Images/bus_0357-l.png,BUS-BRA/BUSBRA/Masks/mask_0357-l.png,BUS-BRA,unknown,train
BUS-BRA/BUSBRA/Images/bus_1019-l.png,BUS-BRA/BUSBRA/Masks/mask_1019-l.png,BUS-BRA,unknown,train
BUS-BRA/BUSBRA/Images/bus_0345-l.png,BUS-BRA/BUSBRA/Masks/mask_0345-l.png,BUS-BRA,unknown,train
BUS-BRA/BUSBRA/Images/bus_0205-r.png,BUS-BRA/BUSBRA/Masks/mask_0205-r.png,BUS-BRA,unknown,train
BUS-BRA/BUSBRA/Images/bus_0153-r.png,BUS-BRA/BUSBRA/Masks/mask_0153-r.png,BUS-BRA,unknown,train
BUS-BRA/BUSBRA/Images/bus_0356-r.png,BUS-BRA/BUSBRA/Masks/mask_0356-r.png,BUS-BRA,unknown,train
BUS-BRA/BUSBRA/Images/bus_0496-r.png,BUS-BRA/BUSBRA/Masks/mask_0496-r.png,BUS-BRA,unknown,train
BUS-BRA/BUSBRA/Images/bus_0440-l.png,BUS-BRA/BUSBRA/Masks/mask_0440-l.png,BUS-BRA,unknown,train
BUS-BRA/BUSBRA/Images/bus_0462-l.png,BUS-BRA/BUSBRA/Masks/mask_0462-l.png,BUS-BRA,unknown,train
BUS-BRA/BUSBRA/Images/bus_0027-l.png,BUS-BRA/BUSBRA/Masks/mask_0027-l.png,BUS-BRA,unknown,train
BUS-BRA/BUSBRA/Images/bus_0754-s.png,BUS-BRA/BUSBRA/Masks/mask_0754-s.png,BUS-BRA,unknown,train
BUS-BRA/BUSBRA/Images/bus_0923-r.png,BUS-BRA/BUSBRA/Masks/mask_0923-r.png,BUS-BRA,unknown,train
BUS-BRA/BUSBRA/Images/bus_0524-r.png,BUS-BRA/BUSBRA/Masks/mask_0524-r.png,BUS-BRA,unknown,train
BUS-BRA/BUSBRA/Images/bus_0467-l.png,BUS-BRA/BUSBRA/Masks/mask_0467-l.png,BUS-BRA,unknown,train
BUS-BRA/BUSBRA/Images/bus_0415-r.png,BUS-BRA/BUSBRA/Masks/mask_0415-r.png,BUS-BRA,unknown,train
BUS-BRA/BUSBRA/Images/bus_0638-r.png,BUS-BRA/BUSBRA/Masks/mask_0638-r.png,BUS-BRA,unknown,train
BUS-BRA/BUSBRA/Images/bus_1064-r.png,BUS-BRA/BUSBRA/Masks/mask_1064-r.png,BUS-BRA,unknown,train
BUS-BRA/BUSBRA/Images/bus_0003-l.png,BUS-BRA/BUSBRA/Masks/mask_0003-l.png,BUS-BRA,unknown,train
BUS-BRA/BUSBRA/Images/bus_0530-r.png,BUS-BRA/BUSBRA/Masks/mask_0530-r.png,BUS-BRA,unknown,train
BUS-BRA/BUSBRA/Images/bus_0930-l.png,BUS-BRA/BUSBRA/Masks/mask_0930-l.png,BUS-BRA,unknown,train
BUS-BRA/BUSBRA/Images/bus_0151-l.png,BUS-BRA/BUSBRA/Masks/mask_0151-l.png,BUS-BRA,unknown,train
BUS-BRA/BUSBRA/Images/bus_0853-r.png,BUS-BRA/BUSBRA/Masks/mask_0853-r.png,BUS-BRA,unknown,train
BUS-BRA/BUSBRA/Images/bus_0982-r.png,BUS-BRA/BUSBRA/Masks/mask_0982-r.png,BUS-BRA,unknown,train
BUS-BRA/BUSBRA/Images/bus_0243-l.png,BUS-BRA/BUSBRA/Masks/mask_0243-l.png,BUS-BRA,unknown,train
BUS-BRA/BUSBRA/Images/bus_0530-l.png,BUS-BRA/BUSBRA/Masks/mask_0530-l.png,BUS-BRA,unknown,train
BUS-BRA/BUSBRA/Images/bus_0567-r.png,BUS-BRA/BUSBRA/Masks/mask_0567-r.png,BUS-BRA,unknown,train
BUS-BRA/BUSBRA/Images/bus_0447-r.png,BUS-BRA/BUSBRA/Masks/mask_0447-r.png,BUS-BRA,unknown,train
BUS-BRA/BUSBRA/Images/bus_0963-r.png,BUS-BRA/BUSBRA/Masks/mask_0963-r.png,BUS-BRA,unknown,train
BUS-BRA/BUSBRA/Images/bus_0171-r.png,BUS-BRA/BUSBRA/Masks/mask_0171-r.png,BUS-BRA,unknown,train
BUS-BRA/BUSBRA/Images/bus_0746-s.png,BUS-BRA/BUSBRA/Masks/mask_0746-s.png,BUS-BRA,unknown,train
BUS-BRA/BUSBRA/Images/bus_0845-s.png,BUS-BRA/BUSBRA/Masks/mask_0845-s.png,BUS-BRA,unknown,train
BUS-BRA/BUSBRA/Images/bus_0176-l.png,BUS-BRA/BUSBRA/Masks/mask_0176-l.png,BUS-BRA,unknown,train
BUS-BRA/BUSBRA/Images/bus_0086-l.png,BUS-BRA/BUSBRA/Masks/mask_0086-l.png,BUS-BRA,unknown,train
BUS-BRA/BUSBRA/Images/bus_0603-l.png,BUS-BRA/BUSBRA/Masks/mask_0603-l.png,BUS-BRA,unknown,train
BUS-BRA/BUSBRA/Images/bus_0635-r.png,BUS-BRA/BUSBRA/Masks/mask_0635-r.png,BUS-BRA,unknown,train
BUS-BRA/BUSBRA/Images/bus_0310-r.png,BUS-BRA/BUSBRA/Masks/mask_0310-r.png,BUS-BRA,unknown,train
BUS-BRA/BUSBRA/Images/bus_0029-s.png,BUS-BRA/BUSBRA/Masks/mask_0029-s.png,BUS-BRA,unknown,train
BUS-BRA/BUSBRA/Images/bus_1064-l.png,BUS-BRA/BUSBRA/Masks/mask_1064-l.png,BUS-BRA,unknown,train
BUS-BRA/BUSBRA/Images/bus_0392-l.png,BUS-BRA/BUSBRA/Masks/mask_0392-l.png,BUS-BRA,unknown,train
BUS-BRA/BUSBRA/Images/bus_0445-r.png,BUS-BRA/BUSBRA/Masks/mask_0445-r.png,BUS-BRA,unknown,train
BUS-BRA/BUSBRA/Images/bus_0758-s.png,BUS-BRA/BUSBRA/Masks/mask_0758-s.png,BUS-BRA,unknown,train
BUS-BRA/BUSBRA/Images/bus_0586-r.png,BUS-BRA/BUSBRA/Masks/mask_0586-r.png,BUS-BRA,unknown,train
BUS-BRA/BUSBRA/Images/bus_0612-l.png,BUS-BRA/BUSBRA/Masks/mask_0612-l.png,BUS-BRA,unknown,train
BUS-BRA/BUSBRA/Images/bus_0256-r.png,BUS-BRA/BUSBRA/Masks/mask_0256-r.png,BUS-BRA,unknown,train
BUS-BRA/BUSBRA/Images/bus_0514-r.png,BUS-BRA/BUSBRA/Masks/mask_0514-r.png,BUS-BRA,unknown,train
BUS-BRA/BUSBRA/Images/bus_0355-s.png,BUS-BRA/BUSBRA/Masks/mask_0355-s.png,BUS-BRA,unknown,train
BUS-BRA/BUSBRA/Images/bus_0220-r.png,BUS-BRA/BUSBRA/Masks/mask_0220-r.png,BUS-BRA,unknown,train
BUS-BRA/BUSBRA/Images/bus_0277-r.png,BUS-BRA/BUSBRA/Masks/mask_0277-r.png,BUS-BRA,unknown,train
BUS-BRA/BUSBRA/Images/bus_0179-r.png,BUS-BRA/BUSBRA/Masks/mask_0179-r.png,BUS-BRA,unknown,train
BUS-BRA/BUSBRA/Images/bus_0011-l.png,BUS-BRA/BUSBRA/Masks/mask_0011-l.png,BUS-BRA,unknown,train
BUS-BRA/BUSBRA/Images/bus_0371-l.png,BUS-BRA/BUSBRA/Masks/mask_0371-l.png,BUS-BRA,unknown,train
BUS-BRA/BUSBRA/Images/bus_0021-l.png,BUS-BRA/BUSBRA/Masks/mask_0021-l.png,BUS-BRA,unknown,train
BUS-BRA/BUSBRA/Images/bus_0480-l.png,BUS-BRA/BUSBRA/Masks/mask_0480-l.png,BUS-BRA,unknown,train
BUS-BRA/BUSBRA/Images/bus_0442-r.png,BUS-BRA/BUSBRA/Masks/mask_0442-r.png,BUS-BRA,unknown,train
BUS-BRA/BUSBRA/Images/bus_0966-l.png,BUS-BRA/BUSBRA/Masks/mask_0966-l.png,BUS-BRA,unknown,train
BUS-BRA/BUSBRA/Images/bus_0224-r.png,BUS-BRA/BUSBRA/Masks/mask_0224-r.png,BUS-BRA,unknown,train
BUS-BRA/BUSBRA/Images/bus_0489-l.png,BUS-BRA/BUSBRA/Masks/mask_0489-l.png,BUS-BRA,unknown,train
BUS-BRA/BUSBRA/Images/bus_0291-l.png,BUS-BRA/BUSBRA/Masks/mask_0291-l.png,BUS-BRA,unknown,train
BUS-BRA/BUSBRA/Images/bus_0408-l.png,BUS-BRA/BUSBRA/Masks/mask_0408-l.png,BUS-BRA,unknown,train
BUS-BRA/BUSBRA/Images/bus_0560-l.png,BUS-BRA/BUSBRA/Masks/mask_0560-l.png,BUS-BRA,unknown,train
BUS-BRA/BUSBRA/Images/bus_0628-r.png,BUS-BRA/BUSBRA/Masks/mask_0628-r.png,BUS-BRA,unknown,train
BUS-BRA/BUSBRA/Images/bus_0142-l.png,BUS-BRA/BUSBRA/Masks/mask_0142-l.png,BUS-BRA,unknown,train
BUS-BRA/BUSBRA/Images/bus_0797-s.png,BUS-BRA/BUSBRA/Masks/mask_0797-s.png,BUS-BRA,unknown,train
BUS-BRA/BUSBRA/Images/bus_0592-r.png,BUS-BRA/BUSBRA/Masks/mask_0592-r.png,BUS-BRA,unknown,train
BUS-BRA/BUSBRA/Images/bus_0421-l.png,BUS-BRA/BUSBRA/Masks/mask_0421-l.png,BUS-BRA,unknown,train
BUS-BRA/BUSBRA/Images/bus_0938-l.png,BUS-BRA/BUSBRA/Masks/mask_0938-l.png,BUS-BRA,unknown,train
BUS-BRA/BUSBRA/Images/bus_0266-r.png,BUS-BRA/BUSBRA/Masks/mask_0266-r.png,BUS-BRA,unknown,train
BUS-BRA/BUSBRA/Images/bus_0089-s.png,BUS-BRA/BUSBRA/Masks/mask_0089-s.png,BUS-BRA,unknown,train
BUS-BRA/BUSBRA/Images/bus_0509-r.png,BUS-BRA/BUSBRA/Masks/mask_0509-r.png,BUS-BRA,unknown,train
BUS-BRA/BUSBRA/Images/bus_0455-r.png,BUS-BRA/BUSBRA/Masks/mask_0455-r.png,BUS-BRA,unknown,train
BUS-BRA/BUSBRA/Images/bus_0695-l.png,BUS-BRA/BUSBRA/Masks/mask_0695-l.png,BUS-BRA,unknown,train
BUS-BRA/BUSBRA/Images/bus_0340-l.png,BUS-BRA/BUSBRA/Masks/mask_0340-l.png,BUS-BRA,unknown,train
BUS-BRA/BUSBRA/Images/bus_0371-r.png,BUS-BRA/BUSBRA/Masks/mask_0371-r.png,BUS-BRA,unknown,train
BUS-BRA/BUSBRA/Images/bus_0848-r.png,BUS-BRA/BUSBRA/Masks/mask_0848-r.png,BUS-BRA,unknown,train
BUS-BRA/BUSBRA/Images/bus_0308-l.png,BUS-BRA/BUSBRA/Masks/mask_0308-l.png,BUS-BRA,unknown,train
BUS-BRA/BUSBRA/Images/bus_1019-r.png,BUS-BRA/BUSBRA/Masks/mask_1019-r.png,BUS-BRA,unknown,train
BUS-BRA/BUSBRA/Images/bus_0010-l.png,BUS-BRA/BUSBRA/Masks/mask_0010-l.png,BUS-BRA,unknown,train
BUS-BRA/BUSBRA/Images/bus_0072-r.png,BUS-BRA/BUSBRA/Masks/mask_0072-r.png,BUS-BRA,unknown,train
BUS-BRA/BUSBRA/Images/bus_0727-s.png,BUS-BRA/BUSBRA/Masks/mask_0727-s.png,BUS-BRA,unknown,train
BUS-BRA/BUSBRA/Images/bus_0669-r.png,BUS-BRA/BUSBRA/Masks/mask_0669-r.png,BUS-BRA,unknown,train
BUS-BRA/BUSBRA/Images/bus_1048-l.png,BUS-BRA/BUSBRA/Masks/mask_1048-l.png,BUS-BRA,unknown,train
BUS-BRA/BUSBRA/Images/bus_0492-r.png,BUS-BRA/BUSBRA/Masks/mask_0492-r.png,BUS-BRA,unknown,train
BUS-BRA/BUSBRA/Images/bus_0519-l.png,BUS-BRA/BUSBRA/Masks/mask_0519-l.png,BUS-BRA,unknown,train
BUS-BRA/BUSBRA/Images/bus_1046-l.png,BUS-BRA/BUSBRA/Masks/mask_1046-l.png,BUS-BRA,unknown,train
BUS-BRA/BUSBRA/Images/bus_0110-r.png,BUS-BRA/BUSBRA/Masks/mask_0110-r.png,BUS-BRA,unknown,train
BUS-BRA/BUSBRA/Images/bus_0598-r.png,BUS-BRA/BUSBRA/Masks/mask_0598-r.png,BUS-BRA,unknown,train
BUS-BRA/BUSBRA/Images/bus_0525-l.png,BUS-BRA/BUSBRA/Masks/mask_0525-l.png,BUS-BRA,unknown,train
BUS-BRA/BUSBRA/Images/bus_1041-r.png,BUS-BRA/BUSBRA/Masks/mask_1041-r.png,BUS-BRA,unknown,train
BUS-BRA/BUSBRA/Images/bus_0898-l.png,BUS-BRA/BUSBRA/Masks/mask_0898-l.png,BUS-BRA,unknown,train
BUS-BRA/BUSBRA/Images/bus_0329-l.png,BUS-BRA/BUSBRA/Masks/mask_0329-l.png,BUS-BRA,unknown,train
BUS-BRA/BUSBRA/Images/bus_0105-l.png,BUS-BRA/BUSBRA/Masks/mask_0105-l.png,BUS-BRA,unknown,train
BUS-BRA/BUSBRA/Images/bus_0170-l.png,BUS-BRA/BUSBRA/Masks/mask_0170-l.png,BUS-BRA,unknown,train
BUS-BRA/BUSBRA/Images/bus_0270-l.png,BUS-BRA/BUSBRA/Masks/mask_0270-l.png,BUS-BRA,unknown,train
BUS-BRA/BUSBRA/Images/bus_0916-r.png,BUS-BRA/BUSBRA/Masks/mask_0916-r.png,BUS-BRA,unknown,train
BUS-BRA/BUSBRA/Images/bus_0924-l.png,BUS-BRA/BUSBRA/Masks/mask_0924-l.png,BUS-BRA,unknown,train
BUS-BRA/BUSBRA/Images/bus_0901-l.png,BUS-BRA/BUSBRA/Masks/mask_0901-l.png,BUS-BRA,unknown,train
BUS-BRA/BUSBRA/Images/bus_0888-r.png,BUS-BRA/BUSBRA/Masks/mask_0888-r.png,BUS-BRA,unknown,train
BUS-BRA/BUSBRA/Images/bus_0281-l.png,BUS-BRA/BUSBRA/Masks/mask_0281-l.png,BUS-BRA,unknown,train
BUS-BRA/BUSBRA/Images/bus_1056-r.png,BUS-BRA/BUSBRA/Masks/mask_1056-r.png,BUS-BRA,unknown,train
BUS-BRA/BUSBRA/Images/bus_0563-r.png,BUS-BRA/BUSBRA/Masks/mask_0563-r.png,BUS-BRA,unknown,train
BUS-BRA/BUSBRA/Images/bus_0259-r.png,BUS-BRA/BUSBRA/Masks/mask_0259-r.png,BUS-BRA,unknown,train
BUS-BRA/BUSBRA/Images/bus_0091-l.png,BUS-BRA/BUSBRA/Masks/mask_0091-l.png,BUS-BRA,unknown,train
BUS-BRA/BUSBRA/Images/bus_0650-r.png,BUS-BRA/BUSBRA/Masks/mask_0650-r.png,BUS-BRA,unknown,train
BUS-BRA/BUSBRA/Images/bus_0626-r.png,BUS-BRA/BUSBRA/Masks/mask_0626-r.png,BUS-BRA,unknown,train
BUS-BRA/BUSBRA/Images/bus_0009-r.png,BUS-BRA/BUSBRA/Masks/mask_0009-r.png,BUS-BRA,unknown,train
BUS-BRA/BUSBRA/Images/bus_0565-l.png,BUS-BRA/BUSBRA/Masks/mask_0565-l.png,BUS-BRA,unknown,train
BUS-BRA/BUSBRA/Images/bus_1049-r.png,BUS-BRA/BUSBRA/Masks/mask_1049-r.png,BUS-BRA,unknown,train
BUS-BRA/BUSBRA/Images/bus_0296-l.png,BUS-BRA/BUSBRA/Masks/mask_0296-l.png,BUS-BRA,unknown,train
BUS-BRA/BUSBRA/Images/bus_0358-l.png,BUS-BRA/BUSBRA/Masks/mask_0358-l.png,BUS-BRA,unknown,train
BUS-BRA/BUSBRA/Images/bus_0956-r.png,BUS-BRA/BUSBRA/Masks/mask_0956-r.png,BUS-BRA,unknown,train
BUS-BRA/BUSBRA/Images/bus_0538-r.png,BUS-BRA/BUSBRA/Masks/mask_0538-r.png,BUS-BRA,unknown,train
BUS-BRA/BUSBRA/Images/bus_0901-r.png,BUS-BRA/BUSBRA/Masks/mask_0901-r.png,BUS-BRA,unknown,train
BUS-BRA/BUSBRA/Images/bus_0508-r.png,BUS-BRA/BUSBRA/Masks/mask_0508-r.png,BUS-BRA,unknown,train
BUS-BRA/BUSBRA/Images/bus_1007-r.png,BUS-BRA/BUSBRA/Masks/mask_1007-r.png,BUS-BRA,unknown,train
BUS-BRA/BUSBRA/Images/bus_0161-l.png,BUS-BRA/BUSBRA/Masks/mask_0161-l.png,BUS-BRA,unknown,train
BUS-BRA/BUSBRA/Images/bus_0427-r.png,BUS-BRA/BUSBRA/Masks/mask_0427-r.png,BUS-BRA,unknown,train
BUS-BRA/BUSBRA/Images/bus_0882-l.png,BUS-BRA/BUSBRA/Masks/mask_0882-l.png,BUS-BRA,unknown,train
BUS-BRA/BUSBRA/Images/bus_0131-r.png,BUS-BRA/BUSBRA/Masks/mask_0131-r.png,BUS-BRA,unknown,train
BUS-BRA/BUSBRA/Images/bus_0015-s.png,BUS-BRA/BUSBRA/Masks/mask_0015-s.png,BUS-BRA,unknown,train
BUS-BRA/BUSBRA/Images/bus_0952-r.png,BUS-BRA/BUSBRA/Masks/mask_0952-r.png,BUS-BRA,unknown,train
BUS-BRA/BUSBRA/Images/bus_0240-l.png,BUS-BRA/BUSBRA/Masks/mask_0240-l.png,BUS-BRA,unknown,train
BUS-BRA/BUSBRA/Images/bus_1038-l.png,BUS-BRA/BUSBRA/Masks/mask_1038-l.png,BUS-BRA,unknown,train
BUS-BRA/BUSBRA/Images/bus_0769-s.png,BUS-BRA/BUSBRA/Masks/mask_0769-s.png,BUS-BRA,unknown,train
BUS-BRA/BUSBRA/Images/bus_0133-r.png,BUS-BRA/BUSBRA/Masks/mask_0133-r.png,BUS-BRA,unknown,train
BUS-BRA/BUSBRA/Images/bus_0022-l.png,BUS-BRA/BUSBRA/Masks/mask_0022-l.png,BUS-BRA,unknown,train
BUS-BRA/BUSBRA/Images/bus_0403-r.png,BUS-BRA/BUSBRA/Masks/mask_0403-r.png,BUS-BRA,unknown,train
BUS-BRA/BUSBRA/Images/bus_0551-r.png,BUS-BRA/BUSBRA/Masks/mask_0551-r.png,BUS-BRA,unknown,train
BUS-BRA/BUSBRA/Images/bus_0779-s.png,BUS-BRA/BUSBRA/Masks/mask_0779-s.png,BUS-BRA,unknown,train
BUS-BRA/BUSBRA/Images/bus_0256-l.png,BUS-BRA/BUSBRA/Masks/mask_0256-l.png,BUS-BRA,unknown,train
BUS-BRA/BUSBRA/Images/bus_0915-l.png,BUS-BRA/BUSBRA/Masks/mask_0915-l.png,BUS-BRA,unknown,train
BUS-BRA/BUSBRA/Images/bus_1047-r.png,BUS-BRA/BUSBRA/Masks/mask_1047-r.png,BUS-BRA,unknown,train
BUS-BRA/BUSBRA/Images/bus_0372-r.png,BUS-BRA/BUSBRA/Masks/mask_0372-r.png,BUS-BRA,unknown,train
BUS-BRA/BUSBRA/Images/bus_0988-s.png,BUS-BRA/BUSBRA/Masks/mask_0988-s.png,BUS-BRA,unknown,train
BUS-BRA/BUSBRA/Images/bus_0347-s.png,BUS-BRA/BUSBRA/Masks/mask_0347-s.png,BUS-BRA,unknown,train
BUS-BRA/BUSBRA/Images/bus_0925-r.png,BUS-BRA/BUSBRA/Masks/mask_0925-r.png,BUS-BRA,unknown,train
BUS-BRA/BUSBRA/Images/bus_0638-l.png,BUS-BRA/BUSBRA/Masks/mask_0638-l.png,BUS-BRA,unknown,train
BUS-BRA/BUSBRA/Images/bus_0608-l.png,BUS-BRA/BUSBRA/Masks/mask_0608-l.png,BUS-BRA,unknown,train
BUS-BRA/BUSBRA/Images/bus_0796-s.png,BUS-BRA/BUSBRA/Masks/mask_0796-s.png,BUS-BRA,unknown,train
BUS-BRA/BUSBRA/Images/bus_0880-r.png,BUS-BRA/BUSBRA/Masks/mask_0880-r.png,BUS-BRA,unknown,train
BUS-BRA/BUSBRA/Images/bus_0897-r.png,BUS-BRA/BUSBRA/Masks/mask_0897-r.png,BUS-BRA,unknown,train
BUS-BRA/BUSBRA/Images/bus_0685-l.png,BUS-BRA/BUSBRA/Masks/mask_0685-l.png,BUS-BRA,unknown,train
BUS-BRA/BUSBRA/Images/bus_0979-l.png,BUS-BRA/BUSBRA/Masks/mask_0979-l.png,BUS-BRA,unknown,train
BUS-BRA/BUSBRA/Images/bus_0429-l.png,BUS-BRA/BUSBRA/Masks/mask_0429-l.png,BUS-BRA,unknown,train
BUS-BRA/BUSBRA/Images/bus_0092-r.png,BUS-BRA/BUSBRA/Masks/mask_0092-r.png,BUS-BRA,unknown,train
BUS-BRA/BUSBRA/Images/bus_0507-l.png,BUS-BRA/BUSBRA/Masks/mask_0507-l.png,BUS-BRA,unknown,train
BUS-BRA/BUSBRA/Images/bus_0622-l.png,BUS-BRA/BUSBRA/Masks/mask_0622-l.png,BUS-BRA,unknown,train
BUS-BRA/BUSBRA/Images/bus_0439-r.png,BUS-BRA/BUSBRA/Masks/mask_0439-r.png,BUS-BRA,unknown,train
BUS-BRA/BUSBRA/Images/bus_0910-l.png,BUS-BRA/BUSBRA/Masks/mask_0910-l.png,BUS-BRA,unknown,train
BUS-BRA/BUSBRA/Images/bus_0467-r.png,BUS-BRA/BUSBRA/Masks/mask_0467-r.png,BUS-BRA,unknown,train
BUS-BRA/BUSBRA/Images/bus_0485-r.png,BUS-BRA/BUSBRA/Masks/mask_0485-r.png,BUS-BRA,unknown,train
BUS-BRA/BUSBRA/Images/bus_0087-r.png,BUS-BRA/BUSBRA/Masks/mask_0087-r.png,BUS-BRA,unknown,train
BUS-BRA/BUSBRA/Images/bus_0985-l.png,BUS-BRA/BUSBRA/Masks/mask_0985-l.png,BUS-BRA,unknown,train
BUS-BRA/BUSBRA/Images/bus_0955-r.png,BUS-BRA/BUSBRA/Masks/mask_0955-r.png,BUS-BRA,unknown,train
BUS-BRA/BUSBRA/Images/bus_0276-r.png,BUS-BRA/BUSBRA/Masks/mask_0276-r.png,BUS-BRA,unknown,train
BUS-BRA/BUSBRA/Images/bus_0596-r.png,BUS-BRA/BUSBRA/Masks/mask_0596-r.png,BUS-BRA,unknown,train
BUS-BRA/BUSBRA/Images/bus_0654-l.png,BUS-BRA/BUSBRA/Masks/mask_0654-l.png,BUS-BRA,unknown,train
BUS-BRA/BUSBRA/Images/bus_0902-l.png,BUS-BRA/BUSBRA/Masks/mask_0902-l.png,BUS-BRA,unknown,train
BUS-BRA/BUSBRA/Images/bus_0059-r.png,BUS-BRA/BUSBRA/Masks/mask_0059-r.png,BUS-BRA,unknown,train
BUS-BRA/BUSBRA/Images/bus_0826-s.png,BUS-BRA/BUSBRA/Masks/mask_0826-s.png,BUS-BRA,unknown,train
BUS-BRA/BUSBRA/Images/bus_0824-s.png,BUS-BRA/BUSBRA/Masks/mask_0824-s.png,BUS-BRA,unknown,train
BUS-BRA/BUSBRA/Images/bus_0317-l.png,BUS-BRA/BUSBRA/Masks/mask_0317-l.png,BUS-BRA,unknown,train
BUS-BRA/BUSBRA/Images/bus_0951-r.png,BUS-BRA/BUSBRA/Masks/mask_0951-r.png,BUS-BRA,unknown,train
BUS-BRA/BUSBRA/Images/bus_0600-r.png,BUS-BRA/BUSBRA/Masks/mask_0600-r.png,BUS-BRA,unknown,train
BUS-BRA/BUSBRA/Images/bus_0032-l.png,BUS-BRA/BUSBRA/Masks/mask_0032-l.png,BUS-BRA,unknown,train
BUS-BRA/BUSBRA/Images/bus_0087-l.png,BUS-BRA/BUSBRA/Masks/mask_0087-l.png,BUS-BRA,unknown,train
BUS-BRA/BUSBRA/Images/bus_0222-r.png,BUS-BRA/BUSBRA/Masks/mask_0222-r.png,BUS-BRA,unknown,train
BUS-BRA/BUSBRA/Images/bus_1035-r.png,BUS-BRA/BUSBRA/Masks/mask_1035-r.png,BUS-BRA,unknown,train
BUS-BRA/BUSBRA/Images/bus_0120-l.png,BUS-BRA/BUSBRA/Masks/mask_0120-l.png,BUS-BRA,unknown,train
BUS-BRA/BUSBRA/Images/bus_1013-r.png,BUS-BRA/BUSBRA/Masks/mask_1013-r.png,BUS-BRA,unknown,train
BUS-BRA/BUSBRA/Images/bus_0590-l.png,BUS-BRA/BUSBRA/Masks/mask_0590-l.png,BUS-BRA,unknown,train
BUS-BRA/BUSBRA/Images/bus_0960-l.png,BUS-BRA/BUSBRA/Masks/mask_0960-l.png,BUS-BRA,unknown,train
BUS-BRA/BUSBRA/Images/bus_0005-l.png,BUS-BRA/BUSBRA/Masks/mask_0005-l.png,BUS-BRA,unknown,train
BUS-BRA/BUSBRA/Images/bus_0536-l.png,BUS-BRA/BUSBRA/Masks/mask_0536-l.png,BUS-BRA,unknown,train
BUS-BRA/BUSBRA/Images/bus_1054-l.png,BUS-BRA/BUSBRA/Masks/mask_1054-l.png,BUS-BRA,unknown,train
BUS-BRA/BUSBRA/Images/bus_0559-l.png,BUS-BRA/BUSBRA/Masks/mask_0559-l.png,BUS-BRA,unknown,train
BUS-BRA/BUSBRA/Images/bus_0247-r.png,BUS-BRA/BUSBRA/Masks/mask_0247-r.png,BUS-BRA,unknown,train
BUS-BRA/BUSBRA/Images/bus_0146-l.png,BUS-BRA/BUSBRA/Masks/mask_0146-l.png,BUS-BRA,unknown,train
BUS-BRA/BUSBRA/Images/bus_0709-s.png,BUS-BRA/BUSBRA/Masks/mask_0709-s.png,BUS-BRA,unknown,train
BUS-BRA/BUSBRA/Images/bus_0477-l.png,BUS-BRA/BUSBRA/Masks/mask_0477-l.png,BUS-BRA,unknown,train
BUS-BRA/BUSBRA/Images/bus_0934-r.png,BUS-BRA/BUSBRA/Masks/mask_0934-r.png,BUS-BRA,unknown,train
BUS-BRA/BUSBRA/Images/bus_0469-l.png,BUS-BRA/BUSBRA/Masks/mask_0469-l.png,BUS-BRA,unknown,train
BUS-BRA/BUSBRA/Images/bus_1010-r.png,BUS-BRA/BUSBRA/Masks/mask_1010-r.png,BUS-BRA,unknown,train
BUS-BRA/BUSBRA/Images/bus_0339-l.png,BUS-BRA/BUSBRA/Masks/mask_0339-l.png,BUS-BRA,unknown,train
BUS-BRA/BUSBRA/Images/bus_0192-r.png,BUS-BRA/BUSBRA/Masks/mask_0192-r.png,BUS-BRA,unknown,train
BUS-BRA/BUSBRA/Images/bus_0921-l.png,BUS-BRA/BUSBRA/Masks/mask_0921-l.png,BUS-BRA,unknown,train
BUS-BRA/BUSBRA/Images/bus_0150-r.png,BUS-BRA/BUSBRA/Masks/mask_0150-r.png,BUS-BRA,unknown,train
BUS-BRA/BUSBRA/Images/bus_0703-s.png,BUS-BRA/BUSBRA/Masks/mask_0703-s.png,BUS-BRA,unknown,train
BUS-BRA/BUSBRA/Images/bus_0819-s.png,BUS-BRA/BUSBRA/Masks/mask_0819-s.png,BUS-BRA,unknown,train
BUS-BRA/BUSBRA/Images/bus_0086-r.png,BUS-BRA/BUSBRA/Masks/mask_0086-r.png,BUS-BRA,unknown,train
BUS-BRA/BUSBRA/Images/bus_0257-r.png,BUS-BRA/BUSBRA/Masks/mask_0257-r.png,BUS-BRA,unknown,train
BUS-BRA/BUSBRA/Images/bus_0348-l.png,BUS-BRA/BUSBRA/Masks/mask_0348-l.png,BUS-BRA,unknown,train
BUS-BRA/BUSBRA/Images/bus_1055-r.png,BUS-BRA/BUSBRA/Masks/mask_1055-r.png,BUS-BRA,unknown,train
BUS-BRA/BUSBRA/Images/bus_1008-l.png,BUS-BRA/BUSBRA/Masks/mask_1008-l.png,BUS-BRA,unknown,train
BUS-BRA/BUSBRA/Images/bus_0298-l.png,BUS-BRA/BUSBRA/Masks/mask_0298-l.png,BUS-BRA,unknown,train
BUS-BRA/BUSBRA/Images/bus_0493-l.png,BUS-BRA/BUSBRA/Masks/mask_0493-l.png,BUS-BRA,unknown,train
BUS-BRA/BUSBRA/Images/bus_0266-l.png,BUS-BRA/BUSBRA/Masks/mask_0266-l.png,BUS-BRA,unknown,train
BUS-BRA/BUSBRA/Images/bus_0974-l.png,BUS-BRA/BUSBRA/Masks/mask_0974-l.png,BUS-BRA,unknown,train
BUS-BRA/BUSBRA/Images/bus_0614-r.png,BUS-BRA/BUSBRA/Masks/mask_0614-r.png,BUS-BRA,unknown,train
BUS-BRA/BUSBRA/Images/bus_0084-r.png,BUS-BRA/BUSBRA/Masks/mask_0084-r.png,BUS-BRA,unknown,train
BUS-BRA/BUSBRA/Images/bus_0922-l.png,BUS-BRA/BUSBRA/Masks/mask_0922-l.png,BUS-BRA,unknown,train
BUS-BRA/BUSBRA/Images/bus_1029-l.png,BUS-BRA/BUSBRA/Masks/mask_1029-l.png,BUS-BRA,unknown,train
BUS-BRA/BUSBRA/Images/bus_0222-l.png,BUS-BRA/BUSBRA/Masks/mask_0222-l.png,BUS-BRA,unknown,train
BUS-BRA/BUSBRA/Images/bus_0506-l.png,BUS-BRA/BUSBRA/Masks/mask_0506-l.png,BUS-BRA,unknown,train
BUS-BRA/BUSBRA/Images/bus_1005-s.png,BUS-BRA/BUSBRA/Masks/mask_1005-s.png,BUS-BRA,unknown,train
BUS-BRA/BUSBRA/Images/bus_0358-r.png,BUS-BRA/BUSBRA/Masks/mask_0358-r.png,BUS-BRA,unknown,train
BUS-BRA/BUSBRA/Images/bus_0753-s.png,BUS-BRA/BUSBRA/Masks/mask_0753-s.png,BUS-BRA,unknown,train
BUS-BRA/BUSBRA/Images/bus_0253-l.png,BUS-BRA/BUSBRA/Masks/mask_0253-l.png,BUS-BRA,unknown,train
BUS-BRA/BUSBRA/Images/bus_0730-s.png,BUS-BRA/BUSBRA/Masks/mask_0730-s.png,BUS-BRA,unknown,train
BUS-BRA/BUSBRA/Images/bus_0108-l.png,BUS-BRA/BUSBRA/Masks/mask_0108-l.png,BUS-BRA,unknown,train
BUS-BRA/BUSBRA/Images/bus_0602-r.png,BUS-BRA/BUSBRA/Masks/mask_0602-r.png,BUS-BRA,unknown,train
BUS-BRA/BUSBRA/Images/bus_0641-l.png,BUS-BRA/BUSBRA/Masks/mask_0641-l.png,BUS-BRA,unknown,train
BUS-BRA/BUSBRA/Images/bus_0330-l.png,BUS-BRA/BUSBRA/Masks/mask_0330-l.png,BUS-BRA,unknown,train
BUS-BRA/BUSBRA/Images/bus_0083-l.png,BUS-BRA/BUSBRA/Masks/mask_0083-l.png,BUS-BRA,unknown,train
BUS-BRA/BUSBRA/Images/bus_0404-r.png,BUS-BRA/BUSBRA/Masks/mask_0404-r.png,BUS-BRA,unknown,train
BUS-BRA/BUSBRA/Images/bus_0884-r.png,BUS-BRA/BUSBRA/Masks/mask_0884-r.png,BUS-BRA,unknown,train
BUS-BRA/BUSBRA/Images/bus_0519-r.png,BUS-BRA/BUSBRA/Masks/mask_0519-r.png,BUS-BRA,unknown,train
BUS-BRA/BUSBRA/Images/bus_0115-l.png,BUS-BRA/BUSBRA/Masks/mask_0115-l.png,BUS-BRA,unknown,train
BUS-BRA/BUSBRA/Images/bus_0470-r.png,BUS-BRA/BUSBRA/Masks/mask_0470-r.png,BUS-BRA,unknown,train
BUS-BRA/BUSBRA/Images/bus_0159-l.png,BUS-BRA/BUSBRA/Masks/mask_0159-l.png,BUS-BRA,unknown,train
BUS-BRA/BUSBRA/Images/bus_0166-l.png,BUS-BRA/BUSBRA/Masks/mask_0166-l.png,BUS-BRA,unknown,train
BUS-BRA/BUSBRA/Images/bus_0979-r.png,BUS-BRA/BUSBRA/Masks/mask_0979-r.png,BUS-BRA,unknown,train
BUS-BRA/BUSBRA/Images/bus_0221-l.png,BUS-BRA/BUSBRA/Masks/mask_0221-l.png,BUS-BRA,unknown,train
BUS-BRA/BUSBRA/Images/bus_0070-l.png,BUS-BRA/BUSBRA/Masks/mask_0070-l.png,BUS-BRA,unknown,train
BUS-BRA/BUSBRA/Images/bus_0632-r.png,BUS-BRA/BUSBRA/Masks/mask_0632-r.png,BUS-BRA,unknown,train
BUS-BRA/BUSBRA/Images/bus_0117-r.png,BUS-BRA/BUSBRA/Masks/mask_0117-r.png,BUS-BRA,unknown,train
BUS-BRA/BUSBRA/Images/bus_0843-s.png,BUS-BRA/BUSBRA/Masks/mask_0843-s.png,BUS-BRA,unknown,train
BUS-BRA/BUSBRA/Images/bus_0446-r.png,BUS-BRA/BUSBRA/Masks/mask_0446-r.png,BUS-BRA,unknown,train
BUS-BRA/BUSBRA/Images/bus_0142-r.png,BUS-BRA/BUSBRA/Masks/mask_0142-r.png,BUS-BRA,unknown,train
BUS-BRA/BUSBRA/Images/bus_0820-s.png,BUS-BRA/BUSBRA/Masks/mask_0820-s.png,BUS-BRA,unknown,train
BUS-BRA/BUSBRA/Images/bus_1017-l.png,BUS-BRA/BUSBRA/Masks/mask_1017-l.png,BUS-BRA,unknown,train
BUS-BRA/BUSBRA/Images/bus_1007-l.png,BUS-BRA/BUSBRA/Masks/mask_1007-l.png,BUS-BRA,unknown,train
BUS-BRA/BUSBRA/Images/bus_0605-r.png,BUS-BRA/BUSBRA/Masks/mask_0605-r.png,BUS-BRA,unknown,train
BUS-BRA/BUSBRA/Images/bus_0807-s.png,BUS-BRA/BUSBRA/Masks/mask_0807-s.png,BUS-BRA,unknown,train
BUS-BRA/BUSBRA/Images/bus_0213-l.png,BUS-BRA/BUSBRA/Masks/mask_0213-l.png,BUS-BRA,unknown,train
BUS-BRA/BUSBRA/Images/bus_0947-l.png,BUS-BRA/BUSBRA/Masks/mask_0947-l.png,BUS-BRA,unknown,train
BUS-BRA/BUSBRA/Images/bus_0456-l.png,BUS-BRA/BUSBRA/Masks/mask_0456-l.png,BUS-BRA,unknown,train
BUS-BRA/BUSBRA/Images/bus_0913-r.png,BUS-BRA/BUSBRA/Masks/mask_0913-r.png,BUS-BRA,unknown,train
BUS-BRA/BUSBRA/Images/bus_0128-s.png,BUS-BRA/BUSBRA/Masks/mask_0128-s.png,BUS-BRA,unknown,train
BUS-BRA/BUSBRA/Images/bus_0348-r.png,BUS-BRA/BUSBRA/Masks/mask_0348-r.png,BUS-BRA,unknown,train
BUS-BRA/BUSBRA/Images/bus_0001-r.png,BUS-BRA/BUSBRA/Masks/mask_0001-r.png,BUS-BRA,unknown,train
BUS-BRA/BUSBRA/Images/bus_0065-l.png,BUS-BRA/BUSBRA/Masks/mask_0065-l.png,BUS-BRA,unknown,train
BUS-BRA/BUSBRA/Images/bus_0378-l.png,BUS-BRA/BUSBRA/Masks/mask_0378-l.png,BUS-BRA,unknown,train
BUS-BRA/BUSBRA/Images/bus_1022-r.png,BUS-BRA/BUSBRA/Masks/mask_1022-r.png,BUS-BRA,unknown,train
BUS-BRA/BUSBRA/Images/bus_0504-r.png,BUS-BRA/BUSBRA/Masks/mask_0504-r.png,BUS-BRA,unknown,train
BUS-BRA/BUSBRA/Images/bus_0942-l.png,BUS-BRA/BUSBRA/Masks/mask_0942-l.png,BUS-BRA,unknown,train
BUS-BRA/BUSBRA/Images/bus_0791-s.png,BUS-BRA/BUSBRA/Masks/mask_0791-s.png,BUS-BRA,unknown,train
BUS-BRA/BUSBRA/Images/bus_0790-s.png,BUS-BRA/BUSBRA/Masks/mask_0790-s.png,BUS-BRA,unknown,train
BUS-BRA/BUSBRA/Images/bus_0884-l.png,BUS-BRA/BUSBRA/Masks/mask_0884-l.png,BUS-BRA,unknown,train
BUS-BRA/BUSBRA/Images/bus_0676-s.png,BUS-BRA/BUSBRA/Masks/mask_0676-s.png,BUS-BRA,unknown,train
BUS-BRA/BUSBRA/Images/bus_0972-s.png,BUS-BRA/BUSBRA/Masks/mask_0972-s.png,BUS-BRA,unknown,train
BUS-BRA/BUSBRA/Images/bus_0242-l.png,BUS-BRA/BUSBRA/Masks/mask_0242-l.png,BUS-BRA,unknown,train
BUS-BRA/BUSBRA/Images/bus_0876-r.png,BUS-BRA/BUSBRA/Masks/mask_0876-r.png,BUS-BRA,unknown,train
BUS-BRA/BUSBRA/Images/bus_0597-l.png,BUS-BRA/BUSBRA/Masks/mask_0597-l.png,BUS-BRA,unknown,train
BUS-BRA/BUSBRA/Images/bus_0657-l.png,BUS-BRA/BUSBRA/Masks/mask_0657-l.png,BUS-BRA,unknown,train
BUS-BRA/BUSBRA/Images/bus_0999-l.png,BUS-BRA/BUSBRA/Masks/mask_0999-l.png,BUS-BRA,unknown,train
BUS-BRA/BUSBRA/Images/bus_0935-r.png,BUS-BRA/BUSBRA/Masks/mask_0935-r.png,BUS-BRA,unknown,train
BUS-BRA/BUSBRA/Images/bus_0778-s.png,BUS-BRA/BUSBRA/Masks/mask_0778-s.png,BUS-BRA,unknown,train
BUS-BRA/BUSBRA/Images/bus_0360-r.png,BUS-BRA/BUSBRA/Masks/mask_0360-r.png,BUS-BRA,unknown,train
BUS-BRA/BUSBRA/Images/bus_0984-r.png,BUS-BRA/BUSBRA/Masks/mask_0984-r.png,BUS-BRA,unknown,train
BUS-BRA/BUSBRA/Images/bus_0657-r.png,BUS-BRA/BUSBRA/Masks/mask_0657-r.png,BUS-BRA,unknown,train
BUS-BRA/BUSBRA/Images/bus_0954-l.png,BUS-BRA/BUSBRA/Masks/mask_0954-l.png,BUS-BRA,unknown,train
BUS-BRA/BUSBRA/Images/bus_0178-l.png,BUS-BRA/BUSBRA/Masks/mask_0178-l.png,BUS-BRA,unknown,train
BUS-BRA/BUSBRA/Images/bus_0352-l.png,BUS-BRA/BUSBRA/Masks/mask_0352-l.png,BUS-BRA,unknown,train
BUS-BRA/BUSBRA/Images/bus_0815-s.png,BUS-BRA/BUSBRA/Masks/mask_0815-s.png,BUS-BRA,unknown,train
BUS-BRA/BUSBRA/Images/bus_0855-r.png,BUS-BRA/BUSBRA/Masks/mask_0855-r.png,BUS-BRA,unknown,train
BUS-BRA/BUSBRA/Images/bus_0383-r.png,BUS-BRA/BUSBRA/Masks/mask_0383-r.png,BUS-BRA,unknown,train
BUS-BRA/BUSBRA/Images/bus_0763-s.png,BUS-BRA/BUSBRA/Masks/mask_0763-s.png,BUS-BRA,unknown,train
BUS-BRA/BUSBRA/Images/bus_0671-l.png,BUS-BRA/BUSBRA/Masks/mask_0671-l.png,BUS-BRA,unknown,train
BUS-BRA/BUSBRA/Images/bus_0515-l.png,BUS-BRA/BUSBRA/Masks/mask_0515-l.png,BUS-BRA,unknown,train
BUS-BRA/BUSBRA/Images/bus_0341-l.png,BUS-BRA/BUSBRA/Masks/mask_0341-l.png,BUS-BRA,unknown,train
BUS-BRA/BUSBRA/Images/bus_0343-r.png,BUS-BRA/BUSBRA/Masks/mask_0343-r.png,BUS-BRA,unknown,train
BUS-BRA/BUSBRA/Images/bus_0690-s.png,BUS-BRA/BUSBRA/Masks/mask_0690-s.png,BUS-BRA,unknown,train
BUS-BRA/BUSBRA/Images/bus_0781-s.png,BUS-BRA/BUSBRA/Masks/mask_0781-s.png,BUS-BRA,unknown,train
BUS-BRA/BUSBRA/Images/bus_0789-s.png,BUS-BRA/BUSBRA/Masks/mask_0789-s.png,BUS-BRA,unknown,train
BUS-BRA/BUSBRA/Images/bus_0653-l.png,BUS-BRA/BUSBRA/Masks/mask_0653-l.png,BUS-BRA,unknown,train
BUS-BRA/BUSBRA/Images/bus_1040-l.png,BUS-BRA/BUSBRA/Masks/mask_1040-l.png,BUS-BRA,unknown,train
BUS-BRA/BUSBRA/Images/bus_0656-l.png,BUS-BRA/BUSBRA/Masks/mask_0656-l.png,BUS-BRA,unknown,train
BUS-BRA/BUSBRA/Images/bus_0864-l.png,BUS-BRA/BUSBRA/Masks/mask_0864-l.png,BUS-BRA,unknown,train
BUS-BRA/BUSBRA/Images/bus_0752-s.png,BUS-BRA/BUSBRA/Masks/mask_0752-s.png,BUS-BRA,unknown,train
BUS-BRA/BUSBRA/Images/bus_0881-r.png,BUS-BRA/BUSBRA/Masks/mask_0881-r.png,BUS-BRA,unknown,train
BUS-BRA/BUSBRA/Images/bus_0953-r.png,BUS-BRA/BUSBRA/Masks/mask_0953-r.png,BUS-BRA,unknown,train
BUS-BRA/BUSBRA/Images/bus_0735-s.png,BUS-BRA/BUSBRA/Masks/mask_0735-s.png,BUS-BRA,unknown,train
BUS-BRA/BUSBRA/Images/bus_1027-r.png,BUS-BRA/BUSBRA/Masks/mask_1027-r.png,BUS-BRA,unknown,train
BUS-BRA/BUSBRA/Images/bus_1016-r.png,BUS-BRA/BUSBRA/Masks/mask_1016-r.png,BUS-BRA,unknown,train
BUS-BRA/BUSBRA/Images/bus_0942-r.png,BUS-BRA/BUSBRA/Masks/mask_0942-r.png,BUS-BRA,unknown,train
BUS-BRA/BUSBRA/Images/bus_0991-s.png,BUS-BRA/BUSBRA/Masks/mask_0991-s.png,BUS-BRA,unknown,train
BUS-BRA/BUSBRA/Images/bus_0426-r.png,BUS-BRA/BUSBRA/Masks/mask_0426-r.png,BUS-BRA,unknown,train
BUS-BRA/BUSBRA/Images/bus_0350-r.png,BUS-BRA/BUSBRA/Masks/mask_0350-r.png,BUS-BRA,unknown,train
BUS-BRA/BUSBRA/Images/bus_0535-l.png,BUS-BRA/BUSBRA/Masks/mask_0535-l.png,BUS-BRA,unknown,train
BUS-BRA/BUSBRA/Images/bus_1061-r.png,BUS-BRA/BUSBRA/Masks/mask_1061-r.png,BUS-BRA,unknown,train
BUS-BRA/BUSBRA/Images/bus_0301-l.png,BUS-BRA/BUSBRA/Masks/mask_0301-l.png,BUS-BRA,unknown,train
BUS-BRA/BUSBRA/Images/bus_0369-r.png,BUS-BRA/BUSBRA/Masks/mask_0369-r.png,BUS-BRA,unknown,train
BUS-BRA/BUSBRA/Images/bus_0312-s.png,BUS-BRA/BUSBRA/Masks/mask_0312-s.png,BUS-BRA,unknown,train
BUS-BRA/BUSBRA/Images/bus_0583-r.png,BUS-BRA/BUSBRA/Masks/mask_0583-r.png,BUS-BRA,unknown,train
BUS-BRA/BUSBRA/Images/bus_0662-r.png,BUS-BRA/BUSBRA/Masks/mask_0662-r.png,BUS-BRA,unknown,train
BUS-BRA/BUSBRA/Images/bus_0620-r.png,BUS-BRA/BUSBRA/Masks/mask_0620-r.png,BUS-BRA,unknown,train
BUS-BRA/BUSBRA/Images/bus_0284-r.png,BUS-BRA/BUSBRA/Masks/mask_0284-r.png,BUS-BRA,unknown,train
BUS-BRA/BUSBRA/Images/bus_0558-r.png,BUS-BRA/BUSBRA/Masks/mask_0558-r.png,BUS-BRA,unknown,train
BUS-BRA/BUSBRA/Images/bus_0292-r.png,BUS-BRA/BUSBRA/Masks/mask_0292-r.png,BUS-BRA,unknown,train
BUS-BRA/BUSBRA/Images/bus_0626-l.png,BUS-BRA/BUSBRA/Masks/mask_0626-l.png,BUS-BRA,unknown,train
BUS-BRA/BUSBRA/Images/bus_0962-l.png,BUS-BRA/BUSBRA/Masks/mask_0962-l.png,BUS-BRA,unknown,train
BUS-BRA/BUSBRA/Images/bus_0403-l.png,BUS-BRA/BUSBRA/Masks/mask_0403-l.png,BUS-BRA,unknown,train
BUS-BRA/BUSBRA/Images/bus_0993-l.png,BUS-BRA/BUSBRA/Masks/mask_0993-l.png,BUS-BRA,unknown,train
BUS-BRA/BUSBRA/Images/bus_0811-s.png,BUS-BRA/BUSBRA/Masks/mask_0811-s.png,BUS-BRA,unknown,train
BUS-BRA/BUSBRA/Images/bus_0263-r.png,BUS-BRA/BUSBRA/Masks/mask_0263-r.png,BUS-BRA,unknown,train
BUS-BRA/BUSBRA/Images/bus_0055-r.png,BUS-BRA/BUSBRA/Masks/mask_0055-r.png,BUS-BRA,unknown,train
BUS-BRA/BUSBRA/Images/bus_0539-l.png,BUS-BRA/BUSBRA/Masks/mask_0539-l.png,BUS-BRA,unknown,train
BUS-BRA/BUSBRA/Images/bus_0305-l.png,BUS-BRA/BUSBRA/Masks/mask_0305-l.png,BUS-BRA,unknown,train
BUS-BRA/BUSBRA/Images/bus_0661-r.png,BUS-BRA/BUSBRA/Masks/mask_0661-r.png,BUS-BRA,unknown,train
BUS-BRA/BUSBRA/Images/bus_0400-l.png,BUS-BRA/BUSBRA/Masks/mask_0400-l.png,BUS-BRA,unknown,train
BUS-BRA/BUSBRA/Images/bus_0460-r.png,BUS-BRA/BUSBRA/Masks/mask_0460-r.png,BUS-BRA,unknown,train
BUS-BRA/BUSBRA/Images/bus_0918-r.png,BUS-BRA/BUSBRA/Masks/mask_0918-r.png,BUS-BRA,unknown,train
BUS-BRA/BUSBRA/Images/bus_0858-l.png,BUS-BRA/BUSBRA/Masks/mask_0858-l.png,BUS-BRA,unknown,train
BUS-BRA/BUSBRA/Images/bus_0474-r.png,BUS-BRA/BUSBRA/Masks/mask_0474-r.png,BUS-BRA,unknown,train
BUS-BRA/BUSBRA/Images/bus_0907-r.png,BUS-BRA/BUSBRA/Masks/mask_0907-r.png,BUS-BRA,unknown,train
BUS-BRA/BUSBRA/Images/bus_0548-l.png,BUS-BRA/BUSBRA/Masks/mask_0548-l.png,BUS-BRA,unknown,train
BUS-BRA/BUSBRA/Images/bus_0119-r.png,BUS-BRA/BUSBRA/Masks/mask_0119-r.png,BUS-BRA,unknown,train
BUS-BRA/BUSBRA/Images/bus_0217-l.png,BUS-BRA/BUSBRA/Masks/mask_0217-l.png,BUS-BRA,unknown,train
BUS-BRA/BUSBRA/Images/bus_0426-l.png,BUS-BRA/BUSBRA/Masks/mask_0426-l.png,BUS-BRA,unknown,train
BUS-BRA/BUSBRA/Images/bus_0464-l.png,BUS-BRA/BUSBRA/Masks/mask_0464-l.png,BUS-BRA,unknown,train
BUS-BRA/BUSBRA/Images/bus_0219-r.png,BUS-BRA/BUSBRA/Masks/mask_0219-r.png,BUS-BRA,unknown,train
BUS-BRA/BUSBRA/Images/bus_0412-l.png,BUS-BRA/BUSBRA/Masks/mask_0412-l.png,BUS-BRA,unknown,train
BUS-BRA/BUSBRA/Images/bus_0987-l.png,BUS-BRA/BUSBRA/Masks/mask_0987-l.png,BUS-BRA,unknown,train
BUS-BRA/BUSBRA/Images/bus_0649-r.png,BUS-BRA/BUSBRA/Masks/mask_0649-r.png,BUS-BRA,unknown,train
BUS-BRA/BUSBRA/Images/bus_0543-l.png,BUS-BRA/BUSBRA/Masks/mask_0543-l.png,BUS-BRA,unknown,train
BUS-BRA/BUSBRA/Images/bus_0349-l.png,BUS-BRA/BUSBRA/Masks/mask_0349-l.png,BUS-BRA,unknown,train
BUS-BRA/BUSBRA/Images/bus_1012-l.png,BUS-BRA/BUSBRA/Masks/mask_1012-l.png,BUS-BRA,unknown,train
BUS-BRA/BUSBRA/Images/bus_0332-r.png,BUS-BRA/BUSBRA/Masks/mask_0332-r.png,BUS-BRA,unknown,train
BUS-BRA/BUSBRA/Images/bus_0509-l.png,BUS-BRA/BUSBRA/Masks/mask_0509-l.png,BUS-BRA,unknown,train
BUS-BRA/BUSBRA/Images/bus_0904-l.png,BUS-BRA/BUSBRA/Masks/mask_0904-l.png,BUS-BRA,unknown,train
BUS-BRA/BUSBRA/Images/bus_0391-r.png,BUS-BRA/BUSBRA/Masks/mask_0391-r.png,BUS-BRA,unknown,train
BUS-BRA/BUSBRA/Images/bus_0370-r.png,BUS-BRA/BUSBRA/Masks/mask_0370-r.png,BUS-BRA,unknown,train
BUS-BRA/BUSBRA/Images/bus_0057-l.png,BUS-BRA/BUSBRA/Masks/mask_0057-l.png,BUS-BRA,unknown,train
BUS-BRA/BUSBRA/Images/bus_0431-l.png,BUS-BRA/BUSBRA/Masks/mask_0431-l.png,BUS-BRA,unknown,train
BUS-BRA/BUSBRA/Images/bus_0918-l.png,BUS-BRA/BUSBRA/Masks/mask_0918-l.png,BUS-BRA,unknown,train
BUS-BRA/BUSBRA/Images/bus_0224-l.png,BUS-BRA/BUSBRA/Masks/mask_0224-l.png,BUS-BRA,unknown,train
BUS-BRA/BUSBRA/Images/bus_0273-l.png,BUS-BRA/BUSBRA/Masks/mask_0273-l.png,BUS-BRA,unknown,train
BUS-BRA/BUSBRA/Images/bus_0564-r.png,BUS-BRA/BUSBRA/Masks/mask_0564-r.png,BUS-BRA,unknown,train
BUS-BRA/BUSBRA/Images/bus_0557-l.png,BUS-BRA/BUSBRA/Masks/mask_0557-l.png,BUS-BRA,unknown,train
BUS-BRA/BUSBRA/Images/bus_0493-r.png,BUS-BRA/BUSBRA/Masks/mask_0493-r.png,BUS-BRA,unknown,train
BUS-BRA/BUSBRA/Images/bus_0418-r.png,BUS-BRA/BUSBRA/Masks/mask_0418-r.png,BUS-BRA,unknown,train
BUS-BRA/BUSBRA/Images/bus_0116-r.png,BUS-BRA/BUSBRA/Masks/mask_0116-r.png,BUS-BRA,unknown,train
BUS-BRA/BUSBRA/Images/bus_0076-r.png,BUS-BRA/BUSBRA/Masks/mask_0076-r.png,BUS-BRA,unknown,train
BUS-BRA/BUSBRA/Images/bus_0554-r.png,BUS-BRA/BUSBRA/Masks/mask_0554-r.png,BUS-BRA,unknown,train
BUS-BRA/BUSBRA/Images/bus_0023-r.png,BUS-BRA/BUSBRA/Masks/mask_0023-r.png,BUS-BRA,unknown,train
BUS-BRA/BUSBRA/Images/bus_0537-r.png,BUS-BRA/BUSBRA/Masks/mask_0537-r.png,BUS-BRA,unknown,train
BUS-BRA/BUSBRA/Images/bus_0134-l.png,BUS-BRA/BUSBRA/Masks/mask_0134-l.png,BUS-BRA,unknown,train
BUS-BRA/BUSBRA/Images/bus_0873-l.png,BUS-BRA/BUSBRA/Masks/mask_0873-l.png,BUS-BRA,unknown,train
BUS-BRA/BUSBRA/Images/bus_0210-l.png,BUS-BRA/BUSBRA/Masks/mask_0210-l.png,BUS-BRA,unknown,train
BUS-BRA/BUSBRA/Images/bus_0163-r.png,BUS-BRA/BUSBRA/Masks/mask_0163-r.png,BUS-BRA,unknown,train
BUS-BRA/BUSBRA/Images/bus_0230-l.png,BUS-BRA/BUSBRA/Masks/mask_0230-l.png,BUS-BRA,unknown,train
BUS-BRA/BUSBRA/Images/bus_0973-l.png,BUS-BRA/BUSBRA/Masks/mask_0973-l.png,BUS-BRA,unknown,train
BUS-BRA/BUSBRA/Images/bus_0216-r.png,BUS-BRA/BUSBRA/Masks/mask_0216-r.png,BUS-BRA,unknown,train
BUS-BRA/BUSBRA/Images/bus_0320-l.png,BUS-BRA/BUSBRA/Masks/mask_0320-l.png,BUS-BRA,unknown,train
BUS-BRA/BUSBRA/Images/bus_0877-r.png,BUS-BRA/BUSBRA/Masks/mask_0877-r.png,BUS-BRA,unknown,train
BUS-BRA/BUSBRA/Images/bus_0610-l.png,BUS-BRA/BUSBRA/Masks/mask_0610-l.png,BUS-BRA,unknown,train
BUS-BRA/BUSBRA/Images/bus_0572-l.png,BUS-BRA/BUSBRA/Masks/mask_0572-l.png,BUS-BRA,unknown,train
BUS-BRA/BUSBRA/Images/bus_0863-r.png,BUS-BRA/BUSBRA/Masks/mask_0863-r.png,BUS-BRA,unknown,train
BUS-BRA/BUSBRA/Images/bus_0351-r.png,BUS-BRA/BUSBRA/Masks/mask_0351-r.png,BUS-BRA,unknown,train
BUS-BRA/BUSBRA/Images/bus_0605-l.png,BUS-BRA/BUSBRA/Masks/mask_0605-l.png,BUS-BRA,unknown,train
BUS-BRA/BUSBRA/Images/bus_0748-s.png,BUS-BRA/BUSBRA/Masks/mask_0748-s.png,BUS-BRA,unknown,train
BUS-BRA/BUSBRA/Images/bus_0282-r.png,BUS-BRA/BUSBRA/Masks/mask_0282-r.png,BUS-BRA,unknown,train
BUS-BRA/BUSBRA/Images/bus_0038-s.png,BUS-BRA/BUSBRA/Masks/mask_0038-s.png,BUS-BRA,unknown,train
BUS-BRA/BUSBRA/Images/bus_0008-r.png,BUS-BRA/BUSBRA/Masks/mask_0008-r.png,BUS-BRA,unknown,train
BUS-BRA/BUSBRA/Images/bus_0619-l.png,BUS-BRA/BUSBRA/Masks/mask_0619-l.png,BUS-BRA,unknown,train
BUS-BRA/BUSBRA/Images/bus_0561-l.png,BUS-BRA/BUSBRA/Masks/mask_0561-l.png,BUS-BRA,unknown,train
BUS-BRA/BUSBRA/Images/bus_0268-l.png,BUS-BRA/BUSBRA/Masks/mask_0268-l.png,BUS-BRA,unknown,train
BUS-BRA/BUSBRA/Images/bus_0210-r.png,BUS-BRA/BUSBRA/Masks/mask_0210-r.png,BUS-BRA,unknown,train
BUS-BRA/BUSBRA/Images/bus_0108-r.png,BUS-BRA/BUSBRA/Masks/mask_0108-r.png,BUS-BRA,unknown,train
BUS-BRA/BUSBRA/Images/bus_0410-r.png,BUS-BRA/BUSBRA/Masks/mask_0410-r.png,BUS-BRA,unknown,train
BUS-BRA/BUSBRA/Images/bus_0125-r.png,BUS-BRA/BUSBRA/Masks/mask_0125-r.png,BUS-BRA,unknown,train
BUS-BRA/BUSBRA/Images/bus_0424-r.png,BUS-BRA/BUSBRA/Masks/mask_0424-r.png,BUS-BRA,unknown,train
BUS-BRA/BUSBRA/Images/bus_0567-l.png,BUS-BRA/BUSBRA/Masks/mask_0567-l.png,BUS-BRA,unknown,train
BUS-BRA/BUSBRA/Images/bus_0468-l.png,BUS-BRA/BUSBRA/Masks/mask_0468-l.png,BUS-BRA,unknown,train
BUS-BRA/BUSBRA/Images/bus_0188-r.png,BUS-BRA/BUSBRA/Masks/mask_0188-r.png,BUS-BRA,unknown,train
BUS-BRA/BUSBRA/Images/bus_0388-r.png,BUS-BRA/BUSBRA/Masks/mask_0388-r.png,BUS-BRA,unknown,train
BUS-BRA/BUSBRA/Images/bus_0999-r.png,BUS-BRA/BUSBRA/Masks/mask_0999-r.png,BUS-BRA,unknown,train
BUS-BRA/BUSBRA/Images/bus_0167-l.png,BUS-BRA/BUSBRA/Masks/mask_0167-l.png,BUS-BRA,unknown,train
BUS-BRA/BUSBRA/Images/bus_0986-r.png,BUS-BRA/BUSBRA/Masks/mask_0986-r.png,BUS-BRA,unknown,train
BUS-BRA/BUSBRA/Images/bus_0537-l.png,BUS-BRA/BUSBRA/Masks/mask_0537-l.png,BUS-BRA,unknown,train
BUS-BRA/BUSBRA/Images/bus_0667-r.png,BUS-BRA/BUSBRA/Masks/mask_0667-r.png,BUS-BRA,unknown,train
BUS-BRA/BUSBRA/Images/bus_1000-r.png,BUS-BRA/BUSBRA/Masks/mask_1000-r.png,BUS-BRA,unknown,train
BUS-BRA/BUSBRA/Images/bus_0858-r.png,BUS-BRA/BUSBRA/Masks/mask_0858-r.png,BUS-BRA,unknown,train
BUS-BRA/BUSBRA/Images/bus_0249-l.png,BUS-BRA/BUSBRA/Masks/mask_0249-l.png,BUS-BRA,unknown,train
BUS-BRA/BUSBRA/Images/bus_1063-l.png,BUS-BRA/BUSBRA/Masks/mask_1063-l.png,BUS-BRA,unknown,train
BUS-BRA/BUSBRA/Images/bus_0436-r.png,BUS-BRA/BUSBRA/Masks/mask_0436-r.png,BUS-BRA,unknown,train
BUS-BRA/BUSBRA/Images/bus_0154-l.png,BUS-BRA/BUSBRA/Masks/mask_0154-l.png,BUS-BRA,unknown,train
BUS-BRA/BUSBRA/Images/bus_0526-r.png,BUS-BRA/BUSBRA/Masks/mask_0526-r.png,BUS-BRA,unknown,train
BUS-BRA/BUSBRA/Images/bus_0117-l.png,BUS-BRA/BUSBRA/Masks/mask_0117-l.png,BUS-BRA,unknown,train
BUS-BRA/BUSBRA/Images/bus_0093-s.png,BUS-BRA/BUSBRA/Masks/mask_0093-s.png,BUS-BRA,unknown,train
BUS-BRA/BUSBRA/Images/bus_0908-r.png,BUS-BRA/BUSBRA/Masks/mask_0908-r.png,BUS-BRA,unknown,train
BUS-BRA/BUSBRA/Images/bus_0393-r.png,BUS-BRA/BUSBRA/Masks/mask_0393-r.png,BUS-BRA,unknown,train
BUS-BRA/BUSBRA/Images/bus_0221-r.png,BUS-BRA/BUSBRA/Masks/mask_0221-r.png,BUS-BRA,unknown,train
BUS-BRA/BUSBRA/Images/bus_0380-l.png,BUS-BRA/BUSBRA/Masks/mask_0380-l.png,BUS-BRA,unknown,train
BUS-BRA/BUSBRA/Images/bus_0866-l.png,BUS-BRA/BUSBRA/Masks/mask_0866-l.png,BUS-BRA,unknown,train
BUS-BRA/BUSBRA/Images/bus_0593-r.png,BUS-BRA/BUSBRA/Masks/mask_0593-r.png,BUS-BRA,unknown,train
BUS-BRA/BUSBRA/Images/bus_0306-l.png,BUS-BRA/BUSBRA/Masks/mask_0306-l.png,BUS-BRA,unknown,train
BUS-BRA/BUSBRA/Images/bus_0794-s.png,BUS-BRA/BUSBRA/Masks/mask_0794-s.png,BUS-BRA,unknown,train
BUS-BRA/BUSBRA/Images/bus_0539-r.png,BUS-BRA/BUSBRA/Masks/mask_0539-r.png,BUS-BRA,unknown,train
BUS-BRA/BUSBRA/Images/bus_0541-r.png,BUS-BRA/BUSBRA/Masks/mask_0541-r.png,BUS-BRA,unknown,train
BUS-BRA/BUSBRA/Images/bus_0792-s.png,BUS-BRA/BUSBRA/Masks/mask_0792-s.png,BUS-BRA,unknown,train
BUS-BRA/BUSBRA/Images/bus_0911-r.png,BUS-BRA/BUSBRA/Masks/mask_0911-r.png,BUS-BRA,unknown,train
BUS-BRA/BUSBRA/Images/bus_0581-l.png,BUS-BRA/BUSBRA/Masks/mask_0581-l.png,BUS-BRA,unknown,train
BUS-BRA/BUSBRA/Images/bus_0119-l.png,BUS-BRA/BUSBRA/Masks/mask_0119-l.png,BUS-BRA,unknown,train
BUS-BRA/BUSBRA/Images/bus_0020-r.png,BUS-BRA/BUSBRA/Masks/mask_0020-r.png,BUS-BRA,unknown,train
BUS-BRA/BUSBRA/Images/bus_0416-r.png,BUS-BRA/BUSBRA/Masks/mask_0416-r.png,BUS-BRA,unknown,train
BUS-BRA/BUSBRA/Images/bus_0276-l.png,BUS-BRA/BUSBRA/Masks/mask_0276-l.png,BUS-BRA,unknown,train
BUS-BRA/BUSBRA/Images/bus_0832-s.png,BUS-BRA/BUSBRA/Masks/mask_0832-s.png,BUS-BRA,unknown,train
BUS-BRA/BUSBRA/Images/bus_0855-l.png,BUS-BRA/BUSBRA/Masks/mask_0855-l.png,BUS-BRA,unknown,train
BUS-BRA/BUSBRA/Images/bus_1049-l.png,BUS-BRA/BUSBRA/Masks/mask_1049-l.png,BUS-BRA,unknown,train
BUS-BRA/BUSBRA/Images/bus_0771-s.png,BUS-BRA/BUSBRA/Masks/mask_0771-s.png,BUS-BRA,unknown,train
BUS-BRA/BUSBRA/Images/bus_0053-l.png,BUS-BRA/BUSBRA/Masks/mask_0053-l.png,BUS-BRA,unknown,train
BUS-BRA/BUSBRA/Images/bus_0744-s.png,BUS-BRA/BUSBRA/Masks/mask_0744-s.png,BUS-BRA,unknown,train
BUS-BRA/BUSBRA/Images/bus_0477-r.png,BUS-BRA/BUSBRA/Masks/mask_0477-r.png,BUS-BRA,unknown,train
BUS-BRA/BUSBRA/Images/bus_0305-r.png,BUS-BRA/BUSBRA/Masks/mask_0305-r.png,BUS-BRA,unknown,train
BUS-BRA/BUSBRA/Images/bus_0750-s.png,BUS-BRA/BUSBRA/Masks/mask_0750-s.png,BUS-BRA,unknown,train
BUS-BRA/BUSBRA/Images/bus_0417-l.png,BUS-BRA/BUSBRA/Masks/mask_0417-l.png,BUS-BRA,unknown,train
BUS-BRA/BUSBRA/Images/bus_0140-l.png,BUS-BRA/BUSBRA/Masks/mask_0140-l.png,BUS-BRA,unknown,train
BUS-BRA/BUSBRA/Images/bus_0008-l.png,BUS-BRA/BUSBRA/Masks/mask_0008-l.png,BUS-BRA,unknown,train
BUS-BRA/BUSBRA/Images/bus_0177-l.png,BUS-BRA/BUSBRA/Masks/mask_0177-l.png,BUS-BRA,unknown,train
BUS-BRA/BUSBRA/Images/bus_0326-l.png,BUS-BRA/BUSBRA/Masks/mask_0326-l.png,BUS-BRA,unknown,train
BUS-BRA/BUSBRA/Images/bus_0214-r.png,BUS-BRA/BUSBRA/Masks/mask_0214-r.png,BUS-BRA,unknown,train
BUS-BRA/BUSBRA/Images/bus_0682-s.png,BUS-BRA/BUSBRA/Masks/mask_0682-s.png,BUS-BRA,unknown,train
BUS-BRA/BUSBRA/Images/bus_0097-l.png,BUS-BRA/BUSBRA/Masks/mask_0097-l.png,BUS-BRA,unknown,train
BUS-BRA/BUSBRA/Images/bus_0449-l.png,BUS-BRA/BUSBRA/Masks/mask_0449-l.png,BUS-BRA,unknown,train
BUS-BRA/BUSBRA/Images/bus_0011-r.png,BUS-BRA/BUSBRA/Masks/mask_0011-r.png,BUS-BRA,unknown,train
BUS-BRA/BUSBRA/Images/bus_0351-l.png,BUS-BRA/BUSBRA/Masks/mask_0351-l.png,BUS-BRA,unknown,train
BUS-BRA/BUSBRA/Images/bus_0870-l.png,BUS-BRA/BUSBRA/Masks/mask_0870-l.png,BUS-BRA,unknown,train
BUS-BRA/BUSBRA/Images/bus_0606-l.png,BUS-BRA/BUSBRA/Masks/mask_0606-l.png,BUS-BRA,unknown,train
BUS-BRA/BUSBRA/Images/bus_0881-l.png,BUS-BRA/BUSBRA/Masks/mask_0881-l.png,BUS-BRA,unknown,train
BUS-BRA/BUSBRA/Images/bus_0444-r.png,BUS-BRA/BUSBRA/Masks/mask_0444-r.png,BUS-BRA,unknown,train
BUS-BRA/BUSBRA/Images/bus_0663-l.png,BUS-BRA/BUSBRA/Masks/mask_0663-l.png,BUS-BRA,unknown,train
BUS-BRA/BUSBRA/Images/bus_0914-l.png,BUS-BRA/BUSBRA/Masks/mask_0914-l.png,BUS-BRA,unknown,train
BUS-BRA/BUSBRA/Images/bus_0304-r.png,BUS-BRA/BUSBRA/Masks/mask_0304-r.png,BUS-BRA,unknown,train
BUS-BRA/BUSBRA/Images/bus_1039-r.png,BUS-BRA/BUSBRA/Masks/mask_1039-r.png,BUS-BRA,unknown,train
BUS-BRA/BUSBRA/Images/bus_0372-l.png,BUS-BRA/BUSBRA/Masks/mask_0372-l.png,BUS-BRA,unknown,train
BUS-BRA/BUSBRA/Images/bus_0507-r.png,BUS-BRA/BUSBRA/Masks/mask_0507-r.png,BUS-BRA,unknown,train
BUS-BRA/BUSBRA/Images/bus_0110-l.png,BUS-BRA/BUSBRA/Masks/mask_0110-l.png,BUS-BRA,unknown,train
BUS-BRA/BUSBRA/Images/bus_1029-r.png,BUS-BRA/BUSBRA/Masks/mask_1029-r.png,BUS-BRA,unknown,train
BUS-BRA/BUSBRA/Images/bus_0516-r.png,BUS-BRA/BUSBRA/Masks/mask_0516-r.png,BUS-BRA,unknown,train
BUS-BRA/BUSBRA/Images/bus_0378-r.png,BUS-BRA/BUSBRA/Masks/mask_0378-r.png,BUS-BRA,unknown,train
BUS-BRA/BUSBRA/Images/bus_0865-r.png,BUS-BRA/BUSBRA/Masks/mask_0865-r.png,BUS-BRA,unknown,train
BUS-BRA/BUSBRA/Images/bus_0976-r.png,BUS-BRA/BUSBRA/Masks/mask_0976-r.png,BUS-BRA,unknown,train
BUS-BRA/BUSBRA/Images/bus_0277-l.png,BUS-BRA/BUSBRA/Masks/mask_0277-l.png,BUS-BRA,unknown,train
BUS-BRA/BUSBRA/Images/bus_0570-l.png,BUS-BRA/BUSBRA/Masks/mask_0570-l.png,BUS-BRA,unknown,train
BUS-BRA/BUSBRA/Images/bus_0258-r.png,BUS-BRA/BUSBRA/Masks/mask_0258-r.png,BUS-BRA,unknown,train
BUS-BRA/BUSBRA/Images/bus_0911-l.png,BUS-BRA/BUSBRA/Masks/mask_0911-l.png,BUS-BRA,unknown,train
BUS-BRA/BUSBRA/Images/bus_0457-l.png,BUS-BRA/BUSBRA/Masks/mask_0457-l.png,BUS-BRA,unknown,train
BUS-BRA/BUSBRA/Images/bus_0402-r.png,BUS-BRA/BUSBRA/Masks/mask_0402-r.png,BUS-BRA,unknown,train
BUS-BRA/BUSBRA/Images/bus_0145-r.png,BUS-BRA/BUSBRA/Masks/mask_0145-r.png,BUS-BRA,unknown,train
BUS-BRA/BUSBRA/Images/bus_0012-l.png,BUS-BRA/BUSBRA/Masks/mask_0012-l.png,BUS-BRA,unknown,train
BUS-BRA/BUSBRA/Images/bus_0718-s.png,BUS-BRA/BUSBRA/Masks/mask_0718-s.png,BUS-BRA,unknown,train
BUS-BRA/BUSBRA/Images/bus_0251-l.png,BUS-BRA/BUSBRA/Masks/mask_0251-l.png,BUS-BRA,unknown,train
BUS-BRA/BUSBRA/Images/bus_0621-l.png,BUS-BRA/BUSBRA/Masks/mask_0621-l.png,BUS-BRA,unknown,train
BUS-BRA/BUSBRA/Images/bus_0157-r.png,BUS-BRA/BUSBRA/Masks/mask_0157-r.png,BUS-BRA,unknown,train
BUS-BRA/BUSBRA/Images/bus_0506-r.png,BUS-BRA/BUSBRA/Masks/mask_0506-r.png,BUS-BRA,unknown,train
BUS-BRA/BUSBRA/Images/bus_0636-r.png,BUS-BRA/BUSBRA/Masks/mask_0636-r.png,BUS-BRA,unknown,train
BUS-BRA/BUSBRA/Images/bus_0213-r.png,BUS-BRA/BUSBRA/Masks/mask_0213-r.png,BUS-BRA,unknown,train
BUS-BRA/BUSBRA/Images/bus_0431-r.png,BUS-BRA/BUSBRA/Masks/mask_0431-r.png,BUS-BRA,unknown,train
BUS-BRA/BUSBRA/Images/bus_0818-s.png,BUS-BRA/BUSBRA/Masks/mask_0818-s.png,BUS-BRA,unknown,train
BUS-BRA/BUSBRA/Images/bus_0874-l.png,BUS-BRA/BUSBRA/Masks/mask_0874-l.png,BUS-BRA,unknown,train
BUS-BRA/BUSBRA/Images/bus_0191-r.png,BUS-BRA/BUSBRA/Masks/mask_0191-r.png,BUS-BRA,unknown,train
BUS-BRA/BUSBRA/Images/bus_0413-r.png,BUS-BRA/BUSBRA/Masks/mask_0413-r.png,BUS-BRA,unknown,train
BUS-BRA/BUSBRA/Images/bus_0713-r.png,BUS-BRA/BUSBRA/Masks/mask_0713-r.png,BUS-BRA,unknown,train
BUS-BRA/BUSBRA/Images/bus_0965-r.png,BUS-BRA/BUSBRA/Masks/mask_0965-r.png,BUS-BRA,unknown,train
BUS-BRA/BUSBRA/Images/bus_0074-s.png,BUS-BRA/BUSBRA/Masks/mask_0074-s.png,BUS-BRA,unknown,train
BUS-BRA/BUSBRA/Images/bus_0966-r.png,BUS-BRA/BUSBRA/Masks/mask_0966-r.png,BUS-BRA,unknown,train
BUS-BRA/BUSBRA/Images/bus_0464-r.png,BUS-BRA/BUSBRA/Masks/mask_0464-r.png,BUS-BRA,unknown,train
BUS-BRA/BUSBRA/Images/bus_0590-r.png,BUS-BRA/BUSBRA/Masks/mask_0590-r.png,BUS-BRA,unknown,train
BUS-BRA/BUSBRA/Images/bus_0777-s.png,BUS-BRA/BUSBRA/Masks/mask_0777-s.png,BUS-BRA,unknown,train
BUS-BRA/BUSBRA/Images/bus_0051-l.png,BUS-BRA/BUSBRA/Masks/mask_0051-l.png,BUS-BRA,unknown,train
BUS-BRA/BUSBRA/Images/bus_0857-l.png,BUS-BRA/BUSBRA/Masks/mask_0857-l.png,BUS-BRA,unknown,train
BUS-BRA/BUSBRA/Images/bus_0185-l.png,BUS-BRA/BUSBRA/Masks/mask_0185-l.png,BUS-BRA,unknown,train
BUS-BRA/BUSBRA/Images/bus_0648-l.png,BUS-BRA/BUSBRA/Masks/mask_0648-l.png,BUS-BRA,unknown,train
BUS-BRA/BUSBRA/Images/bus_0254-r.png,BUS-BRA/BUSBRA/Masks/mask_0254-r.png,BUS-BRA,unknown,train
BUS-BRA/BUSBRA/Images/bus_0069-r.png,BUS-BRA/BUSBRA/Masks/mask_0069-r.png,BUS-BRA,unknown,train
BUS-BRA/BUSBRA/Images/bus_0939-s.png,BUS-BRA/BUSBRA/Masks/mask_0939-s.png,BUS-BRA,unknown,train
BUS-BRA/BUSBRA/Images/bus_0551-l.png,BUS-BRA/BUSBRA/Masks/mask_0551-l.png,BUS-BRA,unknown,train
BUS-BRA/BUSBRA/Images/bus_0986-l.png,BUS-BRA/BUSBRA/Masks/mask_0986-l.png,BUS-BRA,unknown,train
BUS-BRA/BUSBRA/Images/bus_0576-r.png,BUS-BRA/BUSBRA/Masks/mask_0576-r.png,BUS-BRA,unknown,train
BUS-BRA/BUSBRA/Images/bus_0594-l.png,BUS-BRA/BUSBRA/Masks/mask_0594-l.png,BUS-BRA,unknown,train
BUS-BRA/BUSBRA/Images/bus_0679-s.png,BUS-BRA/BUSBRA/Masks/mask_0679-s.png,BUS-BRA,unknown,train
BUS-BRA/BUSBRA/Images/bus_0459-l.png,BUS-BRA/BUSBRA/Masks/mask_0459-l.png,BUS-BRA,unknown,train
BUS-BRA/BUSBRA/Images/bus_0840-s.png,BUS-BRA/BUSBRA/Masks/mask_0840-s.png,BUS-BRA,unknown,train
BUS-BRA/BUSBRA/Images/bus_0592-l.png,BUS-BRA/BUSBRA/Masks/mask_0592-l.png,BUS-BRA,unknown,train
BUS-BRA/BUSBRA/Images/bus_0327-l.png,BUS-BRA/BUSBRA/Masks/mask_0327-l.png,BUS-BRA,unknown,val
BUS-BRA/BUSBRA/Images/bus_0246-r.png,BUS-BRA/BUSBRA/Masks/mask_0246-r.png,BUS-BRA,unknown,val
BUS-BRA/BUSBRA/Images/bus_0432-r.png,BUS-BRA/BUSBRA/Masks/mask_0432-r.png,BUS-BRA,unknown,val
BUS-BRA/BUSBRA/Images/bus_0566-r.png,BUS-BRA/BUSBRA/Masks/mask_0566-r.png,BUS-BRA,unknown,val
BUS-BRA/BUSBRA/Images/bus_0196-r.png,BUS-BRA/BUSBRA/Masks/mask_0196-r.png,BUS-BRA,unknown,val
BUS-BRA/BUSBRA/Images/bus_0498-r.png,BUS-BRA/BUSBRA/Masks/mask_0498-r.png,BUS-BRA,unknown,val
BUS-BRA/BUSBRA/Images/bus_0926-l.png,BUS-BRA/BUSBRA/Masks/mask_0926-l.png,BUS-BRA,unknown,val
BUS-BRA/BUSBRA/Images/bus_0315-r.png,BUS-BRA/BUSBRA/Masks/mask_0315-r.png,BUS-BRA,unknown,val
BUS-BRA/BUSBRA/Images/bus_0332-l.png,BUS-BRA/BUSBRA/Masks/mask_0332-l.png,BUS-BRA,unknown,val
BUS-BRA/BUSBRA/Images/bus_1018-l.png,BUS-BRA/BUSBRA/Masks/mask_1018-l.png,BUS-BRA,unknown,val
BUS-BRA/BUSBRA/Images/bus_0301-r.png,BUS-BRA/BUSBRA/Masks/mask_0301-r.png,BUS-BRA,unknown,val
BUS-BRA/BUSBRA/Images/bus_0580-l.png,BUS-BRA/BUSBRA/Masks/mask_0580-l.png,BUS-BRA,unknown,val
BUS-BRA/BUSBRA/Images/bus_0540-r.png,BUS-BRA/BUSBRA/Masks/mask_0540-r.png,BUS-BRA,unknown,val
BUS-BRA/BUSBRA/Images/bus_0286-l.png,BUS-BRA/BUSBRA/Masks/mask_0286-l.png,BUS-BRA,unknown,val
BUS-BRA/BUSBRA/Images/bus_0693-s.png,BUS-BRA/BUSBRA/Masks/mask_0693-s.png,BUS-BRA,unknown,val
BUS-BRA/BUSBRA/Images/bus_0900-l.png,BUS-BRA/BUSBRA/Masks/mask_0900-l.png,BUS-BRA,unknown,val
BUS-BRA/BUSBRA/Images/bus_0859-l.png,BUS-BRA/BUSBRA/Masks/mask_0859-l.png,BUS-BRA,unknown,val
BUS-BRA/BUSBRA/Images/bus_0917-s.png,BUS-BRA/BUSBRA/Masks/mask_0917-s.png,BUS-BRA,unknown,val
BUS-BRA/BUSBRA/Images/bus_0382-l.png,BUS-BRA/BUSBRA/Masks/mask_0382-l.png,BUS-BRA,unknown,val
BUS-BRA/BUSBRA/Images/bus_0187-l.png,BUS-BRA/BUSBRA/Masks/mask_0187-l.png,BUS-BRA,unknown,val
BUS-BRA/BUSBRA/Images/bus_0367-r.png,BUS-BRA/BUSBRA/Masks/mask_0367-r.png,BUS-BRA,unknown,val
BUS-BRA/BUSBRA/Images/bus_0154-r.png,BUS-BRA/BUSBRA/Masks/mask_0154-r.png,BUS-BRA,unknown,val
BUS-BRA/BUSBRA/Images/bus_0731-s.png,BUS-BRA/BUSBRA/Masks/mask_0731-s.png,BUS-BRA,unknown,val
BUS-BRA/BUSBRA/Images/bus_1035-l.png,BUS-BRA/BUSBRA/Masks/mask_1035-l.png,BUS-BRA,unknown,val
BUS-BRA/BUSBRA/Images/bus_0513-l.png,BUS-BRA/BUSBRA/Masks/mask_0513-l.png,BUS-BRA,unknown,val
BUS-BRA/BUSBRA/Images/bus_1004-r.png,BUS-BRA/BUSBRA/Masks/mask_1004-r.png,BUS-BRA,unknown,val
BUS-BRA/BUSBRA/Images/bus_1041-l.png,BUS-BRA/BUSBRA/Masks/mask_1041-l.png,BUS-BRA,unknown,val
BUS-BRA/BUSBRA/Images/bus_0659-l.png,BUS-BRA/BUSBRA/Masks/mask_0659-l.png,BUS-BRA,unknown,val
BUS-BRA/BUSBRA/Images/bus_0162-r.png,BUS-BRA/BUSBRA/Masks/mask_0162-r.png,BUS-BRA,unknown,val
BUS-BRA/BUSBRA/Images/bus_0579-l.png,BUS-BRA/BUSBRA/Masks/mask_0579-l.png,BUS-BRA,unknown,val
BUS-BRA/BUSBRA/Images/bus_0706-s.png,BUS-BRA/BUSBRA/Masks/mask_0706-s.png,BUS-BRA,unknown,val
BUS-BRA/BUSBRA/Images/bus_1031-l.png,BUS-BRA/BUSBRA/Masks/mask_1031-l.png,BUS-BRA,unknown,val
BUS-BRA/BUSBRA/Images/bus_1001-r.png,BUS-BRA/BUSBRA/Masks/mask_1001-r.png,BUS-BRA,unknown,val
BUS-BRA/BUSBRA/Images/bus_0895-r.png,BUS-BRA/BUSBRA/Masks/mask_0895-r.png,BUS-BRA,unknown,val
BUS-BRA/BUSBRA/Images/bus_0574-r.png,BUS-BRA/BUSBRA/Masks/mask_0574-r.png,BUS-BRA,unknown,val
BUS-BRA/BUSBRA/Images/bus_0152-l.png,BUS-BRA/BUSBRA/Masks/mask_0152-l.png,BUS-BRA,unknown,val
BUS-BRA/BUSBRA/Images/bus_1024-r.png,BUS-BRA/BUSBRA/Masks/mask_1024-r.png,BUS-BRA,unknown,val
BUS-BRA/BUSBRA/Images/bus_0924-r.png,BUS-BRA/BUSBRA/Masks/mask_0924-r.png,BUS-BRA,unknown,val
BUS-BRA/BUSBRA/Images/bus_0903-r.png,BUS-BRA/BUSBRA/Masks/mask_0903-r.png,BUS-BRA,unknown,val
BUS-BRA/BUSBRA/Images/bus_1032-r.png,BUS-BRA/BUSBRA/Masks/mask_1032-r.png,BUS-BRA,unknown,val
BUS-BRA/BUSBRA/Images/bus_0869-l.png,BUS-BRA/BUSBRA/Masks/mask_0869-l.png,BUS-BRA,unknown,val
BUS-BRA/BUSBRA/Images/bus_0660-l.png,BUS-BRA/BUSBRA/Masks/mask_0660-l.png,BUS-BRA,unknown,val
BUS-BRA/BUSBRA/Images/bus_0290-l.png,BUS-BRA/BUSBRA/Masks/mask_0290-l.png,BUS-BRA,unknown,val
BUS-BRA/BUSBRA/Images/bus_0206-r.png,BUS-BRA/BUSBRA/Masks/mask_0206-r.png,BUS-BRA,unknown,val
BUS-BRA/BUSBRA/Images/bus_0932-l.png,BUS-BRA/BUSBRA/Masks/mask_0932-l.png,BUS-BRA,unknown,val
BUS-BRA/BUSBRA/Images/bus_0457-r.png,BUS-BRA/BUSBRA/Masks/mask_0457-r.png,BUS-BRA,unknown,val
BUS-BRA/BUSBRA/Images/bus_0406-l.png,BUS-BRA/BUSBRA/Masks/mask_0406-l.png,BUS-BRA,unknown,val
BUS-BRA/BUSBRA/Images/bus_0563-l.png,BUS-BRA/BUSBRA/Masks/mask_0563-l.png,BUS-BRA,unknown,val
BUS-BRA/BUSBRA/Images/bus_0729-s.png,BUS-BRA/BUSBRA/Masks/mask_0729-s.png,BUS-BRA,unknown,val
BUS-BRA/BUSBRA/Images/bus_0521-l.png,BUS-BRA/BUSBRA/Masks/mask_0521-l.png,BUS-BRA,unknown,val
BUS-BRA/BUSBRA/Images/bus_0611-r.png,BUS-BRA/BUSBRA/Masks/mask_0611-r.png,BUS-BRA,unknown,val
BUS-BRA/BUSBRA/Images/bus_0481-l.png,BUS-BRA/BUSBRA/Masks/mask_0481-l.png,BUS-BRA,unknown,val
BUS-BRA/BUSBRA/Images/bus_0111-r.png,BUS-BRA/BUSBRA/Masks/mask_0111-r.png,BUS-BRA,unknown,val
BUS-BRA/BUSBRA/Images/bus_0400-r.png,BUS-BRA/BUSBRA/Masks/mask_0400-r.png,BUS-BRA,unknown,val
BUS-BRA/BUSBRA/Images/bus_0030-s.png,BUS-BRA/BUSBRA/Masks/mask_0030-s.png,BUS-BRA,unknown,val
BUS-BRA/BUSBRA/Images/bus_0486-r.png,BUS-BRA/BUSBRA/Masks/mask_0486-r.png,BUS-BRA,unknown,val
BUS-BRA/BUSBRA/Images/bus_0395-r.png,BUS-BRA/BUSBRA/Masks/mask_0395-r.png,BUS-BRA,unknown,val
BUS-BRA/BUSBRA/Images/bus_0967-l.png,BUS-BRA/BUSBRA/Masks/mask_0967-l.png,BUS-BRA,unknown,val
BUS-BRA/BUSBRA/Images/bus_0262-l.png,BUS-BRA/BUSBRA/Masks/mask_0262-l.png,BUS-BRA,unknown,val
BUS-BRA/BUSBRA/Images/bus_0094-l.png,BUS-BRA/BUSBRA/Masks/mask_0094-l.png,BUS-BRA,unknown,val
BUS-BRA/BUSBRA/Images/bus_0077-s.png,BUS-BRA/BUSBRA/Masks/mask_0077-s.png,BUS-BRA,unknown,val
BUS-BRA/BUSBRA/Images/bus_0783-s.png,BUS-BRA/BUSBRA/Masks/mask_0783-s.png,BUS-BRA,unknown,val
BUS-BRA/BUSBRA/Images/bus_0652-r.png,BUS-BRA/BUSBRA/Masks/mask_0652-r.png,BUS-BRA,unknown,val
BUS-BRA/BUSBRA/Images/bus_0497-r.png,BUS-BRA/BUSBRA/Masks/mask_0497-r.png,BUS-BRA,unknown,val
BUS-BRA/BUSBRA/Images/bus_1054-r.png,BUS-BRA/BUSBRA/Masks/mask_1054-r.png,BUS-BRA,unknown,val
BUS-BRA/BUSBRA/Images/bus_0611-l.png,BUS-BRA/BUSBRA/Masks/mask_0611-l.png,BUS-BRA,unknown,val
BUS-BRA/BUSBRA/Images/bus_0334-l.png,BUS-BRA/BUSBRA/Masks/mask_0334-l.png,BUS-BRA,unknown,val
BUS-BRA/BUSBRA/Images/bus_0300-r.png,BUS-BRA/BUSBRA/Masks/mask_0300-r.png,BUS-BRA,unknown,val
BUS-BRA/BUSBRA/Images/bus_0479-r.png,BUS-BRA/BUSBRA/Masks/mask_0479-r.png,BUS-BRA,unknown,val
BUS-BRA/BUSBRA/Images/bus_0115-r.png,BUS-BRA/BUSBRA/Masks/mask_0115-r.png,BUS-BRA,unknown,val
BUS-BRA/BUSBRA/Images/bus_0106-l.png,BUS-BRA/BUSBRA/Masks/mask_0106-l.png,BUS-BRA,unknown,val
BUS-BRA/BUSBRA/Images/bus_0043-s.png,BUS-BRA/BUSBRA/Masks/mask_0043-s.png,BUS-BRA,unknown,val
BUS-BRA/BUSBRA/Images/bus_0164-l.png,BUS-BRA/BUSBRA/Masks/mask_0164-l.png,BUS-BRA,unknown,val
BUS-BRA/BUSBRA/Images/bus_1058-l.png,BUS-BRA/BUSBRA/Masks/mask_1058-l.png,BUS-BRA,unknown,val
BUS-BRA/BUSBRA/Images/bus_0189-r.png,BUS-BRA/BUSBRA/Masks/mask_0189-r.png,BUS-BRA,unknown,val
BUS-BRA/BUSBRA/Images/bus_0439-l.png,BUS-BRA/BUSBRA/Masks/mask_0439-l.png,BUS-BRA,unknown,val
BUS-BRA/BUSBRA/Images/bus_0232-l.png,BUS-BRA/BUSBRA/Masks/mask_0232-l.png,BUS-BRA,unknown,val
BUS-BRA/BUSBRA/Images/bus_0967-r.png,BUS-BRA/BUSBRA/Masks/mask_0967-r.png,BUS-BRA,unknown,val
BUS-BRA/BUSBRA/Images/bus_1028-l.png,BUS-BRA/BUSBRA/Masks/mask_1028-l.png,BUS-BRA,unknown,val
BUS-BRA/BUSBRA/Images/bus_0591-r.png,BUS-BRA/BUSBRA/Masks/mask_0591-r.png,BUS-BRA,unknown,val
BUS-BRA/BUSBRA/Images/bus_0912-r.png,BUS-BRA/BUSBRA/Masks/mask_0912-r.png,BUS-BRA,unknown,val
BUS-BRA/BUSBRA/Images/bus_0248-l.png,BUS-BRA/BUSBRA/Masks/mask_0248-l.png,BUS-BRA,unknown,val
BUS-BRA/BUSBRA/Images/bus_0589-r.png,BUS-BRA/BUSBRA/Masks/mask_0589-r.png,BUS-BRA,unknown,val
BUS-BRA/BUSBRA/Images/bus_0066-r.png,BUS-BRA/BUSBRA/Masks/mask_0066-r.png,BUS-BRA,unknown,val
BUS-BRA/BUSBRA/Images/bus_0262-r.png,BUS-BRA/BUSBRA/Masks/mask_0262-r.png,BUS-BRA,unknown,val
BUS-BRA/BUSBRA/Images/bus_1026-l.png,BUS-BRA/BUSBRA/Masks/mask_1026-l.png,BUS-BRA,unknown,val
BUS-BRA/BUSBRA/Images/bus_0407-l.png,BUS-BRA/BUSBRA/Masks/mask_0407-l.png,BUS-BRA,unknown,val
BUS-BRA/BUSBRA/Images/bus_0717-s.png,BUS-BRA/BUSBRA/Masks/mask_0717-s.png,BUS-BRA,unknown,val
BUS-BRA/BUSBRA/Images/bus_0237-r.png,BUS-BRA/BUSBRA/Masks/mask_0237-r.png,BUS-BRA,unknown,val
BUS-BRA/BUSBRA/Images/bus_0308-r.png,BUS-BRA/BUSBRA/Masks/mask_0308-r.png,BUS-BRA,unknown,val
BUS-BRA/BUSBRA/Images/bus_0192-l.png,BUS-BRA/BUSBRA/Masks/mask_0192-l.png,BUS-BRA,unknown,val
BUS-BRA/BUSBRA/Images/bus_0734-s.png,BUS-BRA/BUSBRA/Masks/mask_0734-s.png,BUS-BRA,unknown,val
BUS-BRA/BUSBRA/Images/bus_0836-s.png,BUS-BRA/BUSBRA/Masks/mask_0836-s.png,BUS-BRA,unknown,val
BUS-BRA/BUSBRA/Images/bus_0459-r.png,BUS-BRA/BUSBRA/Masks/mask_0459-r.png,BUS-BRA,unknown,val
BUS-BRA/BUSBRA/Images/bus_0948-l.png,BUS-BRA/BUSBRA/Masks/mask_0948-l.png,BUS-BRA,unknown,val
BUS-BRA/BUSBRA/Images/bus_0628-l.png,BUS-BRA/BUSBRA/Masks/mask_0628-l.png,BUS-BRA,unknown,val
BUS-BRA/BUSBRA/Images/bus_0666-r.png,BUS-BRA/BUSBRA/Masks/mask_0666-r.png,BUS-BRA,unknown,val
BUS-BRA/BUSBRA/Images/bus_0492-l.png,BUS-BRA/BUSBRA/Masks/mask_0492-l.png,BUS-BRA,unknown,val
BUS-BRA/BUSBRA/Images/bus_1053-s.png,BUS-BRA/BUSBRA/Masks/mask_1053-s.png,BUS-BRA,unknown,val
BUS-BRA/BUSBRA/Images/bus_0669-l.png,BUS-BRA/BUSBRA/Masks/mask_0669-l.png,BUS-BRA,unknown,val
BUS-BRA/BUSBRA/Images/bus_0389-r.png,BUS-BRA/BUSBRA/Masks/mask_0389-r.png,BUS-BRA,unknown,val
BUS-BRA/BUSBRA/Images/bus_0073-l.png,BUS-BRA/BUSBRA/Masks/mask_0073-l.png,BUS-BRA,unknown,val
BUS-BRA/BUSBRA/Images/bus_0139-l.png,BUS-BRA/BUSBRA/Masks/mask_0139-l.png,BUS-BRA,unknown,val
BUS-BRA/BUSBRA/Images/bus_0402-l.png,BUS-BRA/BUSBRA/Masks/mask_0402-l.png,BUS-BRA,unknown,val
BUS-BRA/BUSBRA/Images/bus_0325-r.png,BUS-BRA/BUSBRA/Masks/mask_0325-r.png,BUS-BRA,unknown,val
BUS-BRA/BUSBRA/Images/bus_0335-r.png,BUS-BRA/BUSBRA/Masks/mask_0335-r.png,BUS-BRA,unknown,val
BUS-BRA/BUSBRA/Images/bus_0644-r.png,BUS-BRA/BUSBRA/Masks/mask_0644-r.png,BUS-BRA,unknown,val
BUS-BRA/BUSBRA/Images/bus_0145-l.png,BUS-BRA/BUSBRA/Masks/mask_0145-l.png,BUS-BRA,unknown,val
BUS-BRA/BUSBRA/Images/bus_0623-r.png,BUS-BRA/BUSBRA/Masks/mask_0623-r.png,BUS-BRA,unknown,val
BUS-BRA/BUSBRA/Images/bus_0039-l.png,BUS-BRA/BUSBRA/Masks/mask_0039-l.png,BUS-BRA,unknown,val
BUS-BRA/BUSBRA/Images/bus_0868-l.png,BUS-BRA/BUSBRA/Masks/mask_0868-l.png,BUS-BRA,unknown,val
BUS-BRA/BUSBRA/Images/bus_0738-s.png,BUS-BRA/BUSBRA/Masks/mask_0738-s.png,BUS-BRA,unknown,val
BUS-BRA/BUSBRA/Images/bus_0909-r.png,BUS-BRA/BUSBRA/Masks/mask_0909-r.png,BUS-BRA,unknown,val
BUS-BRA/BUSBRA/Images/bus_0071-l.png,BUS-BRA/BUSBRA/Masks/mask_0071-l.png,BUS-BRA,unknown,val
BUS-BRA/BUSBRA/Images/bus_0879-r.png,BUS-BRA/BUSBRA/Masks/mask_0879-r.png,BUS-BRA,unknown,val
BUS-BRA/BUSBRA/Images/bus_0880-l.png,BUS-BRA/BUSBRA/Masks/mask_0880-l.png,BUS-BRA,unknown,val
BUS-BRA/BUSBRA/Images/bus_0171-l.png,BUS-BRA/BUSBRA/Masks/mask_0171-l.png,BUS-BRA,unknown,val
BUS-BRA/BUSBRA/Images/bus_0191-l.png,BUS-BRA/BUSBRA/Masks/mask_0191-l.png,BUS-BRA,unknown,val
BUS-BRA/BUSBRA/Images/bus_0633-l.png,BUS-BRA/BUSBRA/Masks/mask_0633-l.png,BUS-BRA,unknown,val
BUS-BRA/BUSBRA/Images/bus_0533-r.png,BUS-BRA/BUSBRA/Masks/mask_0533-r.png,BUS-BRA,unknown,val
BUS-BRA/BUSBRA/Images/bus_0013-l.png,BUS-BRA/BUSBRA/Masks/mask_0013-l.png,BUS-BRA,unknown,val
BUS-BRA/BUSBRA/Images/bus_0841-s.png,BUS-BRA/BUSBRA/Masks/mask_0841-s.png,BUS-BRA,unknown,val
BUS-BRA/BUSBRA/Images/bus_0165-r.png,BUS-BRA/BUSBRA/Masks/mask_0165-r.png,BUS-BRA,unknown,val
BUS-BRA/BUSBRA/Images/bus_0329-r.png,BUS-BRA/BUSBRA/Masks/mask_0329-r.png,BUS-BRA,unknown,val
BUS-BRA/BUSBRA/Images/bus_0275-l.png,BUS-BRA/BUSBRA/Masks/mask_0275-l.png,BUS-BRA,unknown,val
BUS-BRA/BUSBRA/Images/bus_1030-l.png,BUS-BRA/BUSBRA/Masks/mask_1030-l.png,BUS-BRA,unknown,val
BUS-BRA/BUSBRA/Images/bus_1032-l.png,BUS-BRA/BUSBRA/Masks/mask_1032-l.png,BUS-BRA,unknown,val
BUS-BRA/BUSBRA/Images/bus_0057-r.png,BUS-BRA/BUSBRA/Masks/mask_0057-r.png,BUS-BRA,unknown,val
BUS-BRA/BUSBRA/Images/bus_0535-r.png,BUS-BRA/BUSBRA/Masks/mask_0535-r.png,BUS-BRA,unknown,val
BUS-BRA/BUSBRA/Images/bus_0887-r.png,BUS-BRA/BUSBRA/Masks/mask_0887-r.png,BUS-BRA,unknown,val
BUS-BRA/BUSBRA/Images/bus_0596-l.png,BUS-BRA/BUSBRA/Masks/mask_0596-l.png,BUS-BRA,unknown,val
BUS-BRA/BUSBRA/Images/bus_0143-l.png,BUS-BRA/BUSBRA/Masks/mask_0143-l.png,BUS-BRA,unknown,val
BUS-BRA/BUSBRA/Images/bus_0033-r.png,BUS-BRA/BUSBRA/Masks/mask_0033-r.png,BUS-BRA,unknown,val
BUS-BRA/BUSBRA/Images/bus_0204-r.png,BUS-BRA/BUSBRA/Masks/mask_0204-r.png,BUS-BRA,unknown,val
BUS-BRA/BUSBRA/Images/bus_0943-s.png,BUS-BRA/BUSBRA/Masks/mask_0943-s.png,BUS-BRA,unknown,val
BUS-BRA/BUSBRA/Images/bus_0268-r.png,BUS-BRA/BUSBRA/Masks/mask_0268-r.png,BUS-BRA,unknown,val
BUS-BRA/BUSBRA/Images/bus_0252-r.png,BUS-BRA/BUSBRA/Masks/mask_0252-r.png,BUS-BRA,unknown,val
BUS-BRA/BUSBRA/Images/bus_0295-l.png,BUS-BRA/BUSBRA/Masks/mask_0295-l.png,BUS-BRA,unknown,val
BUS-BRA/BUSBRA/Images/bus_0957-s.png,BUS-BRA/BUSBRA/Masks/mask_0957-s.png,BUS-BRA,unknown,val
BUS-BRA/BUSBRA/Images/bus_1052-l.png,BUS-BRA/BUSBRA/Masks/mask_1052-l.png,BUS-BRA,unknown,val
BUS-BRA/BUSBRA/Images/bus_0228-r.png,BUS-BRA/BUSBRA/Masks/mask_0228-r.png,BUS-BRA,unknown,val
BUS-BRA/BUSBRA/Images/bus_1058-r.png,BUS-BRA/BUSBRA/Masks/mask_1058-r.png,BUS-BRA,unknown,val
BUS-BRA/BUSBRA/Images/bus_0294-r.png,BUS-BRA/BUSBRA/Masks/mask_0294-r.png,BUS-BRA,unknown,val
BUS-BRA/BUSBRA/Images/bus_1055-l.png,BUS-BRA/BUSBRA/Masks/mask_1055-l.png,BUS-BRA,unknown,val
BUS-BRA/BUSBRA/Images/bus_0963-l.png,BUS-BRA/BUSBRA/Masks/mask_0963-l.png,BUS-BRA,unknown,val
BUS-BRA/BUSBRA/Images/bus_0299-l.png,BUS-BRA/BUSBRA/Masks/mask_0299-l.png,BUS-BRA,unknown,val
BUS-BRA/BUSBRA/Images/bus_0613-l.png,BUS-BRA/BUSBRA/Masks/mask_0613-l.png,BUS-BRA,unknown,val
BUS-BRA/BUSBRA/Images/bus_0643-r.png,BUS-BRA/BUSBRA/Masks/mask_0643-r.png,BUS-BRA,unknown,val
BUS-BRA/BUSBRA/Images/bus_1059-l.png,BUS-BRA/BUSBRA/Masks/mask_1059-l.png,BUS-BRA,unknown,val
BUS-BRA/BUSBRA/Images/bus_0886-s.png,BUS-BRA/BUSBRA/Masks/mask_0886-s.png,BUS-BRA,unknown,val
BUS-BRA/BUSBRA/Images/bus_0643-l.png,BUS-BRA/BUSBRA/Masks/mask_0643-l.png,BUS-BRA,unknown,val
BUS-BRA/BUSBRA/Images/bus_0572-r.png,BUS-BRA/BUSBRA/Masks/mask_0572-r.png,BUS-BRA,unknown,val
BUS-BRA/BUSBRA/Images/bus_0263-l.png,BUS-BRA/BUSBRA/Masks/mask_0263-l.png,BUS-BRA,unknown,val
BUS-BRA/BUSBRA/Images/bus_0466-l.png,BUS-BRA/BUSBRA/Masks/mask_0466-l.png,BUS-BRA,unknown,val
BUS-BRA/BUSBRA/Images/bus_0484-l.png,BUS-BRA/BUSBRA/Masks/mask_0484-l.png,BUS-BRA,unknown,val
BUS-BRA/BUSBRA/Images/bus_0261-r.png,BUS-BRA/BUSBRA/Masks/mask_0261-r.png,BUS-BRA,unknown,val
BUS-BRA/BUSBRA/Images/bus_1022-l.png,BUS-BRA/BUSBRA/Masks/mask_1022-l.png,BUS-BRA,unknown,val
BUS-BRA/BUSBRA/Images/bus_1025-l.png,BUS-BRA/BUSBRA/Masks/mask_1025-l.png,BUS-BRA,unknown,val
BUS-BRA/BUSBRA/Images/bus_0893-l.png,BUS-BRA/BUSBRA/Masks/mask_0893-l.png,BUS-BRA,unknown,val
BUS-BRA/BUSBRA/Images/bus_0406-r.png,BUS-BRA/BUSBRA/Masks/mask_0406-r.png,BUS-BRA,unknown,val
BUS-BRA/BUSBRA/Images/bus_0725-s.png,BUS-BRA/BUSBRA/Masks/mask_0725-s.png,BUS-BRA,unknown,val
BUS-BRA/BUSBRA/Images/bus_0150-l.png,BUS-BRA/BUSBRA/Masks/mask_0150-l.png,BUS-BRA,unknown,val
BUS-BRA/BUSBRA/Images/bus_0803-s.png,BUS-BRA/BUSBRA/Masks/mask_0803-s.png,BUS-BRA,unknown,val
BUS-BRA/BUSBRA/Images/bus_1039-l.png,BUS-BRA/BUSBRA/Masks/mask_1039-l.png,BUS-BRA,unknown,val
BUS-BRA/BUSBRA/Images/bus_0319-l.png,BUS-BRA/BUSBRA/Masks/mask_0319-l.png,BUS-BRA,unknown,val
BUS-BRA/BUSBRA/Images/bus_0174-r.png,BUS-BRA/BUSBRA/Masks/mask_0174-r.png,BUS-BRA,unknown,val
BUS-BRA/BUSBRA/Images/bus_0026-s.png,BUS-BRA/BUSBRA/Masks/mask_0026-s.png,BUS-BRA,unknown,val
BUS-BRA/BUSBRA/Images/bus_0838-s.png,BUS-BRA/BUSBRA/Masks/mask_0838-s.png,BUS-BRA,unknown,val
BUS-BRA/BUSBRA/Images/bus_0890-l.png,BUS-BRA/BUSBRA/Masks/mask_0890-l.png,BUS-BRA,unknown,val
BUS-BRA/BUSBRA/Images/bus_0473-l.png,BUS-BRA/BUSBRA/Masks/mask_0473-l.png,BUS-BRA,unknown,val
BUS-BRA/BUSBRA/Images/bus_1030-r.png,BUS-BRA/BUSBRA/Masks/mask_1030-r.png,BUS-BRA,unknown,val
BUS-BRA/BUSBRA/Images/bus_0288-r.png,BUS-BRA/BUSBRA/Masks/mask_0288-r.png,BUS-BRA,unknown,val
BUS-BRA/BUSBRA/Images/bus_0144-r.png,BUS-BRA/BUSBRA/Masks/mask_0144-r.png,BUS-BRA,unknown,val
BUS-BRA/BUSBRA/Images/bus_0379-r.png,BUS-BRA/BUSBRA/Masks/mask_0379-r.png,BUS-BRA,unknown,val
BUS-BRA/BUSBRA/Images/bus_0366-l.png,BUS-BRA/BUSBRA/Masks/mask_0366-l.png,BUS-BRA,unknown,val
BUS-BRA/BUSBRA/Images/bus_0554-l.png,BUS-BRA/BUSBRA/Masks/mask_0554-l.png,BUS-BRA,unknown,val
BUS-BRA/BUSBRA/Images/bus_1042-r.png,BUS-BRA/BUSBRA/Masks/mask_1042-r.png,BUS-BRA,unknown,val
BUS-BRA/BUSBRA/Images/bus_0325-l.png,BUS-BRA/BUSBRA/Masks/mask_0325-l.png,BUS-BRA,unknown,val
BUS-BRA/BUSBRA/Images/bus_0857-r.png,BUS-BRA/BUSBRA/Masks/mask_0857-r.png,BUS-BRA,unknown,val
BUS-BRA/BUSBRA/Images/bus_0235-l.png,BUS-BRA/BUSBRA/Masks/mask_0235-l.png,BUS-BRA,unknown,val
BUS-BRA/BUSBRA/Images/bus_0867-l.png,BUS-BRA/BUSBRA/Masks/mask_0867-l.png,BUS-BRA,unknown,val
BUS-BRA/BUSBRA/Images/bus_0331-s.png,BUS-BRA/BUSBRA/Masks/mask_0331-s.png,BUS-BRA,unknown,val
BUS-BRA/BUSBRA/Images/bus_0423-l.png,BUS-BRA/BUSBRA/Masks/mask_0423-l.png,BUS-BRA,unknown,val
BUS-BRA/BUSBRA/Images/bus_0787-s.png,BUS-BRA/BUSBRA/Masks/mask_0787-s.png,BUS-BRA,unknown,val
BUS-BRA/BUSBRA/Images/bus_0279-r.png,BUS-BRA/BUSBRA/Masks/mask_0279-r.png,BUS-BRA,unknown,val
BUS-BRA/BUSBRA/Images/bus_0375-r.png,BUS-BRA/BUSBRA/Masks/mask_0375-r.png,BUS-BRA,unknown,val
BUS-BRA/BUSBRA/Images/bus_0487-l.png,BUS-BRA/BUSBRA/Masks/mask_0487-l.png,BUS-BRA,unknown,val
BUS-BRA/BUSBRA/Images/bus_0141-r.png,BUS-BRA/BUSBRA/Masks/mask_0141-r.png,BUS-BRA,unknown,val
BUS-BRA/BUSBRA/Images/bus_0364-l.png,BUS-BRA/BUSBRA/Masks/mask_0364-l.png,BUS-BRA,unknown,val
BUS-BRA/BUSBRA/Images/bus_0636-l.png,BUS-BRA/BUSBRA/Masks/mask_0636-l.png,BUS-BRA,unknown,val
BUS-BRA/BUSBRA/Images/bus_0532-r.png,BUS-BRA/BUSBRA/Masks/mask_0532-r.png,BUS-BRA,unknown,val
BUS-BRA/BUSBRA/Images/bus_0099-l.png,BUS-BRA/BUSBRA/Masks/mask_0099-l.png,BUS-BRA,unknown,val
BUS-BRA/BUSBRA/Images/bus_0594-r.png,BUS-BRA/BUSBRA/Masks/mask_0594-r.png,BUS-BRA,unknown,val
BUS-BRA/BUSBRA/Images/bus_0697-l.png,BUS-BRA/BUSBRA/Masks/mask_0697-l.png,BUS-BRA,unknown,val
BUS-BRA/BUSBRA/Images/bus_0989-l.png,BUS-BRA/BUSBRA/Masks/mask_0989-l.png,BUS-BRA,unknown,val
BUS-BRA/BUSBRA/Images/bus_0356-l.png,BUS-BRA/BUSBRA/Masks/mask_0356-l.png,BUS-BRA,unknown,val
BUS-BRA/BUSBRA/Images/bus_0129-l.png,BUS-BRA/BUSBRA/Masks/mask_0129-l.png,BUS-BRA,unknown,val
BUS-BRA/BUSBRA/Images/bus_0714-s.png,BUS-BRA/BUSBRA/Masks/mask_0714-s.png,BUS-BRA,unknown,val
BUS-BRA/BUSBRA/Images/bus_0808-s.png,BUS-BRA/BUSBRA/Masks/mask_0808-s.png,BUS-BRA,unknown,val
BUS-BRA/BUSBRA/Images/bus_0450-r.png,BUS-BRA/BUSBRA/Masks/mask_0450-r.png,BUS-BRA,unknown,val
BUS-BRA/BUSBRA/Images/bus_0392-r.png,BUS-BRA/BUSBRA/Masks/mask_0392-r.png,BUS-BRA,unknown,val
BUS-BRA/BUSBRA/Images/bus_0018-s.png,BUS-BRA/BUSBRA/Masks/mask_0018-s.png,BUS-BRA,unknown,val
BUS-BRA/BUSBRA/Images/bus_0475-l.png,BUS-BRA/BUSBRA/Masks/mask_0475-l.png,BUS-BRA,unknown,val
BUS-BRA/BUSBRA/Images/bus_0483-r.png,BUS-BRA/BUSBRA/Masks/mask_0483-r.png,BUS-BRA,unknown,val
BUS-BRA/BUSBRA/Images/bus_0116-l.png,BUS-BRA/BUSBRA/Masks/mask_0116-l.png,BUS-BRA,unknown,val
BUS-BRA/BUSBRA/Images/bus_0549-l.png,BUS-BRA/BUSBRA/Masks/mask_0549-l.png,BUS-BRA,unknown,val
BUS-BRA/BUSBRA/Images/bus_0152-r.png,BUS-BRA/BUSBRA/Masks/mask_0152-r.png,BUS-BRA,unknown,val
BUS-BRA/BUSBRA/Images/bus_0212-l.png,BUS-BRA/BUSBRA/Masks/mask_0212-l.png,BUS-BRA,unknown,val
BUS-BRA/BUSBRA/Images/bus_0828-s.png,BUS-BRA/BUSBRA/Masks/mask_0828-s.png,BUS-BRA,unknown,val
BUS-BRA/BUSBRA/Images/bus_0689-s.png,BUS-BRA/BUSBRA/Masks/mask_0689-s.png,BUS-BRA,unknown,val
BUS-BRA/BUSBRA/Images/bus_0945-r.png,BUS-BRA/BUSBRA/Masks/mask_0945-r.png,BUS-BRA,unknown,val
BUS-BRA/BUSBRA/Images/bus_0749-s.png,BUS-BRA/BUSBRA/Masks/mask_0749-s.png,BUS-BRA,unknown,val
BUS-BRA/BUSBRA/Images/bus_0405-l.png,BUS-BRA/BUSBRA/Masks/mask_0405-l.png,BUS-BRA,unknown,val
BUS-BRA/BUSBRA/Images/bus_0397-l.png,BUS-BRA/BUSBRA/Masks/mask_0397-l.png,BUS-BRA,unknown,val
BUS-BRA/BUSBRA/Images/bus_0122-s.png,BUS-BRA/BUSBRA/Masks/mask_0122-s.png,BUS-BRA,unknown,val
BUS-BRA/BUSBRA/Images/bus_0665-l.png,BUS-BRA/BUSBRA/Masks/mask_0665-l.png,BUS-BRA,unknown,val
BUS-BRA/BUSBRA/Images/bus_0407-r.png,BUS-BRA/BUSBRA/Masks/mask_0407-r.png,BUS-BRA,unknown,val
BUS-BRA/BUSBRA/Images/bus_0058-l.png,BUS-BRA/BUSBRA/Masks/mask_0058-l.png,BUS-BRA,unknown,val
BUS-BRA/BUSBRA/Images/bus_0315-l.png,BUS-BRA/BUSBRA/Masks/mask_0315-l.png,BUS-BRA,unknown,val
BUS-BRA/BUSBRA/Images/bus_0228-l.png,BUS-BRA/BUSBRA/Masks/mask_0228-l.png,BUS-BRA,unknown,val
BUS-BRA/BUSBRA/Images/bus_0919-l.png,BUS-BRA/BUSBRA/Masks/mask_0919-l.png,BUS-BRA,unknown,val
BUS-BRA/BUSBRA/Images/bus_0764-s.png,BUS-BRA/BUSBRA/Masks/mask_0764-s.png,BUS-BRA,unknown,val
BUS-BRA/BUSBRA/Images/bus_0775-s.png,BUS-BRA/BUSBRA/Masks/mask_0775-s.png,BUS-BRA,unknown,val
BUS-BRA/BUSBRA/Images/bus_0950-l.png,BUS-BRA/BUSBRA/Masks/mask_0950-l.png,BUS-BRA,unknown,val
BUS-BRA/BUSBRA/Images/bus_0343-l.png,BUS-BRA/BUSBRA/Masks/mask_0343-l.png,BUS-BRA,unknown,val
BUS-BRA/BUSBRA/Images/bus_0839-s.png,BUS-BRA/BUSBRA/Masks/mask_0839-s.png,BUS-BRA,unknown,val
BUS-BRA/BUSBRA/Images/bus_0229-l.png,BUS-BRA/BUSBRA/Masks/mask_0229-l.png,BUS-BRA,unknown,val
BUS-BRA/BUSBRA/Images/bus_0511-l.png,BUS-BRA/BUSBRA/Masks/mask_0511-l.png,BUS-BRA,unknown,val
BUS-BRA/BUSBRA/Images/bus_0319-r.png,BUS-BRA/BUSBRA/Masks/mask_0319-r.png,BUS-BRA,unknown,val
BUS-BRA/BUSBRA/Images/bus_0862-r.png,BUS-BRA/BUSBRA/Masks/mask_0862-r.png,BUS-BRA,unknown,val
BUS-BRA/BUSBRA/Images/bus_0376-l.png,BUS-BRA/BUSBRA/Masks/mask_0376-l.png,BUS-BRA,unknown,val
BUS-BRA/BUSBRA/Images/bus_0762-s.png,BUS-BRA/BUSBRA/Masks/mask_0762-s.png,BUS-BRA,unknown,val
BUS-BRA/BUSBRA/Images/bus_0850-l.png,BUS-BRA/BUSBRA/Masks/mask_0850-l.png,BUS-BRA,unknown,val
BUS-BRA/BUSBRA/Images/bus_0837-s.png,BUS-BRA/BUSBRA/Masks/mask_0837-s.png,BUS-BRA,unknown,val
BUS-BRA/BUSBRA/Images/bus_0801-s.png,BUS-BRA/BUSBRA/Masks/mask_0801-s.png,BUS-BRA,unknown,val
BUS-BRA/BUSBRA/Images/bus_0705-s.png,BUS-BRA/BUSBRA/Masks/mask_0705-s.png,BUS-BRA,unknown,val
BUS-BRA/BUSBRA/Images/bus_0042-r.png,BUS-BRA/BUSBRA/Masks/mask_0042-r.png,BUS-BRA,unknown,val
BUS-BRA/BUSBRA/Images/bus_0311-l.png,BUS-BRA/BUSBRA/Masks/mask_0311-l.png,BUS-BRA,unknown,val
BUS-BRA/BUSBRA/Images/bus_0234-l.png,BUS-BRA/BUSBRA/Masks/mask_0234-l.png,BUS-BRA,unknown,val
BUS-BRA/BUSBRA/Images/bus_0990-r.png,BUS-BRA/BUSBRA/Masks/mask_0990-r.png,BUS-BRA,unknown,val
BUS-BRA/BUSBRA/Images/bus_0337-r.png,BUS-BRA/BUSBRA/Masks/mask_0337-r.png,BUS-BRA,unknown,val
BUS-BRA/BUSBRA/Images/bus_0671-r.png,BUS-BRA/BUSBRA/Masks/mask_0671-r.png,BUS-BRA,unknown,val
BUS-BRA/BUSBRA/Images/bus_0304-l.png,BUS-BRA/BUSBRA/Masks/mask_0304-l.png,BUS-BRA,unknown,val
BUS-BRA/BUSBRA/Images/bus_0498-l.png,BUS-BRA/BUSBRA/Masks/mask_0498-l.png,BUS-BRA,unknown,val
BUS-BRA/BUSBRA/Images/bus_0158-l.png,BUS-BRA/BUSBRA/Masks/mask_0158-l.png,BUS-BRA,unknown,val
BUS-BRA/BUSBRA/Images/bus_0061-r.png,BUS-BRA/BUSBRA/Masks/mask_0061-r.png,BUS-BRA,unknown,val
BUS-BRA/BUSBRA/Images/bus_0307-l.png,BUS-BRA/BUSBRA/Masks/mask_0307-l.png,BUS-BRA,unknown,val
BUS-BRA/BUSBRA/Images/bus_0889-r.png,BUS-BRA/BUSBRA/Masks/mask_0889-r.png,BUS-BRA,unknown,val
BUS-BRA/BUSBRA/Images/bus_0212-r.png,BUS-BRA/BUSBRA/Masks/mask_0212-r.png,BUS-BRA,unknown,val
BUS-BRA/BUSBRA/Images/bus_0227-r.png,BUS-BRA/BUSBRA/Masks/mask_0227-r.png,BUS-BRA,unknown,val
BUS-BRA/BUSBRA/Images/bus_0025-l.png,BUS-BRA/BUSBRA/Masks/mask_0025-l.png,BUS-BRA,unknown,val
BUS-BRA/BUSBRA/Images/bus_0927-r.png,BUS-BRA/BUSBRA/Masks/mask_0927-r.png,BUS-BRA,unknown,val
BUS-BRA/BUSBRA/Images/bus_0195-l.png,BUS-BRA/BUSBRA/Masks/mask_0195-l.png,BUS-BRA,unknown,val
BUS-BRA/BUSBRA/Images/bus_0389-l.png,BUS-BRA/BUSBRA/Masks/mask_0389-l.png,BUS-BRA,unknown,val
BUS-BRA/BUSBRA/Images/bus_0708-s.png,BUS-BRA/BUSBRA/Masks/mask_0708-s.png,BUS-BRA,unknown,val
BUS-BRA/BUSBRA/Images/bus_0127-s.png,BUS-BRA/BUSBRA/Masks/mask_0127-s.png,BUS-BRA,unknown,val
BUS-BRA/BUSBRA/Images/bus_0747-s.png,BUS-BRA/BUSBRA/Masks/mask_0747-s.png,BUS-BRA,unknown,val
BUS-BRA/BUSBRA/Images/bus_0559-r.png,BUS-BRA/BUSBRA/Masks/mask_0559-r.png,BUS-BRA,unknown,val
BUS-BRA/BUSBRA/Images/bus_0897-l.png,BUS-BRA/BUSBRA/Masks/mask_0897-l.png,BUS-BRA,unknown,val
BUS-BRA/BUSBRA/Images/bus_0529-l.png,BUS-BRA/BUSBRA/Masks/mask_0529-l.png,BUS-BRA,unknown,val
BUS-BRA/BUSBRA/Images/bus_0118-l.png,BUS-BRA/BUSBRA/Masks/mask_0118-l.png,BUS-BRA,unknown,val
BUS-BRA/BUSBRA/Images/bus_0218-l.png,BUS-BRA/BUSBRA/Masks/mask_0218-l.png,BUS-BRA,unknown,val
BUS-BRA/BUSBRA/Images/bus_0169-r.png,BUS-BRA/BUSBRA/Masks/mask_0169-r.png,BUS-BRA,unknown,val
BUS-BRA/BUSBRA/Images/bus_0421-r.png,BUS-BRA/BUSBRA/Masks/mask_0421-r.png,BUS-BRA,unknown,val
BUS-BRA/BUSBRA/Images/bus_0368-r.png,BUS-BRA/BUSBRA/Masks/mask_0368-r.png,BUS-BRA,unknown,val
BUS-BRA/BUSBRA/Images/bus_0997-r.png,BUS-BRA/BUSBRA/Masks/mask_0997-r.png,BUS-BRA,unknown,val
BUS-BRA/BUSBRA/Images/bus_0135-r.png,BUS-BRA/BUSBRA/Masks/mask_0135-r.png,BUS-BRA,unknown,val
BUS-BRA/BUSBRA/Images/bus_0123-r.png,BUS-BRA/BUSBRA/Masks/mask_0123-r.png,BUS-BRA,unknown,val
BUS-BRA/BUSBRA/Images/bus_0755-s.png,BUS-BRA/BUSBRA/Masks/mask_0755-s.png,BUS-BRA,unknown,val
BUS-BRA/BUSBRA/Images/bus_1021-l.png,BUS-BRA/BUSBRA/Masks/mask_1021-l.png,BUS-BRA,unknown,val
BUS-BRA/BUSBRA/Images/bus_0453-r.png,BUS-BRA/BUSBRA/Masks/mask_0453-r.png,BUS-BRA,unknown,val
BUS-BRA/BUSBRA/Images/bus_0528-r.png,BUS-BRA/BUSBRA/Masks/mask_0528-r.png,BUS-BRA,unknown,val
BUS-BRA/BUSBRA/Images/bus_0044-l.png,BUS-BRA/BUSBRA/Masks/mask_0044-l.png,BUS-BRA,unknown,val
BUS-BRA/BUSBRA/Images/bus_0260-r.png,BUS-BRA/BUSBRA/Masks/mask_0260-r.png,BUS-BRA,unknown,val
BUS-BRA/BUSBRA/Images/bus_0909-l.png,BUS-BRA/BUSBRA/Masks/mask_0909-l.png,BUS-BRA,unknown,val
BUS-BRA/BUSBRA/Images/bus_0501-l.png,BUS-BRA/BUSBRA/Masks/mask_0501-l.png,BUS-BRA,unknown,val
BUS-BRA/BUSBRA/Images/bus_0238-l.png,BUS-BRA/BUSBRA/Masks/mask_0238-l.png,BUS-BRA,unknown,val
BUS-BRA/BUSBRA/Images/bus_0646-r.png,BUS-BRA/BUSBRA/Masks/mask_0646-r.png,BUS-BRA,unknown,val
BUS-BRA/BUSBRA/Images/bus_0961-l.png,BUS-BRA/BUSBRA/Masks/mask_0961-l.png,BUS-BRA,unknown,val
BUS-BRA/BUSBRA/Images/bus_0810-s.png,BUS-BRA/BUSBRA/Masks/mask_0810-s.png,BUS-BRA,unknown,val
BUS-BRA/BUSBRA/Images/bus_0137-r.png,BUS-BRA/BUSBRA/Masks/mask_0137-r.png,BUS-BRA,unknown,val
BUS-BRA/BUSBRA/Images/bus_0394-l.png,BUS-BRA/BUSBRA/Masks/mask_0394-l.png,BUS-BRA,unknown,test
BUS-BRA/BUSBRA/Images/bus_0132-l.png,BUS-BRA/BUSBRA/Masks/mask_0132-l.png,BUS-BRA,unknown,test
BUS-BRA/BUSBRA/Images/bus_1027-l.png,BUS-BRA/BUSBRA/Masks/mask_1027-l.png,BUS-BRA,unknown,test
BUS-BRA/BUSBRA/Images/bus_0281-r.png,BUS-BRA/BUSBRA/Masks/mask_0281-r.png,BUS-BRA,unknown,test
BUS-BRA/BUSBRA/Images/bus_0503-l.png,BUS-BRA/BUSBRA/Masks/mask_0503-l.png,BUS-BRA,unknown,test
BUS-BRA/BUSBRA/Images/bus_0932-r.png,BUS-BRA/BUSBRA/Masks/mask_0932-r.png,BUS-BRA,unknown,test
BUS-BRA/BUSBRA/Images/bus_0587-l.png,BUS-BRA/BUSBRA/Masks/mask_0587-l.png,BUS-BRA,unknown,test
BUS-BRA/BUSBRA/Images/bus_0174-l.png,BUS-BRA/BUSBRA/Masks/mask_0174-l.png,BUS-BRA,unknown,test
BUS-BRA/BUSBRA/Images/bus_0261-l.png,BUS-BRA/BUSBRA/Masks/mask_0261-l.png,BUS-BRA,unknown,test
BUS-BRA/BUSBRA/Images/bus_0773-s.png,BUS-BRA/BUSBRA/Masks/mask_0773-s.png,BUS-BRA,unknown,test
BUS-BRA/BUSBRA/Images/bus_0386-r.png,BUS-BRA/BUSBRA/Masks/mask_0386-r.png,BUS-BRA,unknown,test
BUS-BRA/BUSBRA/Images/bus_0330-r.png,BUS-BRA/BUSBRA/Masks/mask_0330-r.png,BUS-BRA,unknown,test
BUS-BRA/BUSBRA/Images/bus_1023-l.png,BUS-BRA/BUSBRA/Masks/mask_1023-l.png,BUS-BRA,unknown,test
BUS-BRA/BUSBRA/Images/bus_0375-l.png,BUS-BRA/BUSBRA/Masks/mask_0375-l.png,BUS-BRA,unknown,test
BUS-BRA/BUSBRA/Images/bus_0468-r.png,BUS-BRA/BUSBRA/Masks/mask_0468-r.png,BUS-BRA,unknown,test
BUS-BRA/BUSBRA/Images/bus_0208-l.png,BUS-BRA/BUSBRA/Masks/mask_0208-l.png,BUS-BRA,unknown,test
BUS-BRA/BUSBRA/Images/bus_0472-l.png,BUS-BRA/BUSBRA/Masks/mask_0472-l.png,BUS-BRA,unknown,test
BUS-BRA/BUSBRA/Images/bus_0253-r.png,BUS-BRA/BUSBRA/Masks/mask_0253-r.png,BUS-BRA,unknown,test
BUS-BRA/BUSBRA/Images/bus_0795-s.png,BUS-BRA/BUSBRA/Masks/mask_0795-s.png,BUS-BRA,unknown,test
BUS-BRA/BUSBRA/Images/bus_0618-l.png,BUS-BRA/BUSBRA/Masks/mask_0618-l.png,BUS-BRA,unknown,test
BUS-BRA/BUSBRA/Images/bus_0625-r.png,BUS-BRA/BUSBRA/Masks/mask_0625-r.png,BUS-BRA,unknown,test
BUS-BRA/BUSBRA/Images/bus_0685-r.png,BUS-BRA/BUSBRA/Masks/mask_0685-r.png,BUS-BRA,unknown,test
BUS-BRA/BUSBRA/Images/bus_0751-s.png,BUS-BRA/BUSBRA/Masks/mask_0751-s.png,BUS-BRA,unknown,test
BUS-BRA/BUSBRA/Images/bus_0644-l.png,BUS-BRA/BUSBRA/Masks/mask_0644-l.png,BUS-BRA,unknown,test
BUS-BRA/BUSBRA/Images/bus_1034-r.png,BUS-BRA/BUSBRA/Masks/mask_1034-r.png,BUS-BRA,unknown,test
BUS-BRA/BUSBRA/Images/bus_0873-r.png,BUS-BRA/BUSBRA/Masks/mask_0873-r.png,BUS-BRA,unknown,test
BUS-BRA/BUSBRA/Images/bus_0353-r.png,BUS-BRA/BUSBRA/Masks/mask_0353-r.png,BUS-BRA,unknown,test
BUS-BRA/BUSBRA/Images/bus_0892-r.png,BUS-BRA/BUSBRA/Masks/mask_0892-r.png,BUS-BRA,unknown,test
BUS-BRA/BUSBRA/Images/bus_1046-r.png,BUS-BRA/BUSBRA/Masks/mask_1046-r.png,BUS-BRA,unknown,test
BUS-BRA/BUSBRA/Images/bus_0557-r.png,BUS-BRA/BUSBRA/Masks/mask_0557-r.png,BUS-BRA,unknown,test
BUS-BRA/BUSBRA/Images/bus_0721-s.png,BUS-BRA/BUSBRA/Masks/mask_0721-s.png,BUS-BRA,unknown,test
BUS-BRA/BUSBRA/Images/bus_0892-l.png,BUS-BRA/BUSBRA/Masks/mask_0892-l.png,BUS-BRA,unknown,test
BUS-BRA/BUSBRA/Images/bus_0952-l.png,BUS-BRA/BUSBRA/Masks/mask_0952-l.png,BUS-BRA,unknown,test
BUS-BRA/BUSBRA/Images/bus_0756-s.png,BUS-BRA/BUSBRA/Masks/mask_0756-s.png,BUS-BRA,unknown,test
BUS-BRA/BUSBRA/Images/bus_0531-r.png,BUS-BRA/BUSBRA/Masks/mask_0531-r.png,BUS-BRA,unknown,test
BUS-BRA/BUSBRA/Images/bus_0661-l.png,BUS-BRA/BUSBRA/Masks/mask_0661-l.png,BUS-BRA,unknown,test
BUS-BRA/BUSBRA/Images/bus_0503-r.png,BUS-BRA/BUSBRA/Masks/mask_0503-r.png,BUS-BRA,unknown,test
BUS-BRA/BUSBRA/Images/bus_0704-s.png,BUS-BRA/BUSBRA/Masks/mask_0704-s.png,BUS-BRA,unknown,test
BUS-BRA/BUSBRA/Images/bus_0608-r.png,BUS-BRA/BUSBRA/Masks/mask_0608-r.png,BUS-BRA,unknown,test
BUS-BRA/BUSBRA/Images/bus_0853-l.png,BUS-BRA/BUSBRA/Masks/mask_0853-l.png,BUS-BRA,unknown,test
BUS-BRA/BUSBRA/Images/bus_0933-r.png,BUS-BRA/BUSBRA/Masks/mask_0933-r.png,BUS-BRA,unknown,test
BUS-BRA/BUSBRA/Images/bus_0456-r.png,BUS-BRA/BUSBRA/Masks/mask_0456-r.png,BUS-BRA,unknown,test
BUS-BRA/BUSBRA/Images/bus_0580-r.png,BUS-BRA/BUSBRA/Masks/mask_0580-r.png,BUS-BRA,unknown,test
BUS-BRA/BUSBRA/Images/bus_0062-r.png,BUS-BRA/BUSBRA/Masks/mask_0062-r.png,BUS-BRA,unknown,test
BUS-BRA/BUSBRA/Images/bus_0107-l.png,BUS-BRA/BUSBRA/Masks/mask_0107-l.png,BUS-BRA,unknown,test
BUS-BRA/BUSBRA/Images/bus_0510-l.png,BUS-BRA/BUSBRA/Masks/mask_0510-l.png,BUS-BRA,unknown,test
BUS-BRA/BUSBRA/Images/bus_0311-r.png,BUS-BRA/BUSBRA/Masks/mask_0311-r.png,BUS-BRA,unknown,test
BUS-BRA/BUSBRA/Images/bus_1043-r.png,BUS-BRA/BUSBRA/Masks/mask_1043-r.png,BUS-BRA,unknown,test
BUS-BRA/BUSBRA/Images/bus_0025-r.png,BUS-BRA/BUSBRA/Masks/mask_0025-r.png,BUS-BRA,unknown,test
BUS-BRA/BUSBRA/Images/bus_0139-r.png,BUS-BRA/BUSBRA/Masks/mask_0139-r.png,BUS-BRA,unknown,test
BUS-BRA/BUSBRA/Images/bus_0655-l.png,BUS-BRA/BUSBRA/Masks/mask_0655-l.png,BUS-BRA,unknown,test
BUS-BRA/BUSBRA/Images/bus_0571-l.png,BUS-BRA/BUSBRA/Masks/mask_0571-l.png,BUS-BRA,unknown,test
BUS-BRA/BUSBRA/Images/bus_0990-l.png,BUS-BRA/BUSBRA/Masks/mask_0990-l.png,BUS-BRA,unknown,test
BUS-BRA/BUSBRA/Images/bus_0269-r.png,BUS-BRA/BUSBRA/Masks/mask_0269-r.png,BUS-BRA,unknown,test
BUS-BRA/BUSBRA/Images/bus_0037-s.png,BUS-BRA/BUSBRA/Masks/mask_0037-s.png,BUS-BRA,unknown,test
BUS-BRA/BUSBRA/Images/bus_0665-r.png,BUS-BRA/BUSBRA/Masks/mask_0665-r.png,BUS-BRA,unknown,test
BUS-BRA/BUSBRA/Images/bus_0767-s.png,BUS-BRA/BUSBRA/Masks/mask_0767-s.png,BUS-BRA,unknown,test
BUS-BRA/BUSBRA/Images/bus_0613-r.png,BUS-BRA/BUSBRA/Masks/mask_0613-r.png,BUS-BRA,unknown,test
BUS-BRA/BUSBRA/Images/bus_0914-r.png,BUS-BRA/BUSBRA/Masks/mask_0914-r.png,BUS-BRA,unknown,test
BUS-BRA/BUSBRA/Images/bus_0186-l.png,BUS-BRA/BUSBRA/Masks/mask_0186-l.png,BUS-BRA,unknown,test
BUS-BRA/BUSBRA/Images/bus_0849-l.png,BUS-BRA/BUSBRA/Masks/mask_0849-l.png,BUS-BRA,unknown,test
BUS-BRA/BUSBRA/Images/bus_0300-l.png,BUS-BRA/BUSBRA/Masks/mask_0300-l.png,BUS-BRA,unknown,test
BUS-BRA/BUSBRA/Images/bus_0962-r.png,BUS-BRA/BUSBRA/Masks/mask_0962-r.png,BUS-BRA,unknown,test
BUS-BRA/BUSBRA/Images/bus_0959-s.png,BUS-BRA/BUSBRA/Masks/mask_0959-s.png,BUS-BRA,unknown,test
BUS-BRA/BUSBRA/Images/bus_0678-s.png,BUS-BRA/BUSBRA/Masks/mask_0678-s.png,BUS-BRA,unknown,test
BUS-BRA/BUSBRA/Images/bus_0620-l.png,BUS-BRA/BUSBRA/Masks/mask_0620-l.png,BUS-BRA,unknown,test
BUS-BRA/BUSBRA/Images/bus_0414-r.png,BUS-BRA/BUSBRA/Masks/mask_0414-r.png,BUS-BRA,unknown,test
BUS-BRA/BUSBRA/Images/bus_0547-l.png,BUS-BRA/BUSBRA/Masks/mask_0547-l.png,BUS-BRA,unknown,test
BUS-BRA/BUSBRA/Images/bus_0490-l.png,BUS-BRA/BUSBRA/Masks/mask_0490-l.png,BUS-BRA,unknown,test
BUS-BRA/BUSBRA/Images/bus_0577-l.png,BUS-BRA/BUSBRA/Masks/mask_0577-l.png,BUS-BRA,unknown,test
BUS-BRA/BUSBRA/Images/bus_0647-l.png,BUS-BRA/BUSBRA/Masks/mask_0647-l.png,BUS-BRA,unknown,test
BUS-BRA/BUSBRA/Images/bus_0199-l.png,BUS-BRA/BUSBRA/Masks/mask_0199-l.png,BUS-BRA,unknown,test
BUS-BRA/BUSBRA/Images/bus_0379-l.png,BUS-BRA/BUSBRA/Masks/mask_0379-l.png,BUS-BRA,unknown,test
BUS-BRA/BUSBRA/Images/bus_0451-r.png,BUS-BRA/BUSBRA/Masks/mask_0451-r.png,BUS-BRA,unknown,test
BUS-BRA/BUSBRA/Images/bus_0707-s.png,BUS-BRA/BUSBRA/Masks/mask_0707-s.png,BUS-BRA,unknown,test
BUS-BRA/BUSBRA/Images/bus_0417-r.png,BUS-BRA/BUSBRA/Masks/mask_0417-r.png,BUS-BRA,unknown,test
BUS-BRA/BUSBRA/Images/bus_0157-l.png,BUS-BRA/BUSBRA/Masks/mask_0157-l.png,BUS-BRA,unknown,test
BUS-BRA/BUSBRA/Images/bus_0094-r.png,BUS-BRA/BUSBRA/Masks/mask_0094-r.png,BUS-BRA,unknown,test
BUS-BRA/BUSBRA/Images/bus_0691-s.png,BUS-BRA/BUSBRA/Masks/mask_0691-s.png,BUS-BRA,unknown,test
BUS-BRA/BUSBRA/Images/bus_0042-l.png,BUS-BRA/BUSBRA/Masks/mask_0042-l.png,BUS-BRA,unknown,test
BUS-BRA/BUSBRA/Images/bus_0922-r.png,BUS-BRA/BUSBRA/Masks/mask_0922-r.png,BUS-BRA,unknown,test
BUS-BRA/BUSBRA/Images/bus_1033-r.png,BUS-BRA/BUSBRA/Masks/mask_1033-r.png,BUS-BRA,unknown,test
BUS-BRA/BUSBRA/Images/bus_0698-s.png,BUS-BRA/BUSBRA/Masks/mask_0698-s.png,BUS-BRA,unknown,test
BUS-BRA/BUSBRA/Images/bus_0041-r.png,BUS-BRA/BUSBRA/Masks/mask_0041-r.png,BUS-BRA,unknown,test
BUS-BRA/BUSBRA/Images/bus_0254-l.png,BUS-BRA/BUSBRA/Masks/mask_0254-l.png,BUS-BRA,unknown,test
BUS-BRA/BUSBRA/Images/bus_0346-l.png,BUS-BRA/BUSBRA/Masks/mask_0346-l.png,BUS-BRA,unknown,test
BUS-BRA/BUSBRA/Images/bus_0447-l.png,BUS-BRA/BUSBRA/Masks/mask_0447-l.png,BUS-BRA,unknown,test
BUS-BRA/BUSBRA/Images/bus_0609-r.png,BUS-BRA/BUSBRA/Masks/mask_0609-r.png,BUS-BRA,unknown,test
BUS-BRA/BUSBRA/Images/bus_0211-r.png,BUS-BRA/BUSBRA/Masks/mask_0211-r.png,BUS-BRA,unknown,test
BUS-BRA/BUSBRA/Images/bus_0182-l.png,BUS-BRA/BUSBRA/Masks/mask_0182-l.png,BUS-BRA,unknown,test
BUS-BRA/BUSBRA/Images/bus_0369-l.png,BUS-BRA/BUSBRA/Masks/mask_0369-l.png,BUS-BRA,unknown,test
BUS-BRA/BUSBRA/Images/bus_0974-r.png,BUS-BRA/BUSBRA/Masks/mask_0974-r.png,BUS-BRA,unknown,test
BUS-BRA/BUSBRA/Images/bus_0981-r.png,BUS-BRA/BUSBRA/Masks/mask_0981-r.png,BUS-BRA,unknown,test
BUS-BRA/BUSBRA/Images/bus_0155-l.png,BUS-BRA/BUSBRA/Masks/mask_0155-l.png,BUS-BRA,unknown,test
BUS-BRA/BUSBRA/Images/bus_0585-l.png,BUS-BRA/BUSBRA/Masks/mask_0585-l.png,BUS-BRA,unknown,test
BUS-BRA/BUSBRA/Images/bus_0009-l.png,BUS-BRA/BUSBRA/Masks/mask_0009-l.png,BUS-BRA,unknown,test
BUS-BRA/BUSBRA/Images/bus_0291-r.png,BUS-BRA/BUSBRA/Masks/mask_0291-r.png,BUS-BRA,unknown,test
BUS-BRA/BUSBRA/Images/bus_0172-l.png,BUS-BRA/BUSBRA/Masks/mask_0172-l.png,BUS-BRA,unknown,test
BUS-BRA/BUSBRA/Images/bus_0804-s.png,BUS-BRA/BUSBRA/Masks/mask_0804-s.png,BUS-BRA,unknown,test
BUS-BRA/BUSBRA/Images/bus_0433-l.png,BUS-BRA/BUSBRA/Masks/mask_0433-l.png,BUS-BRA,unknown,test
BUS-BRA/BUSBRA/Images/bus_0491-r.png,BUS-BRA/BUSBRA/Masks/mask_0491-r.png,BUS-BRA,unknown,test
BUS-BRA/BUSBRA/Images/bus_0040-s.png,BUS-BRA/BUSBRA/Masks/mask_0040-s.png,BUS-BRA,unknown,test
BUS-BRA/BUSBRA/Images/bus_0363-r.png,BUS-BRA/BUSBRA/Masks/mask_0363-r.png,BUS-BRA,unknown,test
BUS-BRA/BUSBRA/Images/bus_0614-l.png,BUS-BRA/BUSBRA/Masks/mask_0614-l.png,BUS-BRA,unknown,test
BUS-BRA/BUSBRA/Images/bus_0634-r.png,BUS-BRA/BUSBRA/Masks/mask_0634-r.png,BUS-BRA,unknown,test
BUS-BRA/BUSBRA/Images/bus_0481-r.png,BUS-BRA/BUSBRA/Masks/mask_0481-r.png,BUS-BRA,unknown,test
BUS-BRA/BUSBRA/Images/bus_0504-l.png,BUS-BRA/BUSBRA/Masks/mask_0504-l.png,BUS-BRA,unknown,test
BUS-BRA/BUSBRA/Images/bus_0085-r.png,BUS-BRA/BUSBRA/Masks/mask_0085-r.png,BUS-BRA,unknown,test
BUS-BRA/BUSBRA/Images/bus_0225-l.png,BUS-BRA/BUSBRA/Masks/mask_0225-l.png,BUS-BRA,unknown,test
BUS-BRA/BUSBRA/Images/bus_0899-s.png,BUS-BRA/BUSBRA/Masks/mask_0899-s.png,BUS-BRA,unknown,test
BUS-BRA/BUSBRA/Images/bus_0461-r.png,BUS-BRA/BUSBRA/Masks/mask_0461-r.png,BUS-BRA,unknown,test
BUS-BRA/BUSBRA/Images/bus_0220-l.png,BUS-BRA/BUSBRA/Masks/mask_0220-l.png,BUS-BRA,unknown,test
BUS-BRA/BUSBRA/Images/bus_0204-l.png,BUS-BRA/BUSBRA/Masks/mask_0204-l.png,BUS-BRA,unknown,test
BUS-BRA/BUSBRA/Images/bus_0333-s.png,BUS-BRA/BUSBRA/Masks/mask_0333-s.png,BUS-BRA,unknown,test
BUS-BRA/BUSBRA/Images/bus_0156-r.png,BUS-BRA/BUSBRA/Masks/mask_0156-r.png,BUS-BRA,unknown,test
BUS-BRA/BUSBRA/Images/bus_0584-l.png,BUS-BRA/BUSBRA/Masks/mask_0584-l.png,BUS-BRA,unknown,test
BUS-BRA/BUSBRA/Images/bus_0438-l.png,BUS-BRA/BUSBRA/Masks/mask_0438-l.png,BUS-BRA,unknown,test
BUS-BRA/BUSBRA/Images/bus_0070-r.png,BUS-BRA/BUSBRA/Masks/mask_0070-r.png,BUS-BRA,unknown,test
BUS-BRA/BUSBRA/Images/bus_0887-l.png,BUS-BRA/BUSBRA/Masks/mask_0887-l.png,BUS-BRA,unknown,test
BUS-BRA/BUSBRA/Images/bus_0353-l.png,BUS-BRA/BUSBRA/Masks/mask_0353-l.png,BUS-BRA,unknown,test
BUS-BRA/BUSBRA/Images/bus_0257-l.png,BUS-BRA/BUSBRA/Masks/mask_0257-l.png,BUS-BRA,unknown,test
BUS-BRA/BUSBRA/Images/bus_0997-l.png,BUS-BRA/BUSBRA/Masks/mask_0997-l.png,BUS-BRA,unknown,test
BUS-BRA/BUSBRA/Images/bus_0523-l.png,BUS-BRA/BUSBRA/Masks/mask_0523-l.png,BUS-BRA,unknown,test
BUS-BRA/BUSBRA/Images/bus_0172-r.png,BUS-BRA/BUSBRA/Masks/mask_0172-r.png,BUS-BRA,unknown,test
BUS-BRA/BUSBRA/Images/bus_0673-r.png,BUS-BRA/BUSBRA/Masks/mask_0673-r.png,BUS-BRA,unknown,test
BUS-BRA/BUSBRA/Images/bus_0846-s.png,BUS-BRA/BUSBRA/Masks/mask_0846-s.png,BUS-BRA,unknown,test
BUS-BRA/BUSBRA/Images/bus_0724-s.png,BUS-BRA/BUSBRA/Masks/mask_0724-s.png,BUS-BRA,unknown,test
BUS-BRA/BUSBRA/Images/bus_0134-r.png,BUS-BRA/BUSBRA/Masks/mask_0134-r.png,BUS-BRA,unknown,test
BUS-BRA/BUSBRA/Images/bus_0516-l.png,BUS-BRA/BUSBRA/Masks/mask_0516-l.png,BUS-BRA,unknown,test
BUS-BRA/BUSBRA/Images/bus_0381-l.png,BUS-BRA/BUSBRA/Masks/mask_0381-l.png,BUS-BRA,unknown,test
BUS-BRA/BUSBRA/Images/bus_0461-l.png,BUS-BRA/BUSBRA/Masks/mask_0461-l.png,BUS-BRA,unknown,test
BUS-BRA/BUSBRA/Images/bus_0700-s.png,BUS-BRA/BUSBRA/Masks/mask_0700-s.png,BUS-BRA,unknown,test
BUS-BRA/BUSBRA/Images/bus_0582-r.png,BUS-BRA/BUSBRA/Masks/mask_0582-r.png,BUS-BRA,unknown,test
BUS-BRA/BUSBRA/Images/bus_0500-r.png,BUS-BRA/BUSBRA/Masks/mask_0500-r.png,BUS-BRA,unknown,test
BUS-BRA/BUSBRA/Images/bus_0428-r.png,BUS-BRA/BUSBRA/Masks/mask_0428-r.png,BUS-BRA,unknown,test
BUS-BRA/BUSBRA/Images/bus_0610-r.png,BUS-BRA/BUSBRA/Masks/mask_0610-r.png,BUS-BRA,unknown,test
BUS-BRA/BUSBRA/Images/bus_0019-r.png,BUS-BRA/BUSBRA/Masks/mask_0019-r.png,BUS-BRA,unknown,test
BUS-BRA/BUSBRA/Images/bus_0168-r.png,BUS-BRA/BUSBRA/Masks/mask_0168-r.png,BUS-BRA,unknown,test
BUS-BRA/BUSBRA/Images/bus_0264-l.png,BUS-BRA/BUSBRA/Masks/mask_0264-l.png,BUS-BRA,unknown,test
BUS-BRA/BUSBRA/Images/bus_0337-l.png,BUS-BRA/BUSBRA/Masks/mask_0337-l.png,BUS-BRA,unknown,test
BUS-BRA/BUSBRA/Images/bus_0660-r.png,BUS-BRA/BUSBRA/Masks/mask_0660-r.png,BUS-BRA,unknown,test
BUS-BRA/BUSBRA/Images/bus_0716-s.png,BUS-BRA/BUSBRA/Masks/mask_0716-s.png,BUS-BRA,unknown,test
BUS-BRA/BUSBRA/Images/bus_0298-r.png,BUS-BRA/BUSBRA/Masks/mask_0298-r.png,BUS-BRA,unknown,test
BUS-BRA/BUSBRA/Images/bus_0316-r.png,BUS-BRA/BUSBRA/Masks/mask_0316-r.png,BUS-BRA,unknown,test
BUS-BRA/BUSBRA/Images/bus_0434-l.png,BUS-BRA/BUSBRA/Masks/mask_0434-l.png,BUS-BRA,unknown,test
BUS-BRA/BUSBRA/Images/bus_0146-r.png,BUS-BRA/BUSBRA/Masks/mask_0146-r.png,BUS-BRA,unknown,test
BUS-BRA/BUSBRA/Images/bus_0480-r.png,BUS-BRA/BUSBRA/Masks/mask_0480-r.png,BUS-BRA,unknown,test
BUS-BRA/BUSBRA/Images/bus_0285-r.png,BUS-BRA/BUSBRA/Masks/mask_0285-r.png,BUS-BRA,unknown,test
BUS-BRA/BUSBRA/Images/bus_1028-r.png,BUS-BRA/BUSBRA/Masks/mask_1028-r.png,BUS-BRA,unknown,test
BUS-BRA/BUSBRA/Images/bus_0401-l.png,BUS-BRA/BUSBRA/Masks/mask_0401-l.png,BUS-BRA,unknown,test
BUS-BRA/BUSBRA/Images/bus_0289-r.png,BUS-BRA/BUSBRA/Masks/mask_0289-r.png,BUS-BRA,unknown,test
BUS-BRA/BUSBRA/Images/bus_0017-s.png,BUS-BRA/BUSBRA/Masks/mask_0017-s.png,BUS-BRA,unknown,test
BUS-BRA/BUSBRA/Images/bus_1045-l.png,BUS-BRA/BUSBRA/Masks/mask_1045-l.png,BUS-BRA,unknown,test
BUS-BRA/BUSBRA/Images/bus_0889-l.png,BUS-BRA/BUSBRA/Masks/mask_0889-l.png,BUS-BRA,unknown,test
BUS-BRA/BUSBRA/Images/bus_1034-l.png,BUS-BRA/BUSBRA/Masks/mask_1034-l.png,BUS-BRA,unknown,test
BUS-BRA/BUSBRA/Images/bus_0408-r.png,BUS-BRA/BUSBRA/Masks/mask_0408-r.png,BUS-BRA,unknown,test
BUS-BRA/BUSBRA/Images/bus_0226-r.png,BUS-BRA/BUSBRA/Masks/mask_0226-r.png,BUS-BRA,unknown,test
BUS-BRA/BUSBRA/Images/bus_0195-r.png,BUS-BRA/BUSBRA/Masks/mask_0195-r.png,BUS-BRA,unknown,test
BUS-BRA/BUSBRA/Images/bus_0282-l.png,BUS-BRA/BUSBRA/Masks/mask_0282-l.png,BUS-BRA,unknown,test
BUS-BRA/BUSBRA/Images/bus_0874-r.png,BUS-BRA/BUSBRA/Masks/mask_0874-r.png,BUS-BRA,unknown,test
BUS-BRA/BUSBRA/Images/bus_0568-r.png,BUS-BRA/BUSBRA/Masks/mask_0568-r.png,BUS-BRA,unknown,test
BUS-BRA/BUSBRA/Images/bus_0774-s.png,BUS-BRA/BUSBRA/Masks/mask_0774-s.png,BUS-BRA,unknown,test
BUS-BRA/BUSBRA/Images/bus_0802-s.png,BUS-BRA/BUSBRA/Masks/mask_0802-s.png,BUS-BRA,unknown,test
BUS-BRA/BUSBRA/Images/bus_0522-r.png,BUS-BRA/BUSBRA/Masks/mask_0522-r.png,BUS-BRA,unknown,test
BUS-BRA/BUSBRA/Images/bus_1003-r.png,BUS-BRA/BUSBRA/Masks/mask_1003-r.png,BUS-BRA,unknown,test
BUS-BRA/BUSBRA/Images/bus_0223-r.png,BUS-BRA/BUSBRA/Masks/mask_0223-r.png,BUS-BRA,unknown,test
BUS-BRA/BUSBRA/Images/bus_0336-s.png,BUS-BRA/BUSBRA/Masks/mask_0336-s.png,BUS-BRA,unknown,test
BUS-BRA/BUSBRA/Images/bus_0318-l.png,BUS-BRA/BUSBRA/Masks/mask_0318-l.png,BUS-BRA,unknown,test
BUS-BRA/BUSBRA/Images/bus_0495-l.png,BUS-BRA/BUSBRA/Masks/mask_0495-l.png,BUS-BRA,unknown,test
BUS-BRA/BUSBRA/Images/bus_0112-r.png,BUS-BRA/BUSBRA/Masks/mask_0112-r.png,BUS-BRA,unknown,test
BUS-BRA/BUSBRA/Images/bus_0574-l.png,BUS-BRA/BUSBRA/Masks/mask_0574-l.png,BUS-BRA,unknown,test
BUS-BRA/BUSBRA/Images/bus_1002-r.png,BUS-BRA/BUSBRA/Masks/mask_1002-r.png,BUS-BRA,unknown,test
BUS-BRA/BUSBRA/Images/bus_0722-s.png,BUS-BRA/BUSBRA/Masks/mask_0722-s.png,BUS-BRA,unknown,test
BUS-BRA/BUSBRA/Images/bus_0885-r.png,BUS-BRA/BUSBRA/Masks/mask_0885-r.png,BUS-BRA,unknown,test
BUS-BRA/BUSBRA/Images/bus_0785-s.png,BUS-BRA/BUSBRA/Masks/mask_0785-s.png,BUS-BRA,unknown,test
BUS-BRA/BUSBRA/Images/bus_0625-l.png,BUS-BRA/BUSBRA/Masks/mask_0625-l.png,BUS-BRA,unknown,test
BUS-BRA/BUSBRA/Images/bus_0098-l.png,BUS-BRA/BUSBRA/Masks/mask_0098-l.png,BUS-BRA,unknown,test
BUS-BRA/BUSBRA/Images/bus_0511-r.png,BUS-BRA/BUSBRA/Masks/mask_0511-r.png,BUS-BRA,unknown,test
BUS-BRA/BUSBRA/Images/bus_1020-l.png,BUS-BRA/BUSBRA/Masks/mask_1020-l.png,BUS-BRA,unknown,test
BUS-BRA/BUSBRA/Images/bus_0518-l.png,BUS-BRA/BUSBRA/Masks/mask_0518-l.png,BUS-BRA,unknown,test
BUS-BRA/BUSBRA/Images/bus_0349-r.png,BUS-BRA/BUSBRA/Masks/mask_0349-r.png,BUS-BRA,unknown,test
BUS-BRA/BUSBRA/Images/bus_0865-l.png,BUS-BRA/BUSBRA/Masks/mask_0865-l.png,BUS-BRA,unknown,test
BUS-BRA/BUSBRA/Images/bus_0904-r.png,BUS-BRA/BUSBRA/Masks/mask_0904-r.png,BUS-BRA,unknown,test
BUS-BRA/BUSBRA/Images/bus_0907-l.png,BUS-BRA/BUSBRA/Masks/mask_0907-l.png,BUS-BRA,unknown,test
BUS-BRA/BUSBRA/Images/bus_0745-s.png,BUS-BRA/BUSBRA/Masks/mask_0745-s.png,BUS-BRA,unknown,test
BUS-BRA/BUSBRA/Images/bus_0973-r.png,BUS-BRA/BUSBRA/Masks/mask_0973-r.png,BUS-BRA,unknown,test
BUS-BRA/BUSBRA/Images/bus_0852-s.png,BUS-BRA/BUSBRA/Masks/mask_0852-s.png,BUS-BRA,unknown,test
BUS-BRA/BUSBRA/Images/bus_0323-s.png,BUS-BRA/BUSBRA/Masks/mask_0323-s.png,BUS-BRA,unknown,test
BUS-BRA/BUSBRA/Images/bus_0081-s.png,BUS-BRA/BUSBRA/Masks/mask_0081-s.png,BUS-BRA,unknown,test
BUS-BRA/BUSBRA/Images/bus_0035-l.png,BUS-BRA/BUSBRA/Masks/mask_0035-l.png,BUS-BRA,unknown,test
BUS-BRA/BUSBRA/Images/bus_0287-r.png,BUS-BRA/BUSBRA/Masks/mask_0287-r.png,BUS-BRA,unknown,test
BUS-BRA/BUSBRA/Images/bus_0823-s.png,BUS-BRA/BUSBRA/Masks/mask_0823-s.png,BUS-BRA,unknown,test
BUS-BRA/BUSBRA/Images/bus_0940-s.png,BUS-BRA/BUSBRA/Masks/mask_0940-s.png,BUS-BRA,unknown,test
BUS-BRA/BUSBRA/Images/bus_0203-r.png,BUS-BRA/BUSBRA/Masks/mask_0203-r.png,BUS-BRA,unknown,test
BUS-BRA/BUSBRA/Images/bus_1059-r.png,BUS-BRA/BUSBRA/Masks/mask_1059-r.png,BUS-BRA,unknown,test
BUS-BRA/BUSBRA/Images/bus_0185-r.png,BUS-BRA/BUSBRA/Masks/mask_0185-r.png,BUS-BRA,unknown,test
BUS-BRA/BUSBRA/Images/bus_0448-r.png,BUS-BRA/BUSBRA/Masks/mask_0448-r.png,BUS-BRA,unknown,test
BUS-BRA/BUSBRA/Images/bus_0641-r.png,BUS-BRA/BUSBRA/Masks/mask_0641-r.png,BUS-BRA,unknown,test
BUS-BRA/BUSBRA/Images/bus_0560-r.png,BUS-BRA/BUSBRA/Masks/mask_0560-r.png,BUS-BRA,unknown,test
BUS-BRA/BUSBRA/Images/bus_0064-s.png,BUS-BRA/BUSBRA/Masks/mask_0064-s.png,BUS-BRA,unknown,test
BUS-BRA/BUSBRA/Images/bus_0270-r.png,BUS-BRA/BUSBRA/Masks/mask_0270-r.png,BUS-BRA,unknown,test
BUS-BRA/BUSBRA/Images/bus_0616-r.png,BUS-BRA/BUSBRA/Masks/mask_0616-r.png,BUS-BRA,unknown,test
BUS-BRA/BUSBRA/Images/bus_0896-l.png,BUS-BRA/BUSBRA/Masks/mask_0896-l.png,BUS-BRA,unknown,test
BUS-BRA/BUSBRA/Images/bus_0107-r.png,BUS-BRA/BUSBRA/Masks/mask_0107-r.png,BUS-BRA,unknown,test
BUS-BRA/BUSBRA/Images/bus_0046-r.png,BUS-BRA/BUSBRA/Masks/mask_0046-r.png,BUS-BRA,unknown,test
BUS-BRA/BUSBRA/Images/bus_0977-r.png,BUS-BRA/BUSBRA/Masks/mask_0977-r.png,BUS-BRA,unknown,test
BUS-BRA/BUSBRA/Images/bus_0686-s.png,BUS-BRA/BUSBRA/Masks/mask_0686-s.png,BUS-BRA,unknown,test
BUS-BRA/BUSBRA/Images/bus_0114-s.png,BUS-BRA/BUSBRA/Masks/mask_0114-s.png,BUS-BRA,unknown,test
BUS-BRA/BUSBRA/Images/bus_0529-r.png,BUS-BRA/BUSBRA/Masks/mask_0529-r.png,BUS-BRA,unknown,test
BUS-BRA/BUSBRA/Images/bus_0856-l.png,BUS-BRA/BUSBRA/Masks/mask_0856-l.png,BUS-BRA,unknown,test
BUS-BRA/BUSBRA/Images/bus_0817-s.png,BUS-BRA/BUSBRA/Masks/mask_0817-s.png,BUS-BRA,unknown,test
BUS-BRA/BUSBRA/Images/bus_0264-r.png,BUS-BRA/BUSBRA/Masks/mask_0264-r.png,BUS-BRA,unknown,test
BUS-BRA/BUSBRA/Images/bus_0168-l.png,BUS-BRA/BUSBRA/Masks/mask_0168-l.png,BUS-BRA,unknown,test
BUS-BRA/BUSBRA/Images/bus_0058-r.png,BUS-BRA/BUSBRA/Masks/mask_0058-r.png,BUS-BRA,unknown,test
BUS-BRA/BUSBRA/Images/bus_0422-r.png,BUS-BRA/BUSBRA/Masks/mask_0422-r.png,BUS-BRA,unknown,test
BUS-BRA/BUSBRA/Images/bus_0196-l.png,BUS-BRA/BUSBRA/Masks/mask_0196-l.png,BUS-BRA,unknown,test
BUS-BRA/BUSBRA/Images/bus_0996-r.png,BUS-BRA/BUSBRA/Masks/mask_0996-r.png,BUS-BRA,unknown,test
BUS-BRA/BUSBRA/Images/bus_0906-r.png,BUS-BRA/BUSBRA/Masks/mask_0906-r.png,BUS-BRA,unknown,test
BUS-BRA/BUSBRA/Images/bus_0399-r.png,BUS-BRA/BUSBRA/Masks/mask_0399-r.png,BUS-BRA,unknown,test
BUS-BRA/BUSBRA/Images/bus_0919-r.png,BUS-BRA/BUSBRA/Masks/mask_0919-r.png,BUS-BRA,unknown,test
BUS-BRA/BUSBRA/Images/bus_0542-r.png,BUS-BRA/BUSBRA/Masks/mask_0542-r.png,BUS-BRA,unknown,test
BUS-BRA/BUSBRA/Images/bus_0109-s.png,BUS-BRA/BUSBRA/Masks/mask_0109-s.png,BUS-BRA,unknown,test
BUS-BRA/BUSBRA/Images/bus_0822-s.png,BUS-BRA/BUSBRA/Masks/mask_0822-s.png,BUS-BRA,unknown,test
BUS-BRA/BUSBRA/Images/bus_0137-l.png,BUS-BRA/BUSBRA/Masks/mask_0137-l.png,BUS-BRA,unknown,test
BUS-BRA/BUSBRA/Images/bus_0197-l.png,BUS-BRA/BUSBRA/Masks/mask_0197-l.png,BUS-BRA,unknown,test
BUS-BRA/BUSBRA/Images/bus_1051-l.png,BUS-BRA/BUSBRA/Masks/mask_1051-l.png,BUS-BRA,unknown,test
BUS-BRA/BUSBRA/Images/bus_0827-s.png,BUS-BRA/BUSBRA/Masks/mask_0827-s.png,BUS-BRA,unknown,test
BUS-BRA/BUSBRA/Images/bus_0980-r.png,BUS-BRA/BUSBRA/Masks/mask_0980-r.png,BUS-BRA,unknown,test
BUS-BRA/BUSBRA/Images/bus_0411-r.png,BUS-BRA/BUSBRA/Masks/mask_0411-r.png,BUS-BRA,unknown,test
BUS-BRA/BUSBRA/Images/bus_0872-l.png,BUS-BRA/BUSBRA/Masks/mask_0872-l.png,BUS-BRA,unknown,test
BUS-BRA/BUSBRA/Images/bus_0320-r.png,BUS-BRA/BUSBRA/Masks/mask_0320-r.png,BUS-BRA,unknown,test
BUS-BRA/BUSBRA/Images/bus_0149-l.png,BUS-BRA/BUSBRA/Masks/mask_0149-l.png,BUS-BRA,unknown,test
BUS-BRA/BUSBRA/Images/bus_1014-r.png,BUS-BRA/BUSBRA/Masks/mask_1014-r.png,BUS-BRA,unknown,test
BUS-BRA/BUSBRA/Images/bus_0469-r.png,BUS-BRA/BUSBRA/Masks/mask_0469-r.png,BUS-BRA,unknown,test
BUS-BRA/BUSBRA/Images/bus_0241-l.png,BUS-BRA/BUSBRA/Masks/mask_0241-l.png,BUS-BRA,unknown,test
BUS-BRA/BUSBRA/Images/bus_0896-r.png,BUS-BRA/BUSBRA/Masks/mask_0896-r.png,BUS-BRA,unknown,test
BUS-BRA/BUSBRA/Images/bus_0287-l.png,BUS-BRA/BUSBRA/Masks/mask_0287-l.png,BUS-BRA,unknown,test
BUS-BRA/BUSBRA/Images/bus_0432-l.png,BUS-BRA/BUSBRA/Masks/mask_0432-l.png,BUS-BRA,unknown,test
BUS-BRA/BUSBRA/Images/bus_0236-l.png,BUS-BRA/BUSBRA/Masks/mask_0236-l.png,BUS-BRA,unknown,test
BUS-BRA/BUSBRA/Images/bus_0494-r.png,BUS-BRA/BUSBRA/Masks/mask_0494-r.png,BUS-BRA,unknown,test
BUS-BRA/BUSBRA/Images/bus_0977-l.png,BUS-BRA/BUSBRA/Masks/mask_0977-l.png,BUS-BRA,unknown,test
BUS-BRA/BUSBRA/Images/bus_0201-s.png,BUS-BRA/BUSBRA/Masks/mask_0201-s.png,BUS-BRA,unknown,test
BUS-BRA/BUSBRA/Images/bus_0316-l.png,BUS-BRA/BUSBRA/Masks/mask_0316-l.png,BUS-BRA,unknown,test
BUS-BRA/BUSBRA/Images/bus_0888-l.png,BUS-BRA/BUSBRA/Masks/mask_0888-l.png,BUS-BRA,unknown,test
BUS-BRA/BUSBRA/Images/bus_0297-l.png,BUS-BRA/BUSBRA/Masks/mask_0297-l.png,BUS-BRA,unknown,test
BUS-BRA/BUSBRA/Images/bus_0863-l.png,BUS-BRA/BUSBRA/Masks/mask_0863-l.png,BUS-BRA,unknown,test
BUS-BRA/BUSBRA/Images/bus_0929-l.png,BUS-BRA/BUSBRA/Masks/mask_0929-l.png,BUS-BRA,unknown,test
BUS-BRA/BUSBRA/Images/bus_0936-r.png,BUS-BRA/BUSBRA/Masks/mask_0936-r.png,BUS-BRA,unknown,test
BUS-BRA/BUSBRA/Images/bus_0382-r.png,BUS-BRA/BUSBRA/Masks/mask_0382-r.png,BUS-BRA,unknown,test
BUS-BRA/BUSBRA/Images/bus_0499-l.png,BUS-BRA/BUSBRA/Masks/mask_0499-l.png,BUS-BRA,unknown,test
BUS-BRA/BUSBRA/Images/bus_0726-s.png,BUS-BRA/BUSBRA/Masks/mask_0726-s.png,BUS-BRA,unknown,test
BUS-BRA/BUSBRA/Images/bus_0993-r.png,BUS-BRA/BUSBRA/Masks/mask_0993-r.png,BUS-BRA,unknown,test
BUS-BRA/BUSBRA/Images/bus_0177-r.png,BUS-BRA/BUSBRA/Masks/mask_0177-r.png,BUS-BRA,unknown,test
BUS-BRA/BUSBRA/Images/bus_0647-r.png,BUS-BRA/BUSBRA/Masks/mask_0647-r.png,BUS-BRA,unknown,test
BUS-BRA/BUSBRA/Images/bus_0269-l.png,BUS-BRA/BUSBRA/Masks/mask_0269-l.png,BUS-BRA,unknown,test
BUS-BRA/BUSBRA/Images/bus_0240-r.png,BUS-BRA/BUSBRA/Masks/mask_0240-r.png,BUS-BRA,unknown,test
BUS-BRA/BUSBRA/Images/bus_0441-l.png,BUS-BRA/BUSBRA/Masks/mask_0441-l.png,BUS-BRA,unknown,test
BUS-BRA/BUSBRA/Images/bus_0231-l.png,BUS-BRA/BUSBRA/Masks/mask_0231-l.png,BUS-BRA,unknown,test
BUS-BRA/BUSBRA/Images/bus_0983-l.png,BUS-BRA/BUSBRA/Masks/mask_0983-l.png,BUS-BRA,unknown,test
BUS-BRA/BUSBRA/Images/bus_0045-r.png,BUS-BRA/BUSBRA/Masks/mask_0045-r.png,BUS-BRA,unknown,test
BUS-BRA/BUSBRA/Images/bus_0515-r.png,BUS-BRA/BUSBRA/Masks/mask_0515-r.png,BUS-BRA,unknown,test
BUS-BRA/BUSBRA/Images/bus_0100-r.png,BUS-BRA/BUSBRA/Masks/mask_0100-r.png,BUS-BRA,unknown,test
BUS-BRA/BUSBRA/Images/bus_0381-r.png,BUS-BRA/BUSBRA/Masks/mask_0381-r.png,BUS-BRA,unknown,test
BUS-BRA/BUSBRA/Images/bus_0534-l.png,BUS-BRA/BUSBRA/Masks/mask_0534-l.png,BUS-BRA,unknown,test
BUS-BRA/BUSBRA/Images/bus_0173-l.png,BUS-BRA/BUSBRA/Masks/mask_0173-l.png,BUS-BRA,unknown,test
BUS-BRA/BUSBRA/Images/bus_0234-r.png,BUS-BRA/BUSBRA/Masks/mask_0234-r.png,BUS-BRA,unknown,test
BUS-BRA/BUSBRA/Images/bus_0956-l.png,BUS-BRA/BUSBRA/Masks/mask_0956-l.png,BUS-BRA,unknown,test
BUS-BRA/BUSBRA/Images/bus_0619-r.png,BUS-BRA/BUSBRA/Masks/mask_0619-r.png,BUS-BRA,unknown,test
BUS-BRA/BUSBRA/Images/bus_0445-l.png,BUS-BRA/BUSBRA/Masks/mask_0445-l.png,BUS-BRA,unknown,test
BUS-BRA/BUSBRA/Images/bus_0460-l.png,BUS-BRA/BUSBRA/Masks/mask_0460-l.png,BUS-BRA,unknown,test
BUS-BRA/BUSBRA/Images/bus_0430-l.png,BUS-BRA/BUSBRA/Masks/mask_0430-l.png,BUS-BRA,unknown,test
BUS-BRA/BUSBRA/Images/bus_0028-r.png,BUS-BRA/BUSBRA/Masks/mask_0028-r.png,BUS-BRA,unknown,test
BUS-BRA/BUSBRA/Images/bus_0842-s.png,BUS-BRA/BUSBRA/Masks/mask_0842-s.png,BUS-BRA,unknown,test
BUS-BRA/BUSBRA/Images/bus_0902-r.png,BUS-BRA/BUSBRA/Masks/mask_0902-r.png,BUS-BRA,unknown,test
BUS-BRA/BUSBRA/Images/bus_0591-l.png,BUS-BRA/BUSBRA/Masks/mask_0591-l.png,BUS-BRA,unknown,test
BUS-BRA/BUSBRA/Images/bus_0101-r.png,BUS-BRA/BUSBRA/Masks/mask_0101-r.png,BUS-BRA,unknown,test
BUS-BRA/BUSBRA/Images/bus_0547-r.png,BUS-BRA/BUSBRA/Masks/mask_0547-r.png,BUS-BRA,unknown,test
BUS-BRA/BUSBRA/Images/bus_0831-s.png,BUS-BRA/BUSBRA/Masks/mask_0831-s.png,BUS-BRA,unknown,test
BUS-BRA/BUSBRA/Images/bus_0630-l.png,BUS-BRA/BUSBRA/Masks/mask_0630-l.png,BUS-BRA,unknown,test
BUS-BRA/BUSBRA/Images/bus_0180-r.png,BUS-BRA/BUSBRA/Masks/mask_0180-r.png,BUS-BRA,unknown,test
BUS-BRA/BUSBRA/Images/bus_1008-r.png,BUS-BRA/BUSBRA/Masks/mask_1008-r.png,BUS-BRA,unknown,test
BUS-BRA/BUSBRA/Images/bus_1026-r.png,BUS-BRA/BUSBRA/Masks/mask_1026-r.png,BUS-BRA,unknown,test
